image,Text,Label,Hate Categories,Targeted Groups
meme_1.jpg,"ভাবি আজ পর্যন্ত আপনি কতজনেরটা নিয়েছেন?
এই ধরুন 4-5, 2 এই গ্রামে আর 2 ওই গ্রামে।
কিন্তু যে মজা নিজের রাজুতে, সেটা কারো মধ্যে নেই!",Non Hate,,
meme_2.jpg,"চাকরিটা আমি পেয়ে গেছি বেলা শুনছো?
তুমি ফোনটা রাখো, এখন স্বামীকে নিয়ে ব্যাঙ্কে যাবো পেনশনের টাকা তুলতে",Non Hate,,
meme_3.jpg,"দাদু, কনডম কী ?
আমি জানি না
আমি জানি দাদু, তুমি জানো না। আজ তুমি জানলে পড়ে তোমার সম্পত্তির 14 টা ভাগ হতো না",Hate,Personal Offence,Community
meme_4.jpg,খেয়ে ছেড়ে দেবে না তো? না! রেখে রেখে সারাজীবন খাবো,Non Hate,,
meme_5.jpg,জানো পিছন থেকে দেখেই আমি তোমাকে চিনে ফেলেছিলাম কীভাবে?কারণ তোমার পোদ চুলকানোর অভ্যাস যে এখনো যায়নি,Hate,Abusive,Individual
meme_6.jpg,"আম্মু আমার কোন হাতটা বড়?
কেন বাবু তোমার দুটো হাত-ই সমান!!
তাহলে স্কুলের Mem যে বললো কাল বড় হাতের ABCD লিখে আনতে?",Non Hate,,
meme_7.jpg,তোমাকে না একটা জিনিস আনতে বলেছি এনেছো হ্যাঁ এনেছি এই নেওওইটা আমার লাগবে না তোমারি লাগবে,Non Hate,,
meme_8.jpg,তোমার সাথে আমারেই মানাইতো কিন্তু তোমার তো চয়েস ভালো না ,Non Hate,,
meme_9.jpg,"বউ, নতুন চাল কেমন? একদম আপনার ছেলের মতো। কীভাবে? উঠতেই সেদ্ধ হয়ে যায় আর জল ছেড়ে দেয়, সঙ্গে সঙ্গেই নামাতে হয়!",Hate,Personal Offence,Individual
meme_10.jpg,পাড়ার লোকজন আমার উন্নতি,Non Hate,,
meme_11.jpg,"চা করি? করো! আদা দেবো? Love দাও! con গোলমরিচ দেবো? হ্যাঁ, দাও! তুলসী পাতা দেই? শুনেছি খুব উপকারী! সঙ্গে পেঁয়াজ, লঙ্কা, জিরে সব দাও। ভাত দিয়ে খেয়ে নেবো।",Non Hate,,
meme_12.jpg,"কাকে বিশ্বাস করবো, নিজের মা সকাল ৮ টায় ডাক দিয়ে বলে ১১ টা বাজে! ",Non Hate,,
meme_13.jpg,"শিক্ষক: ঘামাচি কাকে বলে?
ছাত্রী: ঘামের বাচ্চাকে ঘামাচি বলে স্যার।
শিক্ষক: হতচ্ছাড়া এই শিখেছো
ছাত্রী:কেনো স্যার, ব্যাঙের বাচ্চা কে যদি ব্যাঙাচি বলে, তাহলে এটা হবেনা কেনো?",Hate,Abusive,Individual
meme_14.jpg,পৃথিবীর এমন কোনো জায়গা নেই যেখানে আমি যাইনি কোনো দিন শ্বশুর বাড়ি গিয়েছিস,Hate,Personal Offence,Individual
meme_15.jpg,"এই রাখো রাখো, বৌদি খুব চেঁচাচ্ছে তোমার দাদা তো খুব দুষ্টু. আরে গান্ডু, আমায় খাবার খেতে ডাকছে",Hate,Abusive,Individual
meme_16.jpg,সারাদিন ফোন না একটু পড়াশোনাও তো করতে পারিস Me পড়িতো মা! কোথায় পড়িস?? কি পড়িস? GF এর ম্যাসেজ,Non Hate,,
meme_17.jpg,"ডার্লিং, তুমি জাঙ্গিয়া কেন পর না.? আমি নিজের স্বামীকে কথা দিয়েছি যে..শুধু ওর ছাড়া কারো সামনে নিজের জাঙ্গিয়া খুলবো না ।।",Hate,Personal Offence,Individual
meme_18.jpg,আমার ছেলেকে তুই বেবি বলে ডাকিস কেন? ছেলে আপনার কিন্তু বাচ্চা আমার কেনো তুই জন্ম দিয়েছিস তাকে? না কিন্তু দুধ তো আমিও খাওয়াই ওকে ...,Hate,Personal Offence,Individual
meme_19.jpg,"বাবু গাড়ি থামাও, করবো আরে গাড়িতে কিভাবে করবো আমি করার কথা বলেছি",Hate,Abusive,Individual
meme_20.jpg,"আজ শনিবার, এর মানে কি বুঝতে পারছো দয়া? না, কি স্যার? এর মানে কাল রবিবার।",Non Hate,,
meme_21.jpg,"শুনছো, জানালায় একটা পর্দা লাগাতে হবে.. কেনো? কি হয়েছে? পাশের বাড়ির ছেলেটা আজকাল খুব ঝাড়ি মারছে.. একদিন ভালো করে দর্শন দিও, জীবনে আর ফিরে তাকাবে না",Non Hate,,
meme_22.jpg,"চলো না, আমি তোমারটা খাই, তুমি আমারটা T কিসব উল্টোপাল্টা বকছো ! আরে, আমিতো লুডোর ঘুঁটির কথা বলছিলাম",Non Hate,,
meme_23.jpg,আর একবার হবে নাকি? আরো একবার করতে হলে ওটার জায়গায় আমার আত্মা বেরিয়ে আসবে,Non Hate,,
meme_24.jpg,বাসা কোথায়? ব্রাহ্মণবাড়িয়া সত্যিইই? হ্যা... বানান করো... আমরা এখন ঢাকা থাকি,Non Hate,,
meme_25.jpg,সত্যিকারের ভালোবাসা থাকলে আর কি চাই? একটা খালি রুম,Non Hate,,
meme_26.jpg,নদী ভরা ঢেউ ভালোবেসে ললিপপ দিল না তো কেউ...,Non Hate,,
meme_27.jpg,"বস, আমাকে রোজ কত ঘণ্টা বসতে হবে? তুমি নিজেই ভাবো যে আমার পাশের কেবিনে... 10 ঘণ্টা বসবে নাকি আমার ঘণ্টায় বসবা 10 মিনিট?",Non Hate,,
meme_28.jpg,আরেকবার খেলা হয়ে যাক.... আর হবে না.... পেট্রোল শেষ,Non Hate,,
meme_29.jpg,"এই রাখো রাখো, বৌদি খুব চেঁচাচ্ছে তোমার দাদা খুর দুষ্টু আরে গুন্ডু, আমায় খাবার খেতে ডাকছে",Hate,Abusive,Individual
meme_30.jpg,"কি রে বান্ধবী তোর ফুলশয্যা কেমন কাটলো? আর বলিস না, প্রথমে কয়েকবার মিসকল দিল, তারপর যখন কল ঢুকলো তখন ব্যালেন্স শেষ..!",Non Hate,,
meme_31.jpg,পিংকি কে বিয়ে করছি বাসর রাতে দেখি তার সব কালো,Hate,Personal Offence,Individual
meme_32.jpg,"বাথরুমে গাজর কেনো পরে আছে? তুমি যে শ্যাম্পু ফেলে আসো, আমি তখন কিছু বলি?",Non Hate,,
meme_33.jpg,"কেমন চলছে চাকরিওয়াল জীবন...? অনেক বেকার, পুরোদিন 'Yes Sir' করতে থাকি আর... পুরোরাত ""Ohh Yeah Sir"" করতে থেকে যায়।।",Non Hate,,
meme_34.jpg,GF : Bye আম্মু চিলাইতাছে BF : আব্বুকে বলো আস্তে দিতে,Non Hate,,
meme_35.jpg,"ম্যাডাম, আপনি কি প্রেগন্যান্ট? দেখবেন আপনার প্রথম সন্তান ছেলে হবে আচ্ছা, তুমি কি করে জানলে যে ছেলে হবে?? গতকাল তুমি চেয়ারের উপরে পা তুলে বসে ছিলে, তখন আমি বাচ্চাটার মোচ দেখতে পেয়েছিলাম",Hate,Personal Offence,Individual
meme_36.jpg,ভাই আপনিতো Black লাভার তাহলে বিড়াল কেন গোলাপি চান...,Non Hate,,
meme_37.jpg,"তুমিতো পড়াশুনায় একেবারে দুর্বল
তোমার বয়সে আমি এর থেকে অনেক কঠিন কঠিন অঙ্কের সমাধান করে দিতাম
আপনি ভালো টিচার পেয়ে গেলেন সবার ভাগ্য এত ভালো নয়",Hate,Personal Offence,Individual
meme_38.jpg,সব-ই মোটামুটি  শুধু সানগ্লাস পরে পাড়া থেকে হাঁটতে পারিনা ,Non Hate,,
meme_39.jpg,"কোথায় যেন দেখেছি আল্লাহ, মনে যেন না পরে আমি তার বন্ধুর এক্স ছিলাম",Non Hate,,
meme_40.jpg,বাস কন্ডাক্টর: দেখি দিদি আপনারটা মহিলা: নামার আগে দেবো ,Non Hate,,
meme_41.jpg,"বলো আমার জান বসন্তী, মজা পেয়েছ? অনেক মজা পেলাম কুত্তা, আলো জ্বালিয়ে দেখে... আমি বসন্তী না, তোমার মাসি।",Hate,Abusive,Individual
meme_42.jpg,"কিরে কাল একটা ছেলের সাথে তোকে দেখলাম BF নাকি? আপনাকেও সকালে একটা মাছ ওয়ালার সাথে দেখলাম, affair নাকি? শুয়ো.......",Hate,Abusive,Individual
meme_43.jpg,তোমার নাকি বিয়ে ঠিক হয়েছে... তা ছেলে কি করে?  আপনার সাথে কাকু রাতে যা করে,Non Hate,,
meme_44.jpg,আমি তোমার বমি বমি ভাবের কারণ হতে চাই  তোমাকে দেখলে আমার এমনি তেই বমি পায়,Hate,Personal Offence,Individual
meme_45.jpg,"বৌমা, সংসার সুখী হয় রমনীর গুণে. থাক মা, আপনার ছেলের টা প্রতি রাতে মুখে নিতে হবে এইটা বললেই তো হয়",Hate,Abusive,Community
meme_46.jpg,"কি রে বান্ধবী তোর ফুলশয্যা কেমন কাটলো? আর বলিস না, প্রথমে কয়েকবার মিসকল দিল, তারপর যখন কল ঢুকলো তখন ব্যালেন্স শেষ..!",Non Hate,,
meme_47.jpg,ওই ওঠ ... এটা লেডিস সিট ফেসবুকে আমার নাম এঞ্জেল প্রিয়া,Non Hate,,
meme_48.jpg," আমি আপনার মেয়ের হাত চাইতে এসেছি সোনাই সোনাই সোলাই সোনাই সোদা সোমাই সোনাই সেচনাই সোন কেন? কারণ, সিঙ্গেল থাকতে থাকতে আমার হাত ব্যাথা হয়ে গেছে",Non Hate,,
meme_49.jpg,"হ্যাঁ তো বাচ্চারা, কালকে আমি কোথায় ছিলাম?? ""ম্যাডাম"", কালকে আপনি ..গণিত এর স্যারের সঙ্গে গ্রন্থাগারে শুয়ে ছিলেন।।",Hate,Abusive,Individual
meme_50.jpg,"GF : Bye আম্মু চিলাইতাছে
BF : আব্বুকে বলো আস্তে দিতে",Non Hate,,
meme_51.jpg,হাতি আকাশে উড়তে পারে হ্যা ঠিক বলেছো পাখি আকাশে উড়ে কোনো প্রমান আছে?,Hate,Personal Offence,Individual
meme_52.jpg,সময়মত ভাত খেয়ে নিও ধন্যবাদ তুমি না বললে তো আমি গু খেয়ে নিতাম,Hate,Abusive,Individual
meme_53.jpg,আমার বিয়ে হয়ে যাচ্ছে কিছু একটা করো চুপ কর বিয়ে টা আমার সাথেই হচ্ছে ওহ সরি এর আগেও কয়েকজনকে বলেছিলাম তো ভুলে গেসি,Non Hate,,
meme_54.jpg,"বাবু, আমায় চিনতে পারছো?
না কাকু, চিনতে পারলাম না
চিনবেই বা কীকরে! তোমার সাথে যখন দেখা হয়েছিল তখন তুমি অনেক ছোট ছিলে
ঘটে যখন এতই বুদ্ধি, তাহলে এমন ফালতু প্রশ্ন জিজ্ঞেস করলে কেন?",Hate,Abusive,Individual
meme_55.jpg,তোমার ফোনে এতো ছেলেদের নম্বর কেনো? এরা সবাই আমার বয়ফ্রেন্ড বিয়ের আগে তো বলনি তোমার এত বয়ফ্রেন্ড আছে মনে করে দেখো বলেছিলাম তুমি লাখে এক,Non Hate,,
meme_56.jpg,"রিলেশন আমিও করতে পারতাম
কিন্তু রোমান্টিক কথা শুনলে হাসি পাই আমার",Non Hate,,
meme_57.jpg, তুমি অনেক মাতুরে মাতুরে কি? আরে মাতুরে বুঝো না? mature? হ্যা এই মাতুরে,Non Hate,,
meme_58.jpg,"স্যার, আমরা পড়াশোনা করি কেন?
বড়ো হয়ে গাড়ি চড়বে বলে
তাহলে আপনি কেনো সাইকেল নিয়ে আসেন?
শালা.....",Hate,Abusive,Individual
meme_59.jpg,"বৌমা শোনো, আমি কিন্তু এক বছরের মধ্যেই নাতি বা নাতনির মুখ দেখতে চাই
আপনার যখন এতই তাড়া, তাহলে বলতেই পারতেন বিয়ের আগেই পয়দা করে নিতাম",Hate,Abusive,Individual
meme_60.jpg,"তোমার GF আছে?
এটা জিজ্ঞেস করো, কয়টা আছে?
কয়টা আছে?
একটাও নেই",Non Hate,,
meme_61.jpg,"জামাই, অনেকদিন পর আমাদের বাড়িতে এলে, বলো কি খাবে? চা না কোল্ড ড্রিংকস?
যতক্ষণ না চা হচ্ছে ততক্ষণ কোল্ড ড্রিংকসটা দিন, তারপর চা খাবো
এই জন্যই ডাকি না",Hate,Personal Offence,Individual
meme_62.jpg,"যখন আকাশে খুব মেঘ করে আর বৃষ্টি পরে, তখন তোমার কথা খুব মনে পরে
সত্যি? কেনো সোনা?
কারণ আমার ছাতাটা এখনো তোর কাছে, কবে দিবি?",Non Hate,,
meme_63.jpg,"রিকশায় কোনো সুন্দরী মেয়ের পাশে যেই বসি
রিকশাওয়ালা:
দাদা আপনি সামনে চলে আসুন",Non Hate,,
meme_64.jpg,"তুমিতো পড়াশুনায় একেবারে দুর্বল
তোমার বয়সে আমি এর থেকে অনেক কঠিন কঠিন অঙ্কের সমাধান করে দিতাম
আপনি ভালো টিচার পেয়ে গেছলেন সবার ভাগ্য এত ভালো নয়",Hate,Personal Offence,Individual
meme_65.jpg,"Hi
Hlo, কী করো তুমি?
U.S.A তে জব করি
ওয়াও তুমি আমেরিকাতে চাকরি করো
না, আমেরিকা নয়, উল্টোডাঙা সেবা আশ্রম
শালা, ঢ্যা** Block",Hate,Abusive,Individual
meme_66.jpg,"*স্বামী
*স্ত্রী
কি হয়েছে?
বুক ব্যথা করছে
ডাক্তার দেখাও
দেখিয়েছি
তো কি বলল?
Wow",Non Hate,,
meme_67.jpg,"বলোতো আমার হাতে কী আছে?
কিছুই নেই পোদ চুলকাতে গিয়ে ধরা পরে গ্যাছো তাই নাটক করছো!",Hate,Abusive,Individual
meme_68.jpg,"এই ছেলেটা কে? -জান, এটা ফেক আইডি। -আইডি রিয়াল, তুই ফেক",Non Hate,,
meme_69.jpg,"কেমন চলছে চাকরিওয়াল জীবন...?
অনেক বেকার, পুরোদিন 'Yes Sir' করতে থাকি আর...
পুরোরাত ""Ohh Yeah Sir"" করতে থেকে যায়।।",Non Hate,,
meme_70.jpg,"একটা কথা বলবো, তুমি আমায় মা'রবে না তো? জানোতো আমি প্রেগনেন্ট!
বাহ!! এটাতো খুব খুশির খবর, মা'রতে যাবো কেনো?
ছোটোবেলায় বাবাকে বলেছিলাম, খুব মে'রেছিল",Non Hate,,
meme_71.jpg,"মা পায়ে চো'ট লেগেছে কি লাগাবো?
""Status"" লাগা ""Status""
ধুর..",Non Hate,,
meme_72.jpg,"মেয়েকে নয়, মেয়ের মা কে পটান
মনে রাখবেন কান টানলে মাথা আসে",Non Hate,,
meme_73.jpg,"বাথরুমে গাজর কেনো পরে আছে?
তুমি যে শ্যাম্পু ফেলে আসো, আমি তখন কিছু বলি?",Non Hate,,
meme_74.jpg,"বুদ্ধির পরিক্ষা
মাছ কত নাম্বার রাস্তা দিয়ে গেলে পানির কাছে যেতে পারবে
100% লোক ফেল",Non Hate,,
meme_75.jpg,রান্নাঘর থেকে মাংসের গন্ধ আসছে  দুপুরে খাওয়ার সময় দেখি মা মিট মশলা দিয়ে ইচর বানিয়েছে,Non Hate,,
meme_76.jpg,"ঝাল মুড়ি দেন ১০ টাকার ঝাল মুড়ি দেন ১০ টাকার ঝাল মুড়ি দেন, কিন্তু ঝাল ছাড়া",Non Hate,,
meme_77.jpg,GF কে পাখি বলে ডাকবা আর উড়ে গেলেই দোষ? ,Non Hate,,
meme_78.jpg,"অভিনন্দন,আপনি 4 টা বাচ্চা জন্ম দিয়েছেন ..! ধন্যবাদ, ডাক্তারবাবু.....! বোকা চে আমি প্রথমেই বলেছিলাম ভগি স্টাইলে করবা না।।",Hate,Abusive,Individual
meme_79.jpg,তুমি খুব কালো তোমার বাচ্চাও কালো হবে,Hate,Personal Offence,Individual
meme_80.jpg,"আমি তোমাকে ভালবাসি কিন্তু আমিতো তোমার থেকে বয়সে বড় ওকে, তাহলে আমি আপনাকে ভালবাসি",Non Hate,,
meme_81.jpg,বৃষ্টির রাতে কারেন্ট চলে যাওয়ায় যখন বউ এর হাতে মোমবাতি ধরিয়ে দেন কিন্তু বউ জানে ঘরে কোন মোমবাতি নেই:,Non Hate,,
meme_82.jpg,"ম্যাডাম আমার দশ দিনের ছুটি লাগবো দেশে যামু
দশ দিন! বলিশ কি আমার সংসার, তোর সাহেবের কাজ গুলো কে দেখবে তাহলে
আপনে যদি কন তাইলে সাহেবরে নিয়া যাই আমার সাথে...?",Non Hate,,
meme_83.jpg,"দেখা তোর জিনিস পত্র
ধুর, এত ছোট তোর নামটাই শুধু রিশাল",Non Hate,,
meme_84.jpg,"ওগো! কাল রাতে কেমন মজা এসেছিল?
সত্যি! দারুন মজা এসেছিল
বউ:
আমি জানতাম মজা আসবে, আমার রেকর্ড আছে আজ পর্যন্ত কেউ কমপ্লেন করেনি",Non Hate,,
meme_85.jpg,"তোমার বর অনেকটা সরল মানুষ আছে কারন ....
ওই আমার জিনিসপত্র রাখতে বাড়ির ভিতর পর্যন্ত এসেছিল ।।
এর মানে আমকে ওকে আরো সোজা করতে হবে",Non Hate,,
meme_86.jpg,"ভাই আজকে ফিজিক্সটা
দেখাস। নাহলে ফেল করে যাব
তুই এমনিতেও ফেল করবি
কেন?
কারন আজ কেমিস্ট্রি পরীক্ষা",Non Hate,,
meme_87.jpg,"ভাই বিল কত টাকা হইছে?
৩০০০ টাকা....
ভাই আপনাগো থালা-বাসন ধোয়ার যায়গাটা কোনদিকে?",Non Hate,,
meme_88.jpg,"তোমার মতন ১০০০টা যাবে আসবে
ভগবান তোর ব্যবসা বড় করুক",Non Hate,,
meme_89.jpg,"তোমার মতন ১০০০টা যাবে আসবে
ভগবান তোর ব্যবসা বড় করুক",Non Hate,,
meme_90.jpg,"হ্যালো, বাড়িতে কেউ নেই এসে যাও...।।
এখনই তো আসলাম আমি তোমার বাড়ি থেকে ...!
ক্ষমা করো, আবার তোমাকে লেগে গেল ।।",Non Hate,,
meme_91.jpg,"আইডির নাম অচেনা পাখি!!
খোঁজ নিয়ে দেখি পাশের বাড়ির কাকি!",Non Hate,,
meme_92.jpg,"বাবু কল দাও
ইফতারের টাইম হয়েছে, যাও ইফতার করো
বাবু তুমি কল দিয়ে আযান না দিলে আমি ইফতার করবো না!",Hate,Religious,Community
meme_93.jpg,"আমাকে একটা কথা বলো...
রাতের বেলা থেকেই বিয়ের আংটি খুঁজে পাচ্ছি না !!
ভালো করে দেখো তোমার ভিতরেই হবে।।",Non Hate,,
meme_94.jpg,"মা, তুমি ব্লাউসের মধ্যে কেন টাকা রাখো?
যাতে তোর বাবা খুঁজে না পায়, সেই জন্য...
মা, তুমিও না... বেচারা বাবা শুধু শুধু কাজের মাসির ব্লাউসে খোঁজে",Non Hate,,
meme_95.jpg,"স্ত্রী :
তুমি বাইরে গেলে ভয় করে
স্বামী :
ভয় কীসের! আমি তাড়াতাড়ি চলে আসবো
স্ত্রী :
ব্যাস! এটার জন্যই তো ভয়",Non Hate,,
meme_96.jpg,"আমি মারা গেলে কি করবা?
পাগল হয়ে যাবো
আরেকটা বিয়ে করবা না তো?
পাগলে কিনা করে।",Hate,Personal Offence,Community
meme_97.jpg,"Ami Tumi Golap Ful
Then?
Valo Lage Tumar silky chul
Accha tarpor?
Tumay kine dibo kane dul
Amar Boro cheler nam Shoriful",Non Hate,,
meme_98.jpg,Mammy: Inme se koi ek utha le,Non Hate,,
meme_99.jpg,"চুল আর বিশ্বাস
দিন দিন উঠে যাচ্ছে!",Non Hate,,
meme_100.jpg,"একটা পেন হবে তোমার কাছে?
একটা কেন! দশটা নিয়ে নাও
ভাই, আমাকেও একটা পেন দে না
বাড়ি থেকে পেন না নিয়ে পরীক্ষা দিতে এসেছিস কেন?",Hate,Gender,Individual
meme_101.jpg,"বৃষ্টি আসলে ছাদে ভিজতে পারিনা
কারণ আমি টিনের ঘরে থাকি!",Non Hate,,
meme_102.jpg,"এক কোটি টাকা দিতে পারোসনা
আবার নিজেরে আমার বেস্টফ্রেন্ড বলো
CHII",Non Hate,,
meme_103.jpg,"আমার কান নেই, তাও চশমা পড়েছি",Non Hate,,
meme_104.jpg,"নাহ...
তোমরা দুজন একসাথে এক বিছানায় ছিঃ
আপা তুমি বাইচা আছো?
তোদের কি লজ্জা করলো না আর তুই কিভাবে পারলি দুলাভাইয়ের বুকে মাথা দিয়ে ঘুমাইতে
স্বামী স্ত্রী একসাথে এভাবে না ঘুমাবে তা কিভাবে ঘুমাবে",Non Hate,,
meme_105.jpg,"একটা ভুল করে দেখো, মানুষ ভুলে যাবে তুমি তার জন্য কি কি করেছো",Non Hate,,
meme_106.jpg,"আজ একটু বেশি খেয়ে ফেলেছি
কেন! রান্না খুব ভালো হয়েছিলো বুঝি ?
না না, রাতে একটু বেশি ক্যালোরি বার্ন হবে তো তাই",Non Hate,,
meme_107.jpg,"আজ বাড়ি ফাঁকা। রাতে চলে এসো।
কিন্তু বৌদি, দাদা তো দরজায় তালা দিয়ে গেছে।
বালেশ্বর একঝা 
ঠাকুরপো, ইচ্ছা থাকলে উপায় হয়, জানালার ফাঁক দিয়ে ও কাজ সারা যায়।",Non Hate,,
meme_108.jpg,"তোর ছোট ভাইটা এখন কি কাজ করে?
কিছুদিন আগে একটা কাপড়ের দোকান খুলেছিল, এখন জেলে আছে।
কেন?
কারণ ও দোকানটা খুলেছিল হাতুড়ি দিয়ে দরজা ভেঙে!",Non Hate,,
meme_109.jpg,"এমন সুন্দরী বউ পেলে
বিয়ের পর ঘর থেকে বাইরে যাবই না",Non Hate,,
meme_110.jpg,বাকি হলো একটা জাদু আমি দিলে আপনি অদৃশ্য হয়ে যাবেন।,Non Hate,,
meme_111.jpg,"হ্যাঁ এভাবেই নিউজফিডে ঘুরতে থাকেন,
প্রেম-টেম আপনাকে দিয়া আর হবে না!",Non Hate,,
meme_112.jpg,"তোমার কেমন গার্লফ্রেন্ড চাই?
যার কোলে মাথা রেখে ঘুমালে তার চেহারা না দেখা যায়।।",Non Hate,,
meme_113.jpg,"মেয়েরা কেন বেশি গরম হয়?
কারণ ছেলেটির 2 জিরো ওয়াটের বাল্ব এবং একটি 40 ওয়াটের টিউব রয়েছে।।
যেখানে মেয়েদের 2 টি 500 ওয়াটের বাল্ব এবং একটি 3000 ওয়াটের ওভেন রয়েছে।",Non Hate,,
meme_114.jpg,"তোমাকে ভালোবেসে আমি সব গিয়েছি ভুলে
শ্যাম্পু মাখছি গালে ও ফেসওয়াশ দিচ্ছি চুলে!",Non Hate,,
meme_115.jpg,বউয়ের দোয়া,Non Hate,,
meme_116.jpg,"তুমি বিয়ের আগে কতজনের সাথে ঘুমাইছো জান
শুধু তোমার সাথে জান
সিরিয়াসলি জান i love you so much
বাকিরা ঘুমাইতে দেয় নাই",Non Hate,,
meme_117.jpg,"Relative: চিনছো আমাকে আমি তোমার বাবার বিয়েতে এসেছিলাম..?
Me: ওহ হ্যাঁ চিনেছি..",Non Hate,,
meme_118.jpg,"আজ অনেক গরম
বাইরে আয় আইসক্রিম খাওয়ামো।",Non Hate,,
meme_119.jpg,"বলতো কোন দেশে Corona হয়নি?
কোন দেশে?
সন্দেশে
মার বেটাকে ধরে",Non Hate,,
meme_120.jpg,"কেমন আছো?
তুমি যে আমাকে প্রেমের প্রস্তাব দিয়েছিলে সেটা কি এখনো আছে?
তাহলে সে প্রস্তাব আবারো রিজেক্ট করলাম!
প্রপোজ করেছিলাম তাই ব্লকে করে দিয়েছিলে, এতদিন পর কি মনে করে?
১০০% আছে..",Non Hate,,
meme_121.jpg,"জান বুক ব্যাথা করতেছে।
ডাক্তার দেখাও
দেখিয়েছি
কি বললো ডাক্তার
বললো",Non Hate,,
meme_122.jpg,আমি তো ভালো ভাবেই কথা বলি কিন্তু কিভাবে জানিনা ঝগড়া লেগে যায়,Non Hate,,
meme_123.jpg,"রাত সাড়ে ৩ টা লে আমি :
কি খাওয়া যায়",Non Hate,,
meme_124.jpg,"তুমি দেবে কিছু
আমি দেবো কিছু
সেই থেকে জন্ম নেবে ছোট্ট একটা শিশু",Non Hate,,
meme_125.jpg,"সবাই আমাকে ছেড়ে চলে যায়
সবার কাছে তুই কেনো যাস",Non Hate,,
meme_126.jpg,"ছেলে এবং মেয়ের মধ্যে কি পার্থক্য আছে?
মেয়ে এক বছরে একটাই বাচ্চার মা হতে পারবে আর....
ছেলে এক বছরে 365 টা বাচ্চার বাবা হতে পারবে।।",Hate,Gender,Community
meme_127.jpg,"তুমি তো বলেছিলে...
বিয়ের পরেও তুমি আমাকে অনেক ভালোবাসবে।
এখন আমাকে কী জেগে থেকে জানতাম যে তোমার বিয়ে আমার সাথেই হবে।",Non Hate,,
meme_128.jpg,"দাদু আমি আজকে স্কুলে যাইনি
তাড়াতাড়ি লুকিয়ে পরো, তোমার টিচার আসছে।
দাদু তুমি লুকিয়ে পড়ো আমি বলেছি ""দাদু মারা গেছে""",Non Hate,,
meme_129.jpg,"বউমা, তুমি রোজ করো, তাই তো?
হ্যাঁ মা-জি, কিন্তু ওকে খুব ব্যথা হয়।
অরে, রোজ আলাদা আলাদা করে চেঞ্জ করে করো, আমিও তো তাই করি!",Non Hate,,
meme_130.jpg,"কি করছো শোনা?
কিছুনা.. ছোটো ভাইকে ঘুম পটানোর চেষ্টা করছি..
কিন্তু তোমার তো কোনো ছোটভাই নেই..",Non Hate,,
meme_131.jpg,"""Love"" কি হয় ??
""L"" ধরে রেখে ""O"" কে টিপে ""V"" এ ঢুকিয়ে....
যখন ""E"" এর আওয়াজ আসবে তখন তাকে ""Love"" বলে।।",Non Hate,,
meme_132.jpg,"তোমার জাঙ্গিয়াতে কি ২টা ছিদ্র আছে....?
নির্লজ্জ...না নেই
তাহলে পা দুটো ঢোকাও কোথায়...",Hate,Personal Offence,Individual
meme_133.jpg,"জান তোমাকে স্বপ্নে দেখলাম..
বিশ্বাস করি না! স্ক্রিনশট দাও!!",Non Hate,,
meme_134.jpg,"""বয়স বাড়ছে, বিয়ে কর্! ""
কেউ বললে কান দেবেন না। নিজে বিয়ে করে দেখেছি, বয়স এখনও বাড়ছে।",Non Hate,,
meme_135.jpg,"আমার জন্য মোবাইলে ফোন আসলে বলে দিও যে আমি বাড়িতে নাই....
আমার বর বাড়িতে আছে...!
কিন্তু আমি তো বারণ করেছিলাম তোমাকে
ফোন তোমার জন্য না আমার জন্য এসেছিল...।।",Non Hate,,
meme_136.jpg,"এলাকার মধ্যে প্রেম করার সুবিধা হলো
BF কে লুঙ্গী পড়া অবস্থায় ও দেখা যায়",Non Hate,,
meme_137.jpg,"দাদু আমি অংকে ১ এর জন্য ১০০ ১০০ পাইনি
তাহলে ৯৯ পেয়েছো?
না, ২টো শূন্য পেয়েছি",Non Hate,,
meme_138.jpg,"ধাঁধা..মাথা খাটান!
চারটি বিজোড় সংখ্যা যোগ করে ২০ তৈরি করুন।
শর্তঃ একটা সংখ্যা একবারই ব্যবহার করা যাবে।",Non Hate,,
meme_139.jpg,"বাড়িতে কেউ নেই, চলে এসো
আবার! এক্ষুনি তো ফিরলাম তোমার বাড়ি থেকে
ওহ সরি! ভুল করে তোমায় ফোন লেগে গেছে",Non Hate,,
meme_140.jpg,"তুমি অফিসে এত ছোটো জামা কাপড় কেনো পরে আসো?
আমার salary খুব কম তাই, এই salary তে এইটুকুই জামা হয়
Manager কে বলছি তোমার ৩মাসের যেনো না দেয়",Non Hate,,
meme_141.jpg,"আর একবার হবে নাকি?
আর একবার করলে ওইটার জায়গায় আমার আত্মা বেরিয়ে আসবে..!",Non Hate,,
meme_142.jpg,"দেখ দেখ
""bf"" রে জামাই ডাকে..!",Non Hate,,
meme_143.jpg,"মা বাবা বাড়িতে নেই..
ঠিক আছে, আমি আসছি...
আরে ২ দিন ধরে বাড়ি আসেনি পুলিশ স্টেশনে কমপ্লেইন করতে যেতে হবে...",Non Hate,,
meme_144.jpg,"মা, আমি গতবতী।
কি, কিন্তু কিভাবে এসব ঘটল?
দুর্ঘটনা! কালমুহি,
এটি একটি দুর্ঘটনা ছিল?? রাস্তায় হাঁটার সময় কি তাঁর লিঙ্গে পড়ে গেছিলিস??",Hate,Abusive,Individual
meme_145.jpg,"জিনিসটা ফালাই ছেলেটা তাকাবেনে
(তাকাইছে) বাবা! এই মানুষরা এত তারাতারি বিয়ে যে কেন করে",Non Hate,,
meme_146.jpg,"কালকে যে ফকিরকে খাবার দিয়েছিলাম, সে আস্ত একটা ফাজিল!
কেন! কি হয়েছে?
আজকে এসে সে একটা রান্না শেখার বই দিয়ে গেছে!",Hate,Abusive,Individual
meme_147.jpg,"হ্যালো
আমার Bf আছে
আমি ধোনি
Bf মানে Breakfast
আমার নাম ধোনি
ফোন রাখ সালা",Hate,Abusive,Individual
meme_148.jpg,বাড়িতে থাকলেই ঝামেলা,Non Hate,,
meme_149.jpg,"আমার নিজের একটা ব্যাংক আছে
আচ্ছা, কি ব্যাংক?
পাওয়ার ব্যাংক
শুয়োরের",Hate,Abusive,Individual
meme_150.jpg,"Kire
Kothay thakis???
TOR
তে",Hate,Abusive,Individual
meme_151.jpg,"ভালো না বাসলে
রাতে খেয়েছি -কিনা জিজ্ঞেস করো কেন?",Non Hate,,
meme_152.jpg,"অহংকার না কইরা যদি নক দিতা
তাইলে নতুন বছরটা একসাথে শুরু করতে পারতাম!",Non Hate,,
meme_153.jpg,"নীচের ফ্লোরের মহিলার সঙ্গে তোমার কী চক্কর চলছে?
কেন? আমি তো চিনিই না!
তবে সে বলছে কেন.. ওপরওয়ালা তার সঙ্গে আছে?",Non Hate,,
meme_154.jpg,"টিভিতে দেখায় মেয়েরা যেভাবে আম খায়
বাস্তবে যেমন করে খায়...",Hate,Abusive,Community
meme_155.jpg,"বেবী আজ আমাকে সিনেমা দখাতে নিয়ে যাবে
sure...
তুই শুয়োর তোর বাপ শুয়োর তোর চোদ্দ গুষ্টি শুয়োর শান্তির ছেলে
পরের বার থেকে মাধ্যমিক পাশ সার্টিফিকেট দেখে প্রেম করবো",Hate,Personal Offence,Individual
meme_156.jpg,"স্বামী যখন রোমান্স করতে যায়
পাপ তো পাপই। সেটা বিয়ের আগে করলেও পাপ, বিয়ের পর করলেও পাপ।",Non Hate,,
meme_157.jpg,"কেমন যুগ চলে এসেছে,
আমার ছেলেকে পা টিপতে বলছে ।।
পা কাঁধে তুলেছিল তো তোমার ছেলে তো টিপার জন্যও তো ওকেই বলব ...",Hate,Abusive,Individual
meme_158.jpg,"কাল রাতে যে বললে জাপানি তেল ব্যবহার করছো কই আজও তো ফল পেলাম না
একবার হাত দিয়ে চেক করে দেখো
ও বাবাগো, সাপ এত বড় হয়ে গেলো কি করে",Hate,Abusive,Individual
meme_159.jpg,"ঘুমিয়ে গেছো?
হ্যা আমি ঘুমে
তাহলে রিপ্লাই করতাছে কে
আমি ঘুমের মধ্যেই চ্যাট করতে পারি",Non Hate,,
meme_160.jpg,চলো একটা বিয়ে করে দেখি কেমন লাগে,Non Hate,,
meme_161.jpg,"ছবিটির মধ্যে কি ভুল আছে?
৯৯% মানুষ ভুল উত্তর দেয়",Non Hate,,
meme_162.jpg,"তুমি অফিসে এতো ছোট ড্রেস পরে আসো কেনো?
আপনি যা বেতন দেন তাতে ছোট ছোট ড্রেসই কেনা যায়...!!
তাহলে তো মনে হচ্ছে তোমাকে কালকে থেকে বেতন দেয়া বন্ধ করে দিতে হবে",Non Hate,,
meme_163.jpg,"তুই কিসের জাঙ্গিয়া পরিশ?
রূপার
তাহলে রূপা কি পরে?
বোক্কা.......",Hate,Abusive,Individual
meme_164.jpg,"না পড়ে পরীক্ষা দেয়ার সুবিধা কি জানো বাবা?
কি??
প্রশ্ন কঠিন হলেও বোঝা যায় না,,,!",Non Hate,,
meme_165.jpg,"বন্ধুর খাতা দেখে পরীক্ষা দেওয়ার সময়
যখন জানি ওর সব উত্তর ভুল",Non Hate,,
meme_166.jpg,"স্যার আপনার বিল
আপনাদের এখানে পেমেন্টের কী কী সিস্টেম আছে
ক্যাশ, কার্ড, চেকের মাধ্যমে করতে পারেন
বাসন ধোওয়ার অপশনটা নেই",Non Hate,,
meme_167.jpg,"ম্যাডাম আমার দশ দিনের ছুটি লাগবো দেশে যামু
দশ দিন! বলিশ কি আমার সংসার, তোর সাহেবের কাজ গুলো কে দেখবে তাহলে
আপনে যদি কন তাইলে সাহেবরে নিয়া যাই আমার সাথে...?",Non Hate,,
meme_168.jpg,"বেটা অনেক সংস্কারি বউ নিয়ে এসেছিস
কেনো কী হয়েছে মা?
রাতে ইংরেজি মন্ত্র জপ করছিল oh God... ohh my God....",Non Hate,,
meme_169.jpg,"তোমার কেমন গার্লফ্রেন্ড চাই?
যার কোলে মাথা রেখে ঘুমালে তার চেহারা না দেখা যায়।।",Non Hate,,
meme_170.jpg,"পিংকি কে বিয়ে করছি
বাসর রাতে দেখি তার সব কালো",Non Hate,,
meme_171.jpg,"ডাক্তারবাবু আমার শরীরে খুব ব্যাথা করছে!
মনে হচ্ছে আমার জ্বর আছে আপনার কাছে কি থার্মোমিটার নেই?
একটা থার্মোমিটার আর একটা ইনজেকশনও আছে।।",Non Hate,,
meme_172.jpg,"আজ গরিব বলে ""MEME শেয়ার করছি
বড়লোক হলে টাকা শেয়ার করতাম",Non Hate,,
meme_173.jpg,"তোমার বর অনেকটা সরল মানুষ আছে কারন ....
ওই আমার জিনিসপত্র রাখতে বাড়ির ভিতর পর্যন্ত এসেছিল ।।
এর মানে আমকে ওকে আরো সোজা করতে হবে",Non Hate,,
meme_174.jpg,"আমার কিন্তু কোনো বাইক বা গাড়ি নাই
It's ok, আমি হেঁটে যাবো।
তারপর সে হেঁটে হেঁটে আমার জীবন থেকে চলে গেলো",Non Hate,,
meme_175.jpg,"এই মাসে salary পেয়ে তোমাকে একটা apple গিফ্টকরবো
সত্যি বলছো?
হ্যাঁ মিথ্যে বলবো কেনো?
কিন্তু এত টাকা তুমি কোথায় পাবে?
আজই বাজারে জিজ্ঞেস করলাম ৯০ টাকা কেজি
তুই ফোন রাখ বোকাসোকা",Hate,Abusive,Individual
meme_176.jpg,"দই কাতলা রেসিপি তে কি মিষ্টি দই অ্যাড করতে হয় না টক দই???
কাতলাকে জিজ্ঞাসা করুন, ওই ঠিক করুক ও কার সাথে কমফোর্টেবল হবে",Non Hate,,
meme_177.jpg,"My ex : তুই আমার নখ এর ও যোগ্য না
Meanwhile his nails :",Hate,Personal Offence,Individual
meme_178.jpg,"স্টোরি তে গান এড করার জন্য
আপনি ঠিক কতো মিনিট ব্যয় করেন?",Non Hate,,
meme_179.jpg,জানালা দিয়ে আমাদের টিভির রিমোট দিয়ে পাশের বাসার আন্টির টিভি বন্ধ করে দেয়া আমি!,Non Hate,,
meme_180.jpg,"কি রে তোর চোঁখ এত লাল কেন?
বর অসুস্থ তাই রাত জাগতে হচ্ছে!
নার্স রেখে দিলেই পারিস!
রেখেছি তো! আর ঐ নার্সকে পাহারা দিতেই রাত জাগতে হচ্ছে!",Non Hate,,
meme_181.jpg,"ম্যাডাম, আপনি কি প্রেগন্যান্ট?
দেখবেন আপনার প্রথম সন্তান ছেলে হবে
আচ্ছা, তুমি কি করে জানলে যে ছেলে হবে??
গতকাল তুমি চেয়ারের উপরে পা তুলে বসে ছিলে, তখন আমি বাচ্চাটার মোচ দেখতে পেয়েছিলাম",Hate,Abusive,Individual
meme_182.jpg,"কাল তো প্রথম রাত ছিল, কতটা পানি বেরোল?
দিদি এতটা যে পুরো শহরের তৃষ্ণা মিটে যায়।
কখনও কখনও 2-3 বার এমনভাবেই বেরোবে।
হ্যাঁ দিদি, কাল রাতের কথা ভেবে ভেবে এখনও বেরোচ্ছে।",Non Hate,,
meme_183.jpg,"একটু আগে না বললা আমাকে ডিভোর্স দিবা
তখন আমার ক্ষুধা লাগছিল",Non Hate,,
meme_184.jpg,"গাছটির নাম কি হবে
ছাতা
বালতি
কমলা",Non Hate,,
meme_185.jpg,"চলো সেক্স করি...
প্রতিদিন তো এটাই বলো.. আজ অন্য কিছু বলো দেখি
চলো বিয়ের প্রতিশ্রুতি দিয়ে সহবাস করি",Hate,Abusive,Individual
meme_186.jpg,"শাশুড়ি কখনো মা হয়না!
কারণ শাশুড়ি, মা হলে স্বামী দাদা হয়ে যাবে।",Non Hate,,
meme_187.jpg,"দেখতো দুধটা উতলে পড়ছে কিনা?
উফফ... উতলে উতলে পড়ছে গো..।।
বোকাচোদা আমি রান্নাঘরে দেখতে বললাম",Hate,Abusive,Individual
meme_188.jpg,"দুধ যদি গ্লাস দিয়েই খাও
তাহলে বিয়ে করেছিলে কেনো?",Non Hate,,
meme_189.jpg,"কতো ভালোই না হতো যদি ঘুমানোর সময়
রাতে মানিব্যাগটা চার্জে দিয়ে ঘুমিয়ে সকালে উঠে ব্যাগ ভর্তি টাকা পাওয়া যেতো",Non Hate,,
meme_190.jpg,"""এই বাসন কে ভেঙেছে..?""
""আরে, আমাদের ঝগড়া হয়েছিল।""
""তাহলে এই খাট কীভাবে ভাঙল..?""
""ওটা আমাদের চুক্তি হয়েছিল।""",Non Hate,,
meme_191.jpg,"মা, তুমি ব্লাউজ এর মধ্যে টাকা কেনো রাখো ??
যাতে তোমার বাবা বুঝতে না পারে
মা তুমিও পারো কিন্তু, বাবা রোজ বাড়িতে কাজ করতে আসা মাসি-র ব্লাউজ সন্ধান করতে থাকে",Hate,Abusive,Individual
meme_192.jpg,"আজ একটু বেশি খেয়ে ফেলেছি
কেন! রান্না খুব ভালো হয়েছিলো বুঝি?
না না, রাতে একটু বেশি ক্যালোরি বার্ন হবে তো তাই",Non Hate,,
meme_193.jpg,"~এটা কি?...
এহ...
..সে কি আমাকে পিষে ফেলতে চায়?",Non Hate,,
meme_194.jpg,"কাল রাতে তিনজন চোর আমাদের বাড়িতে ঢুকেছিল।।
তাহলে তুমি তাদের থামাতে পারলা না?
আমি তাদের অনেক থামানোর চেষ্টা করলাম কিন্তু ওরা বললো এখন আমরা ক্লান্ত, আমাদের যেতে দিন।",Non Hate,,
meme_195.jpg,"বাসা কোথায়?
ব্রাহ্মণবাড়িয়া
সত্যিইই?
হ্যা...
বানান করো...
আমরা এখন ঢাকা থাকি",Non Hate,,
meme_196.jpg,"লোক লজ্জায় বলতে পারিনা..
ভিড়ের মধ্যে এক সুন্দরী মেয়ের ওড়নায় সর্দি মুছে দিয়েছি",Non Hate,,
meme_197.jpg,"শোন ছেলে, এই ২০ টাকা নাও আর মাকে বলো না যে আমি কাজের মেয়ের সাথে ওয়েছি!
বাবা তুমি খুব কাসে আছো...
মা যখন ড্রাইভারের সাথে ঘুমায় তখন আমাকে মা 100 টাকা দেয়...",Hate,Abusive,Individual
meme_198.jpg,"এই জিনিস সত্য?
কি জিনিস?
এইটাই যে গাড়িটি যতই সুন্দর এবং চকচকে হোক না কেন, তাঁর সাইলেন্সার সবসময় কালো থাকে।",Non Hate,,
meme_199.jpg,"২২ টা বছর অপেক্ষা করলাম
শুধুমাত্র ২২ সেকেন্ডের জন্য?",Non Hate,,
meme_200.jpg,"কীরে ভাই কী করছিস?
সামনে পরীক্ষা তাই পড়ছি
পরীক্ষা এলে পড়িস? সারাবছর তাহলে কী করিস?
তোর হাগা পেলে তবেই হাগতে যাস নাকি সারাবছর বাথরুমে বসে থাকিস?",Hate,Abusive,Individual
meme_201.jpg,"অভিনন্দন, আপনি 4 টা বাচ্চা জন্ম দিয়েছেন ..!
ধন্যবাদ, ডাক্তারবাবু.....!
বোকা চে আমি প্রথমেই বলেছিলাম অগি স্টাইলে করবা না।।",Hate,Abusive,Individual
meme_202.jpg,"আচ্ছা রুমান্টিক কিছু বলো
বৃষ্টি তোমার কেমন লাগে?
একবার খাইছিলাম পানির মতই লাগে,",Non Hate,,
meme_203.jpg,"বাংলা বই না আনায়
দাঁড়িয়ে থাকা আমার বন্ধু
এই দিকে ইংলিশ বই খুলে বসে থাকা আমি",Non Hate,,
meme_204.jpg,"আমি মারা গেলে কি করবা?
পাগল হয়ে যাবো
আরেকটা বিয়ে করবা না তো?
পাগলে কিনা করে।",Non Hate,,
meme_205.jpg,"তোমার ওইটা এত কালো কেনো?
কাজল দিয়ে রাখি, যাতে কেউ নজর না দিয়ে দেয়",Non Hate,,
meme_206.jpg,"কাকিমা একটু তেল হবে আমার বয়ফ্রেন্ড এসেছিল...
তেল তো নাই ভেসলিন নিয়ে যাও সমস্যা হবে না
কাকিমা পাঁপড ভাজতাম.....",Non Hate,,
meme_207.jpg,"ম্যাডাম, আপনি কি প্রেগন্যান্ট?
দেখবেন আপনার প্রথম সন্তান ছেলে হবে
আচ্ছা, তুমি কি করে জানলে যে ছেলে হবে??
গতকাল আপনি চেয়ারের উপরে পা তুলে বসে ছিলেন, তখন আমি বাচ্চাটার মোচ দেখতে পেয়েছিলাম।",Hate,Abusive,Individual
meme_208.jpg,"মা, তুমি ব্লাউজ এর মধ্যে টাকা কেনো রাখো ??
যাতে তোমার বাবা বুঝতে না পারে
মা তুমিও পারো কিন্তু, বাবা রোজ বাড়িতে কাজ করতে আসা মাসি-র ব্লাউজ সন্ধান করতে থাকে",Non Hate,,
meme_209.jpg,"পরিবারের কেউ
আমায় বিশ্বাস করেনা
কেনো কি হলো?
ঘুম থেকে ডেকে
জিজ্ঞেস করে
ঘুমিয়েছি কিনা!",Non Hate,,
meme_210.jpg,"আচ্ছা দাদু মা-দের পে'টে বা'চ্চা তো ৯মাস থাকে থাকে
হ্যাঁ, ঠিক বলেছো
তাহলে সেই বা'চ্চা বের হলে, ৩মাস পর কেনো ১বছর পালন করা হয়না?",Non Hate,,
meme_211.jpg,"খেতে চাই
কি খেতে চাও জান?
বিরিয়ানি
কুত্তার****
আবার কি হইলো?
তুই বলবি তোমাকে খাবো, আর আমি বলবো যাহ দুষ্টু",Hate,Abusive,Individual
meme_212.jpg,"তোমার কাছে গাড়ি আছে ?
হ্যাঁ আছে, কেন!
আজ রাতে দেবে?
হ্যাঁ দেবো, কিন্তু গাড়ির কথা কেন জিজ্ঞেস করছিলে!",Non Hate,,
meme_213.jpg,"তোমার বাড়িতে আমাকে মেনে নেবে?
আমার বাড়িতে আমাকেই মানেনা, তোমাকে কি করে মানবে?",Non Hate,,
meme_214.jpg,"তুমি জীবনে কি চাও?
টাকা
টাকা সাইডে রেখে বলো কি চাও?
সাইডে রাখা টাকা গুলো",Non Hate,,
meme_215.jpg,"জনসংখ্যা বৃদ্ধির ব্যাপারটা তুমি কি ভাবে দেখো?
HD তে",Non Hate,,
meme_216.jpg,"মা, আমি গর্ভবতী।
কি, কিন্তু কিভাবে এসব ঘটল?
দুর্ঘটনা! কালমুহি,
এটি একটি দুর্ঘটনা ছিল?? রাস্তায় হাঁটার সময় কি তাঁর লিঙ্গে পড়ে গেছিলিস??",Hate,Abusive,Individual
meme_217.jpg,"ডাক্তারবাবু, আমার স্বামী বাইরে আছেন। ভেতরে ডেকে নিন না...
তার কোনো প্রয়োজন নেই ম্যাম, আপনি আমার কাছে একদম SAFE। নিশ্চিন্তে থাকুন
না ডাক্তার বাবু, সেটা নয়। আসলে আপনার নার্স টা বাইরে একা আছে তো, তাই বলছিলাম....",Non Hate,,
meme_218.jpg,"জানো, কাল চাচাজি আমাকে তোয়ালে পরা অবস্থায় দেখে ফেলেছেন।
তারপর তুমি কি করলে?
তারপর আমি সাথে সাথে তোয়ালে খুলে ঘোমটা বানিয়ে নিলাম। আমার মধ্যে কি সংস্কারের অভাব আছে নাকি?",Non Hate,,
meme_219.jpg,"জনসংখ্যা বৃদ্ধির ব্যাপারটা তুমি কিভাবে দেখ?
HD তে",Non Hate,,
meme_220.jpg,"কেমন চলছে চাকরিওয়াল জীবন...?
অনেক বেকার, পুরোদিন 'Yes Sir' করতে থাকি আর...
পুরোরাত ""Ohh Yeah Sir"" করতে থেকে যায়।।",Non Hate,,
meme_221.jpg,"আচ্ছা দাদা প্রথম বার কি আস্তে আস্তে করতে হয়
হুঁ, একদম আস্তে
কিন্তু ও যে বললো আরও জোরে জোরে করো
তাহলে ওই মাঠে আগেই অনেকবার খেলা হয়ে গেছে",Non Hate,,
meme_222.jpg,"এলাকার মধ্যে প্রেম করার সুবিধা হলো
BF কে লুঙ্গী পড়া অবস্থায় ও দেখা যায়",Non Hate,,
meme_223.jpg,"ভোটার আইডি কার্ড বানাইতে গেছি ফোন নাম্বার চায়
এখন সিম কিনতে গেছি ভোটার আইডি কার্ড চায়",Non Hate,,
meme_224.jpg,"তোমাকে যে তখন ফ্রেন্ড রিকোয়েস্ট পাঠালাম একসেপ্ট করলে না কেন?
তোমার নাম আরবিতে আর আমার তখন ওযু ছিলো না",Non Hate,,
meme_225.jpg,"একি! তুমি স্কুলে বেড়াল নিয়ে এসেছো কেন?
আজ সকালে বাবা, মাকে বলছিলো বাবু স্কুলে যাবার পর আমি তোমার বেড়াল খাবো",Non Hate,,
meme_226.jpg,"*আমি
*ফ্রিজের ঠান্ডা জল
*মা
(আমি এখন কিছু বলবো না খালি ঠান্ডাটা লাগুক একবার)",Non Hate,,
meme_227.jpg,"সাপ যতোই ফনা তুলুক
গর্ত থেকে বেরোলেই নেতিয়ে পড়বে",Non Hate,,
meme_228.jpg,"আমি তোমার বমি বমি ভাবের কারণ হতে চাই
তোমাকে দেখলে আমার এমনিতেই বমি আসে",Non Hate,,
meme_229.jpg,"তাজমহল ছাড়া আর কোন জায়গা তোমার প্রেমের স্মৃতি হিসেবে মনে হয়?
ম্যাডাম, OYO",Hate,Personal Offence,Community
meme_230.jpg,"বিয়ের পর তুমি আমাকে একটুও ভালোবাসো না!
আমিতো আগেই বলেছিলাম বিবাহিত মেয়েদের প্রতি আমার ইন্টারেস্ট নেই",Hate,Personal Offence,Community
meme_231.jpg,"বাবা ডেকেছে, বাবা ক বাড়িতে দেখতে চায় তুমি কতটা বড়লোক
তুমি বাবাকে বলে দাও, আমি গরীব লোকদের সাথে দেখা করিনা",Hate,Personal Offence,Individual
meme_232.jpg,লিজেন্ডরা বুঝবে,Non Hate,,
meme_233.jpg,"খুব ঠান্ডা পড়েছে আর ওয়েদারটাও খুব রোমান্টিক চলোনা আজ করি...
করার ইচ্ছে তো আমারও কিন্তু আমার ওইটা খুঁজে পাচ্ছিনা দুদিন ধরে",Non Hate,,
meme_234.jpg,"ভাই আজকে ফিজিক্সটা
দেখাস। নাহলে ফেল করে যাব
তুই এমনিতেও ফেল করবি
কেন?
কারন আজ কেমিস্ট্রি পরীক্ষা",Non Hate,,
meme_235.jpg,"ইংলিশ ভালো করার জন্য ইংলিশ সিনেমা দেখো..
ম্যাডাম ইংলিশ তো ঠিক করে নিলাম কিন্তু...!
অনেকটা দুর্বল হয়ে গেছি আগের চেয়ে...!",Non Hate,,
meme_236.jpg,"কেমন যুগ চলে এসেছে,
আমার ছেলেকে পা টিপতে বলছে ।।
পা কাঁধে তুলেছিল তো তোমার ছেলে তো টিপার জন্যও তো ওকেই বলব ...",Hate,Abusive,Individual
meme_237.jpg,"স্যার, আমার ঠাকুমার এই চেক টি পাশ করে দিন...
এটা কি ধরনের সই?
আমার ঠাকুমার সই... ঠাকুমার নাম জিলাপি বাই ...",Non Hate,,
meme_238.jpg,বাইরে আয় BMW নিয়ে বেরোইসি,Non Hate,,
meme_239.jpg,"তরকারিতে লবন নেই কেন?
তরকারি একটু পুড়ে গেছিল
তো কি হয়েছে, লবন কেন দেও নাই?
আমরা পোড়ার মধ্যে লবন ছিটাই না!",Non Hate,,
meme_240.jpg,"কাশতে কাশতে সেই যে অজ্ঞান হয়ে গেলাম, আর জ্ঞান ফিরলো না - এটার হিন্দি কি হবে?
অ্যায় কাশকে কে হাম, হোঁশ মে আব আনে না পায়ে।",Non Hate,,
meme_241.jpg,"কয়টা প্রেম করেন আপনি?
আমাকে দেখে কি লোকাল বাস মনে হয়? যে মেয়েরা আসে আর যায়!!!",Hate,Personal Offence,Individual
meme_242.jpg,"১৬ টাকায় ৯০ মিনিট কিনলাম
কিন্তু মেয়াদ তো ৬মিনিট",Non Hate,,
meme_243.jpg,"বৌদি, আমি ভালো ছেলে হতে চাই..
দুধ না খেলে হবেনা ভালো ছেলে..
তাহলে দাও...",Non Hate,,
meme_244.jpg,"কিরে অনীক কাল স্কুল আসিসনি কেন?
আমি কাল স্বপ্নে আমার গার্লফ্রেন্ডের সাথে সুইজারল্যান্ড গিয়েছিলাম
আর বাপ্পা তুই এলি না কেন?
আমি অনীক আর ওর গার্লফ্রেন্ডকে এয়ারপোর্টে ছাড়তে গিয়েছিলাম",Non Hate,,
meme_245.jpg,"কি হয়েছে, কাঁদছ কেন??
আমকে এখন পর্যন্ত ব্যথা হচ্ছে ...!
আচ্ছা ঠিক আছে, আজকে একটু তেল লাগিয়ে দিব।।",Non Hate,,
meme_246.jpg,"দাদু পৃথিবী থেকে সূর্যের দূরত্ব কত?
প্রায় ১৫ কোটি কিলোমিটার
সূর্যে তো এখনো কোনো মানুষ যেতে পারেনি, তাহলে মাপলো কে?",Non Hate,,
meme_247.jpg,"ভাবী জানেন, আমার বিয়ের সময় এতো গোল্ড দিয়েছিলো যে শাড়ি দেখাই যায় নি.....
আমার তো শাড়িই ছিলো গোল্ডের.",Non Hate,,
meme_248.jpg,"আমি বরপক্ষের
আমিও বরপক্ষের
আমি কনেপক্ষ
এখানে আমার জন্মদিন চলছে",Non Hate,,
meme_249.jpg,"আচ্ছা যদি তুমি তোমার নিজের পাঁদের গন্ধ শুকে ফেলো এর মানে কি দাড়ায়?
কি বলো?
যেই পাদ তোমার শরীর থেকে বেরিয়ে গেছিলো, সেটা আবার তোমার শরীরে ঢুকে গেছে",Hate,Abusive,Individual
meme_250.jpg,"Mother মানে কি?
মা
তাহলে Mother Mother
কেনো মামা হয়না?
পাগ'লা চো*",Hate,Abusive,Individual
meme_251.jpg,"দাদু আমাদের মাথা-ব্যথা হলে ডাক্তারের কাছে গিয়ে কি চাই?
মাথা-ব্যথার ওষুধ চাই
কিন্তু আমাদের তো মাথা-ব্যথা কমানোর ওষুধ বলা উচিত",Non Hate,,
meme_252.jpg,"সব মেয়েরা ভালোবাসা চায়না
কিছু কিছু মেয়ে ঐটাও চায়",Non Hate,,
meme_253.jpg,"দাদু সবাই যে বলে দেয়ালের ও কান আছে এটা কি সত্যি?
হ্যাঁ সত্যি
তাহলে দেয়ালের তো মুখ নেই, কথা শুনে কি করে অন্য কাউকে বলবে?",Non Hate,,
meme_254.jpg,"রাতে মনে হয় বিয়ে করি
দিনে মনে হয় ক্যারিয়ার গড়ি!",Non Hate,,
meme_255.jpg,"চাচী, ভোটে জিতলে তোমার জন্যে বয়ষ্ক ভাতার ব্যবস্থা করে দেবো!
বাবারে নিজের শরীরই চলে না, এই বয়সে ভাতার দিয়ে কি করবো?",Hate,Abusive,Individual
meme_256.jpg,"তারপর বলো
এই হলুদ ড্রেস পরা নার্স টি তোমাকে কখনো ইনজেকশন দিয়েছে?",Non Hate,,
meme_257.jpg,"তোরে বিয়া করতে বেচছি আমি জমি
এখন তোর রান্না খাইয়া আসে আমার বমি",Hate,Personal Offence,Individual
meme_258.jpg,"তুমি দেখতে এতো ভালো...
তোমার পাখি কেনো এতো কালো?",Hate,Personal Offence,Individual
meme_259.jpg,"একটা মেয়ে আমাকে দুই ঘন্টা ধরে বোঝালো যে,
মেয়েরা কথা কম বলে!",Non Hate,,
meme_260.jpg,"তোমার নাম্বার কি চেইঞ্জ হয়ে গেছে?
নাহ, এখনো ৩৬ই আছে।
আমি তোমার ফোন নাম্বারের কথা বলছি
আমিও আমার মোবাইল নাম্বারের লাস্ট দুই ডিজিটের কথা বলছি",Non Hate,,
meme_261.jpg,"তুমি কি জোনাকি?
কেনো?
অন্যের ভালো
বলেই তোমার পিছন
জ্বলে তো তাই আর কি",Hate,Abusive,Individual
meme_262.jpg,"বাবু, কিছু হবেনা তো...???
না সোনা, কিছু হবে না...!!!
30 মিনিট পর :
বাবু প্লিজ এটাকে আরো ভিতরে ঢুকাও না...!!",Non Hate,,
meme_263.jpg,"তুমি বাইরে গেলে আমার খুব ভয় করে
আরে পাগলী ভয় কিসের! আমি তাড়াতাড়ি চলে আসবো
ওটাই তো ভয়",Non Hate,,
meme_264.jpg,"বাসায় আসার পর
আম্মু:কীরে ছাতা কই?
আমি:",Non Hate,,
meme_265.jpg,"ডিমের দাম কত?
পাশের দোকানে তো ৫ টাকা।
ওর মুরগির চরিত্র ভালো না",Hate,Personal Offence,Community
meme_266.jpg,"ছেলে এবং মেয়ের মধ্যে কি পার্থক্য আছে?
মেয়ে এক বছরে একটাই বাচ্চার মা হতে পারবে আর....
ছেলে এক বছরে 365 টা বাচ্চার বাবা হতে পারবে।।",Hate,Personal Offence,Community
meme_267.jpg,"তোর মোবাইলের কী হয়েছে?
কতবার বলবো তোমাকে মা... মোবাইল নষ্ট হয়ে গেছে?
বলতে থাক শুনতে শান্তি লাগছে",Non Hate,,
meme_268.jpg,"আমার সাথে ডেট এ যাবে?
আমি কেন তোমার সাথে ডেট এ যাবো?
আর কতদিন বাড়িতে থাকবে! এবার আমার মনের ভেতরেও একটু থাকো",Non Hate,,
meme_269.jpg,"খুব সংস্কারী বৌমা এনেছিস বাবা..
কেনো মা, কি হয়েছে?
বৌমা রাতের বেলায়ও ইংরেজিতে ঠাকুরের প্রার্থনা করে... ""
Oh God, Oh My God """,Non Hate,,
meme_270.jpg,"ভাতার এর নাম ধরে ডাকলে সমস্যা
অথচ ভাতার জন্য সকাল সকাল লাইন
দিলে কোনো সমস্যা নাই",Hate,Abusive,Individual
meme_271.jpg,"শাড়িতে যদি ছিদ্র দেখা যায়! তাহলে একটা টাকা দিবনা
ম্যাডাম, আমাকে গর্ত দেখাবেন তো.....
তাহলে পুরো শাড়িটা ফ্রীতে দিয়ে দিব...!",Non Hate,,
meme_272.jpg,"ম্যাম আজকে কি পড়াবেন?
আজকের ""চা"" টা খুব মিষ্টি হয়েছে
চিনি তো চা-এ
আজকে বাক্য রচনা শেখাবো, কেল্টু তুমি ""চিনি"" দিয়ে একটা বাক্য রচনা বলো।
চিনি কোথায় গেলো?
গাধা একটা",Hate,Personal Offence,Individual
meme_273.jpg,"হ্যালো জানু কী করছো?
ড্রাইভ করছি তুমি?
অফিসে আছি বস্তা বস্তা ফাইলের মাঝে ফোন রাখো বস আসছে
আমিও রাখি আজ রাস্তায় খুব জ্যাম..
টাটা",Non Hate,,
meme_274.jpg,কেও বাঁশ দিলে রাগ করবেন না আগে খুলে দেখবেন ভেতরে বিরিয়ানিও থাকতে পারে!,Non Hate,,
meme_275.jpg,"শুধু আমরাই কেন শাড়ির কুঁচি ঠিক করবো?
মেয়েরা আমাদের লুঙ্গির গি'ট বাঁ'ইধা দিক!",Non Hate,,
meme_276.jpg,"মেয়ে দুটোর মধ্যে কি পার্থক্য আছে..?
একটা মেয়ের হাতে ঘড়ি আছে, একটার নেই..!
love u baby.. এরম একটা ছেলেই খুঁজছিলাম..!",Non Hate,,
meme_277.jpg,"আমি অনেক হট
বয়স কত তোমার?
১৩ বছর
জ্বর আসছে মনে হয়।",Hate,Personal Offence,Individual
meme_278.jpg,"বাবা, আমি দাদীর সঙ্গে বিয়ে করতে চাই
বোকাচোদা, ওটা আমার মা হলো
তো আবার তুমি আমার মা এর সঙ্গে কেনো বিয়ে করলা?",Hate,Abusive,Individual
meme_279.jpg,"দোকানদার শসার উপর পানি ছিটাচ্ছে ***
ক্রেতা :--ভাই শসার জ্ঞান ফিরলে এক কেজি দিয়েন তো...!!",Hate,Abusive,Community
meme_280.jpg,"স্বামী*
তুমি আমার কোন প্রশ্নে সবচেয়ে বেশি ভয় পাও?
*স্ত্রী
বাচ্চারা ঘুমিয়ে পড়েছে?",Non Hate,,
meme_281.jpg,"আমাদের বাসায় চলে আই
কি খাওয়াবি
কি খাবি বল
সিঙ্গারা
ধুর শালা, আমি ভাবলাম অন্য কিছু খাবি আসার সময় কিনে নিয়ে চলে আসিস",Hate,Abusive,Individual
meme_282.jpg,"Jotoi memes share kori na keno
vhitore vhitore amar onek kosto.",Non Hate,,
meme_283.jpg,"জানো, কাল চাচাজি আমাকে তোয়ালে পরা অবস্থায় দেখে ফেলেছেন।
তারপর তুমি কি করলে?
তারপর আমি সাথে সাথে তোয়ালে খুলে ঘোমটা বানিয়ে নিলাম। আমার মধ্যে কি সংস্কারের অভাব আছে নাকি?",Non Hate,,
meme_284.jpg,"তোমার ফোনে কত বাজে বাজে ভিডিও আছে ...!
Sorry বাবু, কালকে আমার একটা বন্ধু জোর করে দিয়ে দিয়েছে..!
তুমি এত ভয় কিসের, আমি তো এটা বলছিলাম যে সব ভিডিও একা একা দেখবা না..।।",Non Hate,,
meme_285.jpg,"বাবা তোমাকে বাড়িতে ডেকেছে
কেন?
বাবা দেখতে চায় তুমি কতটা বড়লোক
উনাকে বলে দাও আমি গরিবদের সাথে দেখা করিনা!!",Hate,Personal Offence,Individual
meme_286.jpg,"আমি গর্ভবতী, দয়া করে আমাকে একটি আসন দিন।
দেখে তো গর্ভবতী মনে হয় না।
আরে, কীভাবে হবে, এক ঘণ্টা আগেই তো কাজ হয়েছে।",Non Hate,,
meme_287.jpg,"বলো আমার জান বসন্তী, মজা পেয়েছ?
অনেক মজা পেলাম কুর্তা, আলো জ্বালিয়ে দেখে...
আমি বসন্তী না, তোমার মাসি।",Hate,Abusive,Individual
meme_288.jpg,"মা জানো, আমাদের বায়োলজি স্যারকে দেখতে পুরা নায়কের মত লাগে
এভাবে বলেনা মামনি... শিক্ষক বাবার সমতুল্য
মা তুমিনা সবসময় শুধু নিজের দিকটাই দেখলা",Non Hate,,
meme_289.jpg,"এই ছেলে এইটা লেডিস সিট ট ওঠ এইখান থেকে
Sorry! আমার ফেসবুকের আইডির নাম ""Angle Priya""",Non Hate,,
meme_290.jpg,"আমিও একদিন বলবো
হয়েছে এইবার ছাড়ো, তরকারি পু'ড়ে যাচ্ছে",Non Hate,,
meme_291.jpg,"এখনো যে রান্না করতে পারিস না বিয়ের পর বরকে কি খাওয়াবি?
কেন বর আমাকে খাবে..",Non Hate,,
meme_292.jpg,"আচ্ছা প্রেম কি...?
প্রেম কি বুঝস না.... তাইলে এতোদিন আমার সাথে কি করছিস?
ওও... ঐগুলা তো লীলা খেলা....",Non Hate,,
meme_293.jpg,"বস, আমাকে রোজ কত ঘণ্টা বসতে হবে? তুমি নিজেই ভাবো যে আমার পাশের কেবিনে.....
10 ঘণ্টা বসবে নাকি আমার ঘণ্টায় বসবা 10 মিনিট?",Non Hate,,
meme_294.jpg,"মা আমার একটা বনু চাই
তোমার বাবা তো এখন দিল্লিতে বাড়ীতে আসুক তখন বলবো
বাবাকে তো একটা সারপ্রাইজ দিতে পারো",Non Hate,,
meme_295.jpg,"সূর্য কোনোদিনও বাবা হতে পারবে না
কেন
সূর্য তো রাত্রেবেলা ওঠে না।",Non Hate,,
meme_296.jpg,"পোষ্টে ৫/৬ টা রিয়েক্ট পরার পর
Me to my mind
মানুষ আমাদের পাশে আছে",Non Hate,,
meme_297.jpg,"সবসময় বন্ধুদের কথা মন দিয়ে শুনতে হয়,
কারণ তাদের কথা বাড়ির কেউ শোনেনা..",Non Hate,,
meme_298.jpg,"সবাই জানে আমার গালফ্রেন্ড আছে কিন্তু,
শুধু আমি জানি না :)",Non Hate,,
meme_299.jpg,"কি হয়েছে?
বুক ব্যাথা করছে
ডাক্তার দেখাও
দেখিয়েছি
কি বললো?
WOW",Non Hate,,
meme_300.jpg,"এই যে মুটি এদিকে আয়!
দেখ, ভদ্রভাবে কথা বল!
মাননীয়া চর্বিযুক্ত ম্যাডাম, এদিকে আসুন !!",Hate,Personal Offence,Individual
meme_301.jpg,"প্রথমবার ডিম ভাজলাম, উৎসাহ পেলে আর ও ভাজবো।",Non Hate,,
meme_302.jpg,"ভদ্র হয়েও বি'পদে আছি
কাউকে তার প্রাপ্য গালিটাও দিতে পারি না!",Non Hate,,
meme_303.jpg,"আমি তোমায় বিয়ে করতে চাই
কিন্তু আমি তো তোমার থেকে এক বছরের বড়
নো প্রবলেম, আমি পরের বছর করে নেবো",Non Hate,,
meme_304.jpg,"তুমি সব কিছু করতে পারো?
হ্যাঁ সব পারি
নিজের মাথার চুল আঁচড়ে দেখাও
বোক্কা",Hate,Personal Offence,Individual
meme_305.jpg,"মাংস খাচ্ছি
কারণ ভাজা মাছটা উল্টে খেতে জানি না",Non Hate,,
meme_306.jpg,"ঘুমাচ্ছিস?
হ্যাঁ....চুপ করে থাক!!!!!
একটু পায়খানা পেয়েছে না?",Hate,Abusive,Individual
meme_307.jpg,"She: whitener আছে?
He :
আছে, কিন্তু একটু ঝাঁকিয়ে বের করতে হবে
She : সমস্যা নেই, আমি ঝাঁকিয়ে দেবো",Non Hate,,
meme_308.jpg,"শিক্ষিত লোকজন অনেক HOT হয়
কেনো?
কারণ তাদের অনেক ডিগ্রি
বোক্কা......",Hate,Abusive,Individual
meme_309.jpg,"এক্টিভ স্যাস্টাস বন্ধ করার পর আমার বন্ধুঃ
ভাই দেখ তো আমারে এক্টিভ দেখায় নাকি",Non Hate,,
meme_310.jpg,"পাসবুক আপডেট করবো
*SBI employee
লাঞ্চের পরে আসুন আমি লাঞ্চ করেই এসেছি",Non Hate,,
meme_311.jpg,D লেখ কথা দিলাম না হেসে পারবে না,Non Hate,,
meme_312.jpg,"বাবা,, আমকে ভবিষ্যৎ দেখতে শিখিয়ে দাও
আচ্ছা, তাহলে উঠাও তোমার । দামি সারি আর ধুকে ঘোড়া হয়ে যাও
না বাবা,, আপনি পদ মেরে দিবেন
দেখলা শিখিয়ে দিলাম ভবিষ্যৎ দেখতে",Hate,Abusive,Individual
meme_313.jpg,"Amr kosto lage na bhai
Amr just khida lage, Kichokkhon por por khida lage",Non Hate,,
meme_314.jpg,"বাবু, আমায় চিনতে পারছো ?
না কাকু, চিনতে পারলাম না
চিনবেই বা কীকরে! তোমার সাথে যখন দেখা হয়েছিল তখন তুমি অনেক ছোট ছিলে
ঘটে যখন এতই বুদ্ধি, তাহলে এমন ফালতু প্রশ্ন জিজ্ঞেস করলে কেন?",Hate,Abusive,Individual
meme_315.jpg,"মাসে বেতন কত দেবেন?
প্রথমে ১০ হাজার আর ৬ মাস পর ১৮ হাজার
তাহলে ৬মাস পর জয়েন করবো
বোক্কা",Hate,Abusive,Individual
meme_316.jpg,"হাসছি কারণ..
ফেসবুকের নতুন হাহা রিয়‍্যাক্ট এর সাউন্ড শুনে",Non Hate,,
meme_317.jpg,"খালি পেটে লাগে খিদা তোমায় দেখে আমি ফিদা
ভরা পেটে পা হাগা কে তুমি হতভাগা",Hate,Abusive,Individual
meme_318.jpg,"চলো আম্মু আজকে বাইরে খাইতে যায়।
ভাত তরকারি লইয়া উঠানে যা আমি আইতাছি!",Non Hate,,
meme_319.jpg,"গরিবের আবার প্রেম...!
ফেসবুকে মেয়েরা এড আছে, এটাই অনেক।",Non Hate,,
meme_320.jpg,"বাঙালি যতই ব্যাস্ত থাকুক না কেন
রাস্তায় কোন ঝগড়া দেখলে
দাড়াবেই",Non Hate,,
meme_321.jpg,"চিকেন কাটলেট নাকি ফিশ কবিরাজি?
আলুর চপ
মা তোমার জামাই পেয়ে গেছি",Non Hate,,
meme_322.jpg,"বেবী আজ আমাকে সিনেমা দখাতে নিয়ে যাবে
sure...
তুই শুয়োর তোর বাপ শুয়োর তোর চোদ্দ গুষ্টি শুয়োর শান্তির ছেলে
পরের বার থেকে মাধ্যমিক পাশ সার্টিফিকেট দেখে প্রেম করবো",Hate,Abusive,Individual
meme_323.jpg,"হ্যালো, পায়েল I Love You
কে বলছেন আপনি? রং নম্বর..
ওমা দেখো কে কল করেছে..
দে দেখি..
হ্যালো কাকিমা, পায়েল আছে?
হ্যাঁ দুই পায়েই আছে, সাথে চটিও আছে, এসো!",Non Hate,,
meme_324.jpg,"তুই কিসের জাঙ্গিয়া পরিশ?
রূপার
তাহলে রূপা কি পরে?
বোক্কা......",Hate,Abusive,Individual
meme_325.jpg,"পড়াশোনা আর প্রেম দেখতেই ভাল্লাগে, করতে গেলেই ঝামেলা..!!",Non Hate,,
meme_326.jpg,"প্রেম-পিরিতি ছাড়াও যে একজন মানুষ বাঁইচা থাকতে পারে, তার জ্বলজ্যান্ত উদাহরণ আমি।",Non Hate,,
meme_327.jpg,"সবার কাছেই একটা করে পাগলি আছে
আমারটা মনে হয় পাগলা গারদে",Non Hate,,
meme_328.jpg,"বাদাম ভিজিয়ে রেখেছিলাম স্মৃতিশক্তি বাড়াবো বলে
এখন মনে পড়ছেনা কোথায় বাদাম গুলো রেখেছিলাম",Non Hate,,
meme_329.jpg,"আসলে আমি দেখতে যেমন
কোথাও ঘুরতে গেলে আমাকে যেমন লাগে
ফেসবুক হোয়াটসঅ্যাপ এ আমার ডিপি যেমন",Non Hate,,
meme_330.jpg,"GF এর রাগ
কি হয়েছে আমার সোনা বাবুর",Non Hate,,
meme_331.jpg,"বিদেশে গিয়ে
বোবা
থাকতে না চাইলে-
স্পোকেন ইংলিশ
শিখে বিদেশ যান",Non Hate,,
meme_332.jpg,"একটা হাসির কথা বলি
হ্যা বল
হাসবি না কিন্তু
আচ্ছা ঠিক আছে
হাসির কথা বললে হাসবি না তাহলে বলে কি করবো",Non Hate,,
meme_333.jpg,"""মা, আমি কি আজকে নিজের বরের সঙ্গে একা ঘুমাবো?""
""কেন ঘুমাবে না, শুয়ে যাও কিন্তু খেয়াল রাখবা...
""বেশি জোর আওয়াজ করবা না, পাশের রুমে তোমার শশুর শুয়ে আছে।।""",Non Hate,,
meme_334.jpg,"এই দেখেন আমার আব্বুর ফোনে
আপনার ভিডিও",Non Hate,,
meme_335.jpg,"ছেলেদের কোন সখের নারী হয় না,
কেন,,,, কি করে বুঝলি?
কারণ রাস্তায় যে মেয়ে দেখে সেই মেয়ে তাদের সখের নারী হয়ে যায়।",Hate,Gender,Community
meme_336.jpg,"আজ বাড়ি ফাঁকা। রাতে চলে এসো।
কিন্তু বৌদি, দাদা তো দরজায় তালা দিয়ে গেছে।
ঠাকুরপো, ইচ্ছা থাকলে উপায় হয়, জানালার ফাঁক দিয়ে ও কাজ সারা যায়।",Non Hate,,
meme_337.jpg,সারারাত জাগলে কি পরের দিন সকালে দাঁত মাজা দরকার?,Non Hate,,
meme_338.jpg,"সামনের সিটে দুজন বসানোর পর অটোওয়ালা:
অটোওয়ালা :-",Non Hate,,
meme_339.jpg,"ছোটো বেলায় কেউ বাবাকে
""বাপি"" বলে ডাকলে ভাবতাম তারা খুব বড়লোেক",Non Hate,,
meme_340.jpg,"- Miss করতাম বলে'ই Miss call দিতাম,
আর তুমি ভাবছো আমি ফকির..",Non Hate,,
meme_341.jpg,"বুদ্ধিমান হলে উত্তর দিয়ে দেখান
এমন একটা মিষ্টির নাম বলুন যার মধ্যে একটা ফল আর ফুলের নাম থাকবে?",Non Hate,,
meme_342.jpg,"আচ্ছা রুমান্টিক কিছু বলো
বৃষ্টি তোমার কেমন লাগে?
একবার খাইছিলাম পানির মতই লাগে,",Non Hate,,
meme_343.jpg,"তোমাদের এলাকায় ১০ টাকায়
কতগুলো ফুচকা পাওয়া যায়",Non Hate,,
meme_344.jpg,"রাতে খাওয়ার শেষে
লুকিয়ে ছাদে উঠে
সিগারেট খাওয়া আমি
উল্টো দিকের বাড়ির ছাদের
জলের ট্যাংকের উপর
পা ঝুলিয়ে, বছর ১০ আগে
মরে যাওয়া ওই বাড়ির দিদা",Non Hate,,
meme_345.jpg,"বিয়ের পর প্রথম যে ধ'রা'টা খাবেন!
'স্তব্ধতা'
দিনে ঘুমাতে গেলেও সবাই মাইন্ড করবে!",Non Hate,,
meme_346.jpg,"ফুল ছিড়বেন না। প্রকৃত প্রেমিক ছিড়ে না, লাগায়",Non Hate,,
meme_347.jpg,"দাদু আমার নিজের ব্যাংক আছে
বাচ্চাদের তো ব্যাংক হয়না, কি ব্যাংক আছে তোর?
পাওয়ার ব্যাংক",Non Hate,,
meme_348.jpg,"দুঘণ্টা ধরে চা বানাচ্ছি লাল হচ্ছে না,
পরে বউ এসে বলল ওটা নাকি কালো জিরা!",Non Hate,,
meme_349.jpg,"যৌবন ফুরিয়ে যাচ্ছে বয়সের চাপে
এদিকে বিয়ে দিচ্ছে না আমার বাপে",Non Hate,,
meme_350.jpg,"Online Chat
এ আমি যেরম
Voice Call
এ আমি যেরম
Video Call
এ আমি যেরম
Real Life
এ আমি যেরম",Non Hate,,
meme_351.jpg,"মা, পাশের বাড়ির মেয়েটার নাম জুঁই কেন?
ওর মা বাবার জুঁই ফুল ফেভারিট, তাই
তাহলে আমার নাম বান্টু কেন?
উল্টোপাল্টা না বকে পড়তে বস",Non Hate,,
meme_352.jpg,"বন্ধুর বাবার নাম ধরে ডাকার পর যখন দেখি পিছনে বন্ধুর বাবা দাড়িয়ে আছে :
বন্ধুর বাবা
আমি",Non Hate,,
meme_353.jpg,"রিক্সাটা বেশ যাচ্ছিল, হঠাৎ দাঁড়িয়ে পড়লো।
ছেলে: কী ব্যাপার? থামলে কেন?
রিক্সাওয়ালা: আপা যে বললেন, আস্তে আস্তে।
ছেলে: না, না, চালাও। ও তোমাকে বলেনি।",Non Hate,,
meme_354.jpg,"জান কই তুমি?
এক বোনের বিয়েতে যাচ্ছি আমাদের লেক্সাস গাড়িটা নিয়ে...তুমি?
আমি বাসে তোমার পিছনে বসে আছি তুমি ভাড়া দিও না, আমি দিয়ে দিবো",Non Hate,,
meme_355.jpg,"বিহসপতিবার
বেসপতিবার
বৃহস্পতিবার
বিসপতিবার
লক্ষ্মীবার
বিস্যুদবার
বিরোসপতিবার",Non Hate,,
meme_356.jpg,"জামা আর বউ, দুইটাই নিজের হওয়ার পর
ভালো কালেকশন গুলা চোখে পড়ে.!",Non Hate,,
meme_357.jpg,"রান্নাঘর থেকে মাংসের গন্ধ আসছে
দুপুরে খাওয়ার সময় দেখি মা মিট মশলা দিয়ে ইচর বানিয়েছে",Non Hate,,
meme_358.jpg,"বাঙ্গালীর বাথরুমে
নতুন সাবান
পুরোনো সাবান",Hate,Personal Offence,Community
meme_359.jpg,"আব্বু আমাকে একটা ঢোল কিনে দিবে,,
না, তুই সারাদিন এটা বাজিয়ে বিরক্ত করবি সবাইকে
দেও না কিনে, আমি কথা দিচ্ছি কাউকে বিরক্ত করব না, সবাই যখন ঘুমিয়ে যাবে তখন আমি বাজাব,,",Non Hate,,
meme_360.jpg,ছেলেদের মন!,Hate,Gender,Community
meme_361.jpg,"সোনাই
তোমার কাছে গাড়ি আছে?
হ্যাঁ আছে, কেন!
আজ রাতে দেবে?
হ্যাঁ দেবো, কিন্তু গাড়ির কথা কেন জিজ্ঞেস করছিলে!
",Non Hate,,
meme_362.jpg,"ওকে বেবি!! আই লাভ ইউ বাই...!
*বস
কি বলল তোমার বর...
বলল আজ রাতে আমি বাড়ি আসবো না, আমার বসের বউয়ের সাথে মিটিং আছে...",Non Hate,,
meme_363.jpg,"ব্রেকআপ হওয়ার কারণ কি ছিলো
তাকে না বলে বিয়ে করে ফেলছিলাম! আর এই ছোট্টো একটা কারনে, সে আমার সাথে ব্রেকআপ করে ফেলছে...",Non Hate,,
meme_364.jpg,"সূর্যের তীব্র sin A আমার sec C মুখে tan পড়ে গেছে
এই cot cot A রোদে খুব cos 2 হচ্ছে!",Non Hate,,
meme_365.jpg,"শশুড়বাড়ী যেয়ে মুখটা বন্ধ রাখিস!
এখন আর কথায় কথায় ছ্যাত করে উঠিস না!",Non Hate,,
meme_366.jpg,"ছবি দেখে শূন্যস্থান পূরণ করুন:-
(প্রবাদ বাক্য)",Non Hate,,
meme_367.jpg,"ভূমিকম্প
ঝড়
বজ্রপাত
প্লাস্টিকের প্যাকেট খোলার শব্দ",Non Hate,,
meme_368.jpg,"তোমার কি মন খারাপ? না আমার পেট, ফোন, কপাল, মুড, লাইফ সব খারাপ...
চেহারা বলতে ভুলে গেছো...",Hate,Personal Offence,Individual
meme_369.jpg,"রাতে ঘুম আসে না
অথচ সকালে প্রচুর ঘুম পায়
এটা কি আমার আমেরিকা যাওয়ার লক্ষণ?",Non Hate,,
meme_370.jpg,"আমি তোমাকে বিয়ে করতে চাই...
তুমি কি সরকারি চাকরি করো?
তোর ভাই একটা বাড়িতে বেকার... তোর চাই সরকারি চাকরি ওয়ালা জামাই...",Non Hate,,
meme_371.jpg,"পল্টু, বলোতো ""গাছের উপর প্রসাব করছে"" এর ইংরেজি কি হবে?
সট্রি (হিস+ট্রি)
নিজে ক্লাস থেকে বেরাবি নাকি আমি বের করবো?",Hate,Abusive,Individual
meme_372.jpg,"চা করি?
করো!
আদা দেবো?
দাও!
গোলমরিচ দেবো?
হ্যাঁ, দাও!
তুলসী পাতা দেই? শুনেছি খুব উপকারী!
সঙ্গে পেঁয়াজ, লঙ্কা, জিরে সব দাও। ভাত দিয়ে খেয়ে নেবো।",Non Hate,,
meme_373.jpg,"ভাই আপনিতো Black লাভার
তাহলে বিড়াল কেন গোলাপি চান...",Non Hate,,
meme_374.jpg,"বিয়ে বাড়িতে মেয়ে দেখতে আসছো নাকি খেতে আসছো?
খেতে খেতে মেয়ে দেখতে আসছি।",Non Hate,,
meme_375.jpg,"পটানোর আগে কতো ঢং
পটে গেলেই বেরিয়ে আসে গিরগিটির আসল রং",Non Hate,,
meme_376.jpg,"কি রে বান্ধবী তোর ফুলশয্যা কেমন কাটলো?
আর বলিস না, প্রথমে কয়েকবার মিসকল দিল, তারপর যখন কল ঢুকলো তখন ব্যালেন্স শেষ..!",Non Hate,,
meme_377.jpg,"তুই যে পালিয়ে বিয়ে করে নিলি, তা বউকে এখন খাওয়াবি কি?
দিদির তো বিয়ে হয়ে গেলো, ওর ভাগেরটা আমার বউ খাবে
হরা'মজা'দা",Hate,Abusive,Individual
meme_378.jpg,"বাথরুমে গাজর পরে আছে কেনো?
তুমি যে সেম্পু ফেলে আসো আমি কিছু বলি..?",Non Hate,,
meme_379.jpg,"নেট সমস্যা করতাছে wifi ও নাই যে কানেক্ট করবো
তোমার মুখের সাথে কানেক্ট করে দেও, ঐটা তো ভালোই চলে তর্ক করার সময়!",Hate,Personal Offence,Individual
meme_380.jpg,"তোমার ওইটা এত কালো কেনো? কালে
কাজল দিয়ে রাখি, যাতে কেউ নজর না দিয়ে দেয়",Non Hate,,
meme_381.jpg,"খেয়ে ছেড়ে দেবে না তো?
না! রেখে রেখে সারাজীবন খাবো",Non Hate,,
meme_382.jpg,"যে বাড়িতে AC আছে
সেই বাড়িতে বউ হতে আমার কোনো আপত্তি নাই।",Non Hate,,
meme_383.jpg,আমার ছোটবেলার ছবি কোন একদিন এক স্টুডিও তে। ক্যামেরা ম্যান শুধু বলছিল সোজা হয়ে বরাবর তাকাও,Non Hate,,
meme_384.jpg,"ভাড়া কত?
আইচ্ছা ৫০ টাকা দিয়েন
ভাড়া তো ৮০ টাকা, আপনে ৫০ টাকা চাইতেছেন কেন?",Non Hate,,
meme_385.jpg,"নমস্কার কাকু, অনুভব আছে?
হ্যাঁ আছে, তিন ছেলেমেয়ের বাবা আমি
আরে কাকু, আমি তো আপনার ছোট ছেলে অনুভবের কথা বলছিলাম",Non Hate,,
meme_386.jpg,"শুধু লাগিয়ে ছেড়ে দিলেই হবে?
সাথে যত্ন ও নিতে হবে, নাহলে গাছটা নষ্ট হয়ে যাবে!",Non Hate,,
meme_387.jpg,"একদিন আমিও বলবো
হয়েছে এবার ছাড়ো তরকারী পুড়ে জাচ্ছে",Non Hate,,
meme_388.jpg,"কাল রাতে আমাকে ব্লক করছো কেন?
তুমি আমারে কালো বলছো কেন?
তো এখন ব্লক করে কি ফর্সা হয়ে গেছো?",Hate,Personal Offence,Individual
meme_389.jpg,"দারা! তোর হেলমেট নেই!
সরে যা! ব্রেকও নেই",Non Hate,,
meme_390.jpg,"আমাদের বাসায় চলে আই
কি খাওয়াবি
কি খাবি বল
সিঙ্গারা
ধুর শালা, আমি ভাবলাম অন্য কিছু খাবি আসার সময় কিনে নিয়ে চলে আসিস",Hate,Abusive,Individual
meme_391.jpg,"বাবা আমি বিয়েতে পন নেবো না
তোকে তো নিজের কুতাও কেও দেবে না, মেয়ে কে দেবে?।",Hate,Abusive,Individual
meme_392.jpg,"তুমি অনেক মাতুরে
মাতুরে কি?
আরে মাতুরে বুঝো না?
mature?
হ্যা এই মাতুরে",Non Hate,,
meme_393.jpg,"সে আমারে গুডনাইট বলার পর,
যারে হাই দিত, সেটাও আমি ছিলাম!",Non Hate,,
meme_394.jpg,"বাস কাকু : ""দিদি আপনার টা দেখি""
এইখানে দেখাতে পারবনা",Non Hate,,
meme_395.jpg,"বলবো বলবো করে তোমাকে একটা কথা বলা হয় নি
বলেই ফেলো তাহলে
আমি বলুম না... আমার শরম করে...",Non Hate,,
meme_396.jpg,"ক্লাসে থাকা তিন ধরনের স্টুডেন্ট
যারা স্যারের সাথে তর্ক করে
যারা কোনরকমে বোঝার চেষ্টা করে
যারা কিসের ক্লাস চলছে সেটাই বুঝতে পারে না",Non Hate,,
meme_397.jpg,"Hall এ গিয়ে দেখা
তোমার প্রথম সিনেমা কোনটি ??",Non Hate,,
meme_398.jpg,"সবসময় ভদ্র মার্জিত ভাষায় কথা বলবে ঠিক আছে?
ঠিক আছে ম্যাডাম
এবার বলো রামায়ন কে লিখেছিলেন?
ম্যাডাম চুলমিকি",Hate,Abusive,Individual
meme_399.jpg,"আর একবার হবে নাকি?
আরো একবার করতে
হলে ওটার জায়গায় আমার আত্মা বেরিয়ে আসবে",Non Hate,,
meme_400.jpg,"তোমার বাবা টিভি দেখার সময়
৫ মিনিট পর...
তারপর তুমি চ্যানেল পরিবর্তন করলে
তারপর বাবা...
আমি ঐ টা দেখতাছি, ঐ চ্যানেল টা দে।",Non Hate,,
meme_401.jpg,"লাইট বন্ধ করি ১২ টায়
চোখ বন্ধ করি ৪ টায়...!",Non Hate,,
meme_402.jpg,"me maa banne wali hu
mene to kuch nhi kiya
tumhare papa ne propose kiya hai me tumhari maa banne wali hu",Non Hate,,
meme_403.jpg,"দেখা তোর জিনিস পত্র
ধুর, এত ছোট তোর নামটাই শুধু বিশাল",Non Hate,,
meme_404.jpg,"বৌদি, আমি ভালো ছেলে হতে চাই..
দুধ না খেলে হবেনা ভালো ছেলে..
তাহলে দাও...",Hate,Abusive,Individual
meme_405.jpg,"69 korba?
উনসত্তর?",Non Hate,,
meme_406.jpg,"কি করছো?
ছোটো ভাইকে ঘুম পারাচ্ছি
কিন্তু তোমার তো কোনো ছোটো ভাই নেই",Non Hate,,
meme_407.jpg,"যখন আকাশে খুব মেঘ করে আর বৃষ্টি পরে, তখন তোমার কথা খুব মনে পরে
সত্যি? কেনো সোনা?
কারণ আমার ছাতাটা এখনো তোর কাছে, কবে দিবি?",Hate,Personal Offence,Individual
meme_408.jpg,"যখন কেউ ম্যাসেঞ্জারে বলে, ""hii fraaand... frendsip korba?""
আমি:
কে হে তুমি চাঁদবদন?",Non Hate,,
meme_409.jpg,"তুমি আমাকে বিয়ের পরও ভালোবাসবা
আমি বিয়ের পরও তোমাকে এভাবে ভালোবেসে যাবো জান
২০ তারিখে আমার বিয়ে, তোমার দাওয়াত",Non Hate,,
meme_410.jpg,"মা, আমি গর্ভবতী।
কি, কিন্তু কিভাবে এসব ঘটল?
দুর্ঘটনা! কালমুহি,
এটি একটি দুর্ঘটনা ছিল?? রাস্তায় হাঁটার সময় কি তাঁর লিঙ্গে পড়ে গেছিলিস??",Hate,Abusive,Individual
meme_411.jpg,"সত্যিকারের ভালোবাসা থাকলে আর কি চাই?
একটা খালি রুম",Non Hate,,
meme_412.jpg,"বেটা অনেক সংস্কারি বউ নিয়ে এসেছিস
কেনো কী হয়েছে মা?
রাতে ইংরেজি মন্ত্র জপ করছিল oh God... ohh my God....",Non Hate,,
meme_413.jpg,"তোমার মতন ১০০০টা যাবে আসবে
ভগবান তোর ব্যবসা বড় করুক",Non Hate,,
meme_414.jpg,"মোটামুটি সবখানেই বসতে পারি..
এখন শুধু মুখে বসাটা শিখতে হবে..",Hate,Abusive,Individual
meme_415.jpg,"কারো কাঁচা কারো পাকা, কারো আবার চুলে ঢাকা মারলে এত লাগে ভারী, দু অক্ষরে চিনতে পারি। বলো কি হবে?
পোদ
মাথা হবে ওটা.. মাথা..
",Hate,Abusive,Individual
meme_416.jpg,"একটা কথা বলবো
বলে ফেলো আজ সব মনের কথা
বিয়ের পরেও যদি আমুল দুধ কিনে চা খেতে হয়, তাহলে বিয়ে করার কি দরকার!!",Non Hate,,
meme_417.jpg,"নিজের একটা ফেমাস ডায়লগ মেরে যান.....
যেটা আপনি সবসময় কথায় কথায় মারেন।",Non Hate,,
meme_418.jpg,"পাড়ার ছেলেরাই পাত্তা দেয়না পাত্তা
আবার কোরিয়ান ছেলেদের বিয়ে করার স্বপ্ন দেখে",Hate,Personal Offence,Individual
meme_419.jpg,"আমি
ফ্যান
বৃষ্টি",Non Hate,,
meme_420.jpg,"আজকে আমার মন খারাপ, জিজ্ঞেসা করো কেনো!
কেনো..?
তুমি বুঝবানা!",Non Hate,,
meme_421.jpg,প্লেটের দিন শেষ এখন কাপেই চা-বিস্কুট দেওয়া যায়,Non Hate,,
meme_422.jpg,"এক নিপীড়িত স্বামীর স্বীকারোক্তি ...
সেই কবে কলেজে একটু হাত টিপে ধরেছিলাম..
কি বলবো দুঃখের কথা...
প্রতিদানে আজও ৩০ বছর ধরে পা টিপে যাচ্ছি..",Non Hate,,
meme_423.jpg,কোন জিনিস আমরা প্রতিদিন মুখে দিই কিনতু না খেয়েই ফেলে দি,Non Hate,,
meme_424.jpg,"star কে বাংলায় কি বলে?
তারা
তোর মুখটাই কেমন বেকা বাঁড়া
মার বেটাকে ধরে",Hate,Personal Offence,Individual
meme_425.jpg,"বিজি আছি পরে কথা বলি
কেন কি হলো তোর?
হসপিটালে আছি
হসপিটালে কেন?
কাজিন কথা বলতে পারছেনা, হাটা চলাও করতে পারছে না
কি হয়েছে তোর কাজিনের।
কিছুক্ষন আগে জন্ম নিছে তাই",Non Hate,,
meme_426.jpg,"সবাই My Teacher এর ওপর একটি রচনা লেখো
সোনাই
ম্যাম একটা প্রশ্ন ছিলো, বড় বড় পাছাকে ছাকে ইংরেজিতে কি বলে?
বেরও আমার ক্লাস থেকে",Hate,Abusive,Individual
meme_427.jpg,"আমি মারা গেলে কি করবা?
পাগল হয়ে যাবো
আরেকটা বিয়ে করবা না তো?
পাগলে কিনা করে।",Non Hate,,
meme_428.jpg,"*আজকে সারারাত গাড়ি চালাবো
* পারবে না..
* কেনো?
* পেট্রোল শেষ হয়ে যায় রাস্তা শেষ হয়না..",Non Hate,,
meme_429.jpg,"একটা কথা বলবো, মারবে না তো!
না, বলো...
আমি প্রেগনেন্ট
আরে বাহ! এটা তো ভালো খবর মারবো কেন তোমায়?
কলেজে পড়ার সময় বাবাকে বলেছিলাম, খুব মেরেছিলো",Non Hate,,
meme_430.jpg,"কারিগর যদি ভালো হয়
তাহলে মিষ্টি তো বড়ো হবেই!",Non Hate,,
meme_431.jpg,"*স্বামী
*স্ত্রী
কি হয়েছে?
বুক ব্যথা করছে
ডাক্তার দেখাও
দেখিয়েছি
তো কি বলল?
Wow",Non Hate,,
meme_432.jpg,"ভালো থাকো আর পারলে আমারে মাফ করে দিও
ঠিক আছে ব্লক করে দেও তাহলে
তুমি করে দেও আমার হাত কাঁপতাছে!",Non Hate,,
meme_433.jpg,"বাবু, আমায় চিনতে পারছো ?
না কাকু, চিনতে পারলাম না
চিনবেই বা কীকরে! তোমার সাথে যখন দেখা হয়েছিল তখন তুমি অনেক ছোট ছিলে
ঘটে যখন এতই বুদ্ধি, তাহলে এমন ফালতু প্রশ্ন জিজ্ঞেস করলে কেন?",Non Hate,,
meme_434.jpg,"মা, সেই দিন যদি বাবার কথাটা শুনতাম তাহলে আজকে আমার এই অবস্থা হতো না
কেনো কি বলেছিল তোর বাবা?
শুনি নাই তাহলে বলবো কি করে!",Non Hate,,
meme_435.jpg,"শালী দুলাভাই
হট চিপস্",Non Hate,,
meme_436.jpg,"যে বাড়িতে AC আছে
সেই বাড়িতে বউ হতে আমার কোনো আপত্তি নাই।",Non Hate,,
meme_437.jpg,"মা চুলে কেটে আসলাম -
আরো একটু ছোট করতে পারলি নাহ।",Non Hate,,
meme_438.jpg,"তোমার Taglist এ প্রথম যে
মেয়েটি আসবে তার মাথায়
এইরকম উকুন ভর্তি",Hate,Gender,Community
meme_439.jpg,"আম্মু আজকে অনেক ঠান্ডা লাগছে
আরো দেখ মোবাইল",Non Hate,,
meme_440.jpg,"আমি অনেক হট
বয়স কত তোমার?
১৩ বছর
জ্বর আসছে মনে হয়।",Non Hate,,
meme_441.jpg,"পড়ালেখা করলেও বাসন মাজতে হবে..!!
পড়ালেখা না করলেও বাসন মাজতে হবে, পার্থক্য শুধু ""ছাই আর ডিমবার""",Non Hate,,
meme_442.jpg,"Mera msg
Uska reply",Non Hate,,
meme_443.jpg,"কিরে অনীক কাল স্কুল আসিসনি কেন?
আমি কাল স্বপ্নে আমার গার্লফ্রেন্ডের সাথে সুইজারল্যান্ড গিয়েছিলাম
আর বাপ্পা তুই এলি না কেন?
আমি অনীক আর ওর গার্লফ্রেন্ডকে এয়ারপোর্টে ছাড়তে গিয়েছিলাম",Non Hate,,
meme_444.jpg,"যাক, এবার গাড়ি চালানোর সময় আর বগল ঘামবে না",Non Hate,,
meme_445.jpg,"জানো, এই হাতটাই ছিলো আমার সাথী... এই হাতটা দিয়ে কতো করেছি..
এখন আমি এসে গেছি...এখন আর হাতের কাজ করতে হবে না...",Non Hate,,
meme_446.jpg,"দিনরাত Facebook, whatsapp এর পেছনে খেটে যাওয়া শ্রমিকদের জানাই
শুভ শ্রমিক দিবস",Hate,Personal Offence,Community
meme_447.jpg,"ভালো হতে চাইছিলাম,
কিন্তু কালো হয়ে যাচ্ছি!!",Non Hate,,
meme_448.jpg,"পিছনে কথা বলার জন্য কিছু লোক রাখছি
বিশ্বাস করেন এক টাকাও দি না তবুও কামলার মতো খাটে!",Non Hate,,
meme_449.jpg,"গলাটা ব্যাথা করছিলো, ট্যাঙ্কির জল নিয়ে গার্গল করলাম, এখন একটু আরাম লাগছে।",Non Hate,,
meme_450.jpg,"দোস্ত জানিস? প্রতি তিনজনের মধ্যে একজন ছাঁচড়া হয়
কিন্তু আমি তো ছাঁচড়া না
আমিও না",Non Hate,,
meme_451.jpg,"সে বলেছিল তার গাড়ি, বাড়ি, সুইমিং পুল আছে",Non Hate,,
meme_452.jpg,"কলেজের প্রথম দিন, একজন সুন্দরী মেয়ে আমার কাছে এসে বলল...
""হাই, আমি ফাষ্ট ইয়ার আর তুমি?'
আমি বললাম......
"" ধেৎ পাগলী, আমি আমার মেয়ের এডমিশন এর জন্য এসেছি...., ""
Santoor সাবান দিয়ে শুধু মা রাই স্নান করে না, মাঝে-মধ্যে আমরা বাবারাও স্নান করি।",Non Hate,,
meme_453.jpg,"৭টা আইডি দিয়ে ওরে পটাচ্ছিলাম,
ও ৭ বারই পটে গেছে!",Non Hate,,
meme_454.jpg,"২২ বছর অপেক্ষা করলাম
শুধুমাত্র ২২ সেকেন্ড এর জন্য",Non Hate,,
meme_455.jpg,"ভালোবাসা কখনো ঝোঁকে না
শুধু পজিশন নেয়",Non Hate,,
meme_456.jpg,"বাড়িয়ে দাও তোমার হাত, আমি আবার তোমার আ'ঙু'ল ধরতে চাই
না হাত দেবোনা
কেনো?
আগের বার দিয়েছিলাম, তারপর হাতের সোনার আংটিটা খুঁজে পাচ্ছিনা",Non Hate,,
meme_457.jpg,"কালকে যে ফকিরকে খাবার দিয়েছিলাম, সে আস্ত একটা ফাজিল!
কেন! কি হয়েছে?
আজকে এসে সে একটা রান্না শেখার বই দিয়ে গেছে!",Hate,Abusive,Individual
meme_458.jpg,"বিশ্বাস তো সেদিনই উঠে গেছে
যেদিন বাজার থেকে গরম মশলা কিনে এনে দেখি পুরাই ঠান্ডা",Non Hate,,
meme_459.jpg,"দোস্ত একটা কথা বলি
হম বল 
কী বলে ডাক দিলে সুন্দরী মেয়েরা প্রথমবারেই মেসেজের রিপ্লাই করবে
মা বলে! কারণ সন্তানের ডাক মা কখনো উপেক্ষা করতে পারে না",Non Hate,,
meme_460.jpg,"তুমি আমাকে ঠিক কতটা ভালোবাসো?
ঠিক এতটা ভালোবাসি যে তুমার Favorite Colour হলুদ জানার পর থেকে ব্রাশ করি না..",Non Hate,,
meme_461.jpg,"হট লাগতেছে খুব
আমি আসবো জান শালা! তুর্নি লাগতেছে বলি নাই",Hate,Abusive,Individual
meme_462.jpg,"আমার নিজের একটা ব্যাংক আছে
আচ্ছা, কি ব্যাংক?
পাওয়ার ব্যাংক
শুয়োরের",Hate,Abusive,Individual
meme_463.jpg,"যখন ডেন্টিস্ট বলে মুখ খুলতে
ফুচকার
দোকানে",Non Hate,,
meme_464.jpg,"শহর দেখতে এসেছিলো নাতি
দেখতে পারেনি কিছু-ই, কারণ সামনে ছিলো হাতি।",Hate,Personal Offence,Community
meme_465.jpg,"নীচের ফ্লোরের মহিলার সঙ্গে তোমার কী চক্কর চলছে?
কেন? আমি তো চিনিই না!
তবে সে বলছে কেন.. ওপরওয়ালা তার সঙ্গে আছে?",Non Hate,,
meme_466.jpg,একটি ছেলে মাছ ধরছিল তখন এক লোক জিজ্ঞেস করল তুমি কি প্রতিদিন মাছ ধরো আর এক লোক জিজ্ঞেস করল তুমি কোন স্কুলে পড়ো ছেলেটি এককথায় দুজনকে কি উত্তর দিবে?,Non Hate,,
meme_467.jpg,"স্ত্রী
: এই শুনছো, তোমার জন্য শার্ট এনেছি।
স্বামী : আরে বাহ্ খুব ভালো! তা কত টাকা নিয়েছে?
স্ত্রী : ৭৫০০ টাকার শাড়ির সঙ্গে ফ্রী-তে পেলাম গো। শার্টটা এত পছন্দ হলো যে বাধ্য হয়ে শাড়িটা কিনতে হলো!",Non Hate,,
meme_468.jpg,"এতো যত্নের পরেও মাথায় চুল থাকে না!
আর তুই, বলিস যে থাকার সে এমনিতেই থাকবে?",Non Hate,,
meme_469.jpg,"আমি এতোটাই ফুডি যে
নিজের সুখশান্তি ও খেয়ে ফেলছি....",Non Hate,,
meme_470.jpg,"তোকে না বলেছিলাম পাস করলে মোবাইল কিনে দেব। তবু ফেল করলি! পড়া বাদ দিয়া কী করছিলি?
মোবাইল চালানো শিখছিলাম!",Non Hate,,
meme_471.jpg,"ডাক্তার: কি সমস্যা?
রোগী : যা বলি কিছুক্ষণ পরেই ভুলে যাই!
ডাক্তার : কতদিন থেকে এই সমস্যা?
রোগী: কোন সমস্যা?",Non Hate,,
meme_472.jpg,"সব মেয়েরা ভালোবাসা চায় না
কিছু কিছু মেয়ে ওইটাও চায়..",Non Hate,,
meme_473.jpg,"খুব সংস্কারী বৌমা এনেছিস বাবা..
কেনো মা, কি হয়েছে?
বৌমা রাতের বেলায়ও ইংরেজিতে ঠাকুরের প্রার্থনা করে...""
Oh God, Oh My God """,Non Hate,,
meme_474.jpg,"সান্ডা
গুইসাপ",Non Hate,,
meme_475.jpg,শখের পুরুষ কখনও জোরে thapai না জোরে তো thapai পর পুরুষ,Hate,Abusive,Community
meme_476.jpg,"১৬ টাকায় ৯০ মিনিট কিনলাম
কিন্তু মেয়াদ তো ৬মিনিট",Non Hate,,
meme_477.jpg,"কি হলো মুখে নাও
কিন্তু আজতো আমার নিরামিষ, মাংস মুখে নিতে পারবোনা
ধুর পাগলি কলা তো নিরামিষ হয়",Non Hate,,
meme_478.jpg,"বাবা মা:- ভগবান আমার
মেয়েকে দীর্ঘায়ু দিও
মেয়ে:-
মেরে ফেলো সোনা আমায় তুমি মেরে ফেলো",Non Hate,,
meme_479.jpg,"দোস্ত ভিতরে ফেলিস না!
কেন রেখাভা?
ভিতরে আমার বয়-ফ্রেন্ড ফেলবে তুইতো জাস্ট ফ্রেন্ড!",Hate,Abusive,Individual
meme_480.jpg,৩ মিনিট ২১ সেকেন্ড এর সফলতা।,Non Hate,,
meme_481.jpg,"জান তোমাকে স্বপ্নে দেখলাম..
বিশ্বাস করি না! স্ক্রিনশট দাও!!",Non Hate,,
meme_482.jpg,"আমি তোমাকে ভালোবাসি?
মুখ সামলে কথা বল...আমি তোমার থেকে বয়সে বড়...!!
আচ্ছা,.. তাহলে আমি আপনাকে ভালোবাসি",Non Hate,,
meme_483.jpg,"বিয়ের আগে...
বিয়ের পর জামাই নিয়মিত চুমু দেওয়ার পর",Non Hate,,
meme_484.jpg,"আজকে তোমার ফুলশয্যা, ভয় করছে?
না..ভয় করবে কেন ঠাকুম...
তার মানে আগে থেকেই পাকা খেলোয়ার..",Non Hate,,
meme_485.jpg,"আয় আয় চাঁদ মামা
টিপ দিয়ে আহহহহ२२२२२२२२२...",Non Hate,,
meme_486.jpg,তার শিশুকে তিনি শিশু-খাদ্য খাওয়াচ্ছে।,Non Hate,,
meme_487.jpg,"প্রিয় মায়া
শুধু ভাত কাপড়ের অভাবে নয়,.
লাগানোর অভাবেও বউ ছেড়ে যায়..!",Hate,Abusive,Individual
meme_488.jpg,"রাত 12 টা বাজলে ঘড়ির একটা কাটা আরেকটার উপর উঠে যায়..
হাসির বাক্স
আর আমরা তো মানুষ...",Hate,Abusive,Individual
meme_489.jpg,"তোমার কথায় উঠ-বস করব...
কিন্তু শুধুমাত্র খাটে...",Non Hate,,
meme_490.jpg,"বৌমা রোজ রোজ ৮ টাই ওঠা চলবে না।
আপনার ছেলেকে বলবেন রাতে তাড়াতাড়ি ছেড়ে দিতো",Non Hate,,
meme_491.jpg,"তুমি আমার কাছে ঠিক এমনি থাকবে
তুমি ১০০ কোটির মধ্যে একটা নারী..
যাকে আমি অসম্ভব ভালোবাসি..!",Non Hate,,
meme_492.jpg,"তুমি খেলা দেখাতে নিয়ে যাবে বলে
আমাকে নিয়ে হোটেল রুমে আসলে কেন?",Non Hate,,
meme_493.jpg,"শোন
মনে কর তোর বিয়ে হয়লো, তারপর তোর জামায়ের সাথে আমি বাসর রাত করলাম
বল
ওকে, আচ্ছা তুই মনে কর তোর বড় ভাইয়ের সাথে আমার বিয়ে হলো। তাহলে",Hate,Personal Offence,Individual
meme_494.jpg,"Ammu: তরকারি পছন্দ না হলে নিজে রান্না করে খা!
Me: তাহলে রেজাল্ট পছন্দ না হলে নিজে গিয়ে পরিক্ষা দিবা!",Non Hate,,
meme_495.jpg,"শান্তি লাগে!
অনেক শান্তি লাগে!
যখন শুনি হযরত মুহাম্মদ (সঃ) তার একটি উম্মাত কে রেখেও জান্নাতে যাবে না!",Non Hate,,
meme_496.jpg,"কাল রাতে তিনজন চোর আমাদের বাড়িতে ঢুকেছিল।।
তাহলে তুমি তাদের থামাতে পারলা না ?
আমি তাদের অনেক থামানোর চেষ্টা করলাম কিন্তু ওরা বললো এখন আমরা ক্লান্ত, আমাদের যেতে দিন।",Non Hate,,
meme_497.jpg,"তোকে যখনই জিজ্ঞেস করি তখনই বলিস তোর বয়ফ্রেন্ড নেই
তাহলে ঐগুলো এত বড় হচ্ছে কি করে?",Hate,Personal Offence,Individual
meme_498.jpg,"আয় আয় চাঁদ মামা....
২০ মিনিট পর
টিপ দিয়ে আহহহহ२२..",Non Hate,,
meme_499.jpg,"বাবু, কিছু হবেনা তো...???
না সোনা, কিছু হবে না...!!!
30 মিনিট পর :
বাবু প্লিজ এটাকে আরো ভিতরে ঢুকাও না...!!",Non Hate,,
meme_500.jpg,"কি চাও তুমি?
তোমার দেহ.",Non Hate,,
meme_501.jpg,"হি'সু চেপে রেখে তাঁর সাথে কথা বলতাম,
বিয়েতো হয়নি উল্টো কিডনিতে পাথর জমে গেছে।",Non Hate,,
meme_502.jpg,"প্রিয় স্বামী;
যদি ভালা মাইনসের বেটা হও তাইলে আমারে নিতে আসো..!",Non Hate,,
meme_503.jpg,"আমার জীবনে যে যুদ্ধ চলতাছে,
আর কত সিঙ্গেল থাকবি
ঐটার কাছে ভারত-পাকিস্তানের যুদ্ধ কিছুই না।
আর কত সিঙ্গেল থাকবি",Non Hate,,
meme_504.jpg,"আচ্ছা প্রেম কি...?
প্রেম কি বুঝস না.... তাইলে এতোদিন আমার সাথে কি করছিস?
ওও... ঐগুলা তো লীলা খেলা....",Non Hate,,
meme_505.jpg,"আজ বাড়ি ফাঁকা। রাতে চলে এসো।
কিন্তু বৌদি, দাদা তো দরজায় তালা দিয়ে গেছে।
ঠাকুরপো, ইচ্ছা থাকলে উপায় হয়, জানালার ফাঁক দিয়ে ও কাজ সারা যায়।",Non Hate,,
meme_506.jpg,"দোস্ত ভিতরে পরে গেছে....
কেন রে বা/ড়া?
বললাম না ভিতরে আমার বর ফেলবে...!!!",Hate,Abusive,Individual
meme_507.jpg,"পরিক্ষার শেষে তো সবাই রিভাইস দেয়, তুই দেস না কেনো?
কেমনে দিমু, আমি তো আমার লেখায় বুঝিনা!",Non Hate,,
meme_508.jpg,"দুলাভাই এর জুতা চুরি করেছি:-
ভাবীর গহনা চুরি করেছি:-",Non Hate,,
meme_509.jpg,"তিনবারে হবে না আরও দুবার খেলতে হবে
কী করে আর খেলব পেট্রোলই তো শেষ",Non Hate,,
meme_510.jpg,"বয়সের সাথে সাথে
মায়ের সাথে বন্ধুত্বটা ক্রমশ বাড়তে থাকে",Non Hate,,
meme_511.jpg,"১ সেকেন্ড আগে
০০০.১ সেকেন্ড পরে",Non Hate,,
meme_512.jpg,"গামছা পরে ময়লা দিতে যাওয়ায়,
আমাকে কাজের মেয়ে ভেবে প্রপোজ করা ময়লাওয়ালা!",Non Hate,,
meme_513.jpg,"পান্তাভাতে কাঁচা লঙ্কা গরম ভাতে ঘি
তুমি আমি খাট ভাঙবো পাড়ার লোকের কি",Non Hate,,
meme_514.jpg,"আমাদের বাসায় চলে আই
কি খাওয়াবি
কি খাবি বল
সিঙ্গারা
ধুর শালা, আমি ভাবলাম অন্য কিছু খাবি আসার সময় কিনে নিয়ে চলে আসিস",Hate,Abusive,Individual
meme_515.jpg,"* স্বামী
*স্ত্রী
কি হয়েছে?
বুক ব্যথা করছে
ডাক্তার দেখাও
দেখিয়েছি
তো কি বলল?
Wow",Non Hate,,
meme_516.jpg,"আজকে আমাদের বাসররাত
আমি ঘোমটা উঠাচ্ছি
এইসব ফালতু কাজ আমি করে নেবো তুমি শুধু
আমার জন্য তোমার টা উঠাও",Non Hate,,
meme_517.jpg,"পড়িস তো মাহিলা কলেজে, তাহলে এতো সাজিস কেন?
কলেজের দারোয়ানদের দেখানোর জন্য?",Non Hate,,
meme_518.jpg,"খেয়ে ছেড়ে দেবে না তো?
না! রেখে রেখে সারাজীবন খাবো",Non Hate,,
meme_519.jpg,"এতো গরম পড়েছে.. একটা A.C কিনতে পারো না!
তোমার গরম লাগছে বলবে তো ...এসো গরম কমিয়ে দিচ্ছি..
এভাবে গরম কমে না,... বেড়ে যায়..।।",Non Hate,,
meme_520.jpg,"বিয়ে করে একটা মানুষের জীবন,
নষ্ট করতে চাইনা।",Non Hate,,
meme_521.jpg,"বন্ধুরা ট্যুর প্লান করলে না করবেন না!
কারন যখন টাকা হবে তখন সময় হবে না
আর যখন সময় হবে তখন বন্ধুরা থাকবে না!",Non Hate,,
meme_522.jpg,"বিড়ালের যখন খিদে পায়
আস্ত মোরগ গিলে খায়..",Non Hate,,
meme_523.jpg,কথা নয় কাজ,Non Hate,,
meme_524.jpg,"বলেছিল আইসক্রিম খাওয়াবে...
রুমে নিয়ে কলা খাইয়ে দিলো..।।",Non Hate,,
meme_525.jpg,"আমার ভিতরে আগুন জ্বলছে...
কোথায়... উপরের তলায় নাকি নীচ তলায়?",Non Hate,,
meme_526.jpg,শসা খাওয়ার পর আমার এই অবস্তা,Non Hate,,
meme_527.jpg,"অন্যদের কথা বাদ দিলাম...!
আম্মুও মনে করে আমি প্রেম করি!",Non Hate,,
meme_528.jpg,"বৌদি দিনের বেলায়...
ওগো, কিগো
বৌদি রাতের বেলায়...
হাসির বাক্স
বাবাগো....",Non Hate,,
meme_529.jpg,"শরীর টা ভার্জিন হলেও
মনটারে চু*দে দিচ্ছে ডিপ্রেশনে!",Hate,Abusive,Individual
meme_530.jpg,"ছেড়ে গেছে তাতে আমার চুল হয়েছে;
একটা গেলে আরেকটা আসবে মন ভেঙ্গেছে ধো'ন তো আর ভাঙ্গেনি.;",Hate,Abusive,Individual
meme_531.jpg,"ভালোবাসা কেমন হয় কখনো অনুভব করেনি..!!
খুব শক্ত আর খুব ব্যথা.. কিন্তু ভালো লাগে",Non Hate,,
meme_532.jpg,শসা খাবো দাও জান,Non Hate,,
meme_533.jpg,"চলনা সে*ক্স করি...
কিন্তু আমি তো দাঁড়াতে পারিনা...
তোমার দাড়াতে হবে না তোমারটা দাঁড়ালেই হবে..",Hate,Abusive,Individual
meme_534.jpg,"ভাইয়া কালকে নোট গুলা দিয়েন প্লিজ
হ্যাঁ, অবশ্যই, নিয়ে যেও।ও মনে হয় আমার প্রেমে পড়েছে।
এই নোট আমার বফকে দিব, সে পাশ করে যাবে।",Non Hate,,
meme_535.jpg,বৃষ্টিতে ভিজতেও এখন ভয় লাগে। কারণ Ex বলেছে তোর উপর ঠাডা পরবে...।,Non Hate,,
meme_536.jpg,"যাকে রাখতে চেয়েছি সে থাকেনি,
যে থাকতে চেয়েছে তাকে রাখিনি,
মাহবুব স্ট্রেঞ্জ
অবশেষে কোথাও কেউ নেই...
~ হুমায়ুন আহমেদ",Non Hate,,
meme_537.jpg,"পরীক্ষা আসলে বিয়ে করতে ইচ্ছে করে,
ঘটক আসলে পড়তে ইচ্ছে করে, কি একটা অবস্থা..!",Non Hate,,
meme_538.jpg,"এই শহরে সবকিছুই হয় কিন্তু
এতো পোষ্ট করার পরেও আমার একটা GF হয় না...!!",Non Hate,,
meme_539.jpg,পুরুষ মানুষ যা চায়,Non Hate,,
meme_540.jpg,"ভালোও লাগে না খারাপও লাগে না
কেমন যে লাগে নিজেও জানি না",Non Hate,,
meme_541.jpg,"হতে চেয়েছি চৌধুরী বাড়ির বউ, হয়ে গেছি মৌল্লা বাড়ির বউ।",Non Hate,,
meme_542.jpg,"প্রতিবেশী আন্টির সন্তান প্রেমে ধ'রা খাওয়ার নিউজ,
মতো পৈশাচিক আনন্দ আর নেই!",Non Hate,,
meme_543.jpg,"অনেকেই আমার বিয়ে খাওয়ার জন্য হা করে বসে আছেন।
আপনারা প্লিজ ভাত খেয়ে ফেলেন। বিয়ে মনে হয় আমি করবো না।",Non Hate,,
meme_544.jpg,"দোস্ত, ভিতরে পরে গেছে ..!!
তুই ভেতরে ফেললি কেনো?
ভেতরে আমার বয়ফ্রেন্ড ফেলবে...",Non Hate,,
meme_545.jpg,"ঘুরাঘুরি শেষে স্ত্রী তাঁর বাবার বাড়ি থেকে ফিরে আসার পর স্বামীঃ
dudu khabo",Non Hate,,
meme_546.jpg,"আব্বু আমাকে একটা ঢোল কিনে দিবে,,
না, তুই সারাদিন এটা বাজিয়ে বিরক্ত করবি সবাইকে
দেও না কিনে, আমি কথা দিচ্ছি কাউকে বিরক্ত করব না, সবাই যখন ঘুমিয়ে যাবে তখন আমি বাজাব,,",Non Hate,,
meme_547.jpg,"টাঙ্গাইল সদরে এসে ভর্তি হওয়া বাকি উপজেলার মাইয়া
তাহাদের রূপের ঝলকে ক্রাশ খাওয়া টাঙ্গাইল সদরের পোলা",Non Hate,,
meme_548.jpg,"আমি আর খাবো না....
কেনো খাবে না কেনো?
এইমাত্র ভাতের উপর দিয়ে একটা আরশোলা হেঁটে গেলো!
খেয়ে নাও... আরশোলা তো আর জুতো পরে যায়নি খালি পায়ে হেঁটে গেছে!",Non Hate,,
meme_549.jpg,"আপনি যে নাম্বারে কল করেছেন, সেটি এখন অন্য কলে ব্যস্ত আছে!
অনুগ্রহ করে সন্দেহ করুন!",Non Hate,,
meme_550.jpg,"কেউ বাঁ'শ দিলে ভে'ঙ্গে পড়বেন না,
সেটা দিয়ে মই বানিয়ে উপরে উঠার চেষ্টা করবেন!",Non Hate,,
meme_551.jpg,"ছাত্রীকে পড়াচ্ছি টুয়েন্টি ওয়ান!
ছাত্রী পড়ে টুনটুনি ওয়ান!",Hate,Abusive,Individual
meme_552.jpg,"অনুমতি দিলে খেলা আরম্ভ করি...
আমিতো কখনও অন্যদেরকেই বারণ করিনি আর তুমিতো আমার আপনজন..",Non Hate,,
meme_553.jpg,"মামা আপনারে আর কতবার বলবো
এখানে "" ক্ষেত্রফল "" পাওয়া যায় না!",Non Hate,,
meme_554.jpg,"তোমাকে ছাড়া এ আকাশ সাজে না
হ্যাঁ, আমরা তো আছি শুধু তামাশা দেখতে",Non Hate,,
meme_555.jpg,"৭টা আইডি দিয়ে ওরে পটাচ্ছিলাম,
ও ৭ বারই পটে গেছে!",Non Hate,,
meme_556.jpg,"এভাবেই বিয়ের পর
বাঘ বিড়াল হয়ে যায়",Non Hate,,
meme_557.jpg,"""মা, আমি কি আজকে নিজের বরের সঙ্গে একা ঘুমাবো?""
""কেন ঘুমাবে না, শুয়ে যাও কিন্তু খেয়াল রাখবা...
""বেশি জোর আওয়াজ করবা না, পাশের রুমে তোমার শশুর শুয়ে আছে।।""",Non Hate,,
meme_558.jpg,"""আমার সোনা বাচ্চা""......
এমন করে বলছো, মনে হয় তুমিই জন্ম দিয়েছ।
না, কিন্তু দুধ তো আমিও তোমাকে খাওয়াচ্ছি।",Hate,Abusive,Individual
meme_559.jpg,"ছেলের বয়স ৪০
কিন্তু উগান্ডা থাকে",Non Hate,,
meme_560.jpg,"তোমার কথায় উঠ-বস করব...
কিন্তু শুধুমাত্র খাটে...",Non Hate,,
meme_561.jpg,"তোমার কেমন গার্লফ্রেন্ড চাই?
যার কোলে মাথা রেখে ঘুমালে তার চেহারা না দেখা যায়।।",Non Hate,,
meme_562.jpg,"ভাবি, আর একবার দাও না করতে...?
খুঁটির উপর বসে ফাটিয়ে দিব, কিন্তু
তোমাকে কখনোই করতে দেব না, কুত্তা...!!!",Hate,Abusive,Individual
meme_563.jpg,"কাকিমা একটু তেল দাওতো বয়ফ্রেন্ড এসেছে..!
তেল তো নেই, ভেসলিন নিয়ে যাও..!
কাকিমা সিঙ্গারা ভাজবো..।।",Non Hate,,
meme_564.jpg,"আমি আগে ভাবতাম...
লম্বা ছেলেদের সবকিছু লম্বা হয়..!!",Non Hate,,
meme_565.jpg,"বাবু আমি অনেক শুকিয়ে গেছি
বুঝা যাচ্ছে না কাপড় খোলে পিক দাও",Hate,Abusive,Individual
meme_566.jpg,"ম্যাডাম, আপনি কি প্রেগন্যান্ট?
দেখবেন আপনার প্রথম সন্তান ছেলে হবে
আচ্ছা, তুমি কি করে জানলে যে ছেলে হবে??
গতকাল তুমি চেয়ারের উপরে পা তুলে বসে ছিলে, তখন আমি বাচ্চাটার মোচ দেখতে পেয়েছিলাম",Hate,Personal Offence,Individual
meme_567.jpg,"বিয়ের পর বউ নিয়ে কাপল ব্লগ করা আমি
আমার পরিবার তোমাকে মানবে না বলে ছেড়ে যাওয়া এক্স গার্লফ্রেন্ড",Non Hate,,
meme_568.jpg,"GF : Bye আম্মু চিলাইতাছে
BF : আব্বুকে বলো আস্তে দিতে",Non Hate,,
meme_569.jpg,"১০ বছরের আমি:
ম্যাংগো",Non Hate,,
meme_570.jpg,"দেখতো দুধটা উতলে পড়ছে কিনা?
উফফ... উতলে উতলে পড়ছে গো..।।
বোকাচোদা আমি রান্নাঘরে দেখতে বললাম",Hate,Abusive,Individual
meme_571.jpg,"কেমন চলছে চাকরিওয়াল জীবন...?
অনেক বেকার, পুরোদিন 'Yes Sir' করতে থাকি আর...
পুরোরাত ""Ohh Yeah Sir"" করতে থেকে যায়।।",Non Hate,,
meme_572.jpg,"দেখা তোর জিনিস পত্র
ধুর, এত ছোট তোর নামটাই শুধু রিশাল",Hate,Personal Offence,Individual
meme_573.jpg,"জানো, কাল চাচাজি আমাকে তোয়ালে পরা অবস্থায় দেখে ফেলেছেন।
তারপর তুমি কি করলে?
তারপর আমি সাথে সাথে তোয়ালে খুলে ঘোমটা বানিয়ে - নিলাম। আমার মধ্যে কি সংস্কারের অভাব আছে নাকি?",Non Hate,,
meme_574.jpg,"দোস্ত ভিতরে ফেলিস না!
কেন রেখাভা?
ভিতরে আমার বয়-ফ্রেন্ড ফেলবে তুইতো জাস্ট ফ্রেন্ড!",Hate,Abusive,Individual
meme_575.jpg,"কি হলো মুখে নাও
কিন্তু আজতো আমার নিরামিষ, মাংস মুখে নিতে পারবোনা
ধুর পাগলি কলা তো নিরামিষ হয়",Non Hate,,
meme_576.jpg,"কি হলো কাঁদছো কেনো?
বোকা দা ঝাল মাংস খেয়ে হাত টাও ভালো করে ধূস নি, অমনি আঙ্গুল দিলি চু.......",Hate,Abusive,Individual
meme_577.jpg,"পিংকি কে বিয়ে করছি
বাসর রাতে দেখি তার সব কালো",Non Hate,,
meme_578.jpg,"হানিমুনের জন্য গ্রিস কেমন হবে?
কেন! সর্ষের তেলে কি অসুবিধা ?
...",Non Hate,,
meme_579.jpg,"কি রে বান্ধবী তোর ফুলশয্যা কেমন কাটলো?
আর বলিস না, প্রথমে কয়েকবার মিসকল দিল, তারপর যখন কল ঢুকলো তখন ব্যালেন্স শেষ..!",Non Hate,,
meme_580.jpg,"সারাদিন:
ওগো, কিগো
রাতে:
বাবাগো",Non Hate,,
meme_581.jpg,খানিক ম্যাগি নুডুলস খেয়ে আসলাম!,Non Hate,,
meme_582.jpg,"আয় আয় চাঁদ মামা
টিপ দিয়ে আহহহহ२२२२२२२२२...",Non Hate,,
meme_583.jpg,"এই রাখো রাখো, বৌদি খুব চেঁচাচ্ছে
তোমার দাদা খুর দুষ্টু
আরে গুন্ডু, আমায় খাবার খেতে ডাকছে",Hate,Abusive,Individual
meme_584.jpg,"বাবা মা:- ভগবান আমার
মেয়েকে দীর্ঘায়ু দিও
মেয়ে:-
মেরে ফেলো সোনা আমায় তুমি মেরে ফেলো",Non Hate,,
meme_585.jpg,"আরেকবার খেলা হয়ে যাক....
আর হবে না.... পেট্রোল শেষ",Non Hate,,
meme_586.jpg,"বৌদি দিনের বেলায়...
ওগো, কিগো
বৌদি রাতের বেলায়...
বাবাগো....",Non Hate,,
meme_587.jpg,"বস, আমাকে রোজ কত ঘণ্টা বসতে হবে?
তুমি নিজেই ভাবো যে আমার পাশের কেবিনে.....
10 ঘণ্টা বসবে নাকি আমার ঘণ্টায় বসবা 10 মিনিট?",Non Hate,,
meme_588.jpg,"বাবু, কিছু হবেনা তো...???
না সোনা, কিছু হবে না...!!!
30 মিনিট পর :
বাবু প্লিজ এটাকে আরো ভিতরে ঢুকাও না...!!",Non Hate,,
meme_589.jpg,"সাপ যতোই ফনা তুলুক
গর্ত থেকে বেরোলেই নেতিয়ে পড়বে",Non Hate,,
meme_590.jpg,"বলো আমার জান বসন্তী, মজা পেয়েছ?
অনেক মজা পেলাম কুড়া, আলো জ্বালিয়ে দেখে...
আমি বসন্তী না, তোমার মাসি।",Hate,Abusive,Individual
meme_591.jpg,"নদী ভরা ঢেউ
ভালোবেসে ললিপপ দিল না তো কেউ...",Non Hate,,
meme_592.jpg,"খেয়ে ছেড়ে দেবে না তো?
না! রেখে রেখে সারাজীবন খাবো",Non Hate,,
meme_593.jpg,"একটা কথা বলবো, মারবে না তো!
না, বলো...
আমি প্রেগনেন্ট
আরে বাহ! এটা তো ভালো খবর মারবো কেন তোমায়?
কলেজে পড়ার সময় বাবাকে বলেছিলাম, খুব মেরেছিলো",Non Hate,,
meme_594.jpg,"আমি অনেক হট
বয়স কত তোমার?
১৩ বছর
জ্বর আসছে মনে হয়।",Non Hate,,
meme_595.jpg,ছেলেদের মন!,Non Hate,,
meme_596.jpg,"আয় আয় চাঁদ মামা....
২০ মিনিট পর
টিপ দিয়ে আহহহহ२२..",Non Hate,,
meme_597.jpg,"গুড নাইট
সবাই কে
কেউ ভালোপাসে না আমাকে",Non Hate,,
meme_598.jpg,"এই বাসন গুলো কিভাবে ভাঙলো বৌমা?
আপনার ছেলের সঙ্গে ঝগড়া হয়েছিল!
আর এই খাটটা?
তখন ঝগড়া মিটে গিয়েছিল!",Non Hate,,
meme_599.jpg,"যদি থাকে অর্থ
তাহলে 40 বছরে এসেও মিলে 18 বছরের গর্ত...!!",Non Hate,,
meme_600.jpg,"সারাদিন:
ওগো, কিগো
রাতে:
বাবাগো",Non Hate,,
meme_601.jpg,"কীভাবে বসবে?
একদম এইভাবে..",Non Hate,,
meme_602.jpg,হাতের ডাবের চাইতে তোমার ডাব অনেক বড় প্রিয়,Hate,Personal Offence,Individual
meme_603.jpg,"বৌদি, বাসর রাতে কি কি করতে হয়?
আরে পাগল তোর কিছু করতে হবে না যা করার ওই করবে তুমি শুধু পা দুটো উঠিয়ে রাখবি",Non Hate,,
meme_604.jpg,"বয়ফ্রেন্ডের Birthday, কি দেয়া যায় বলতো?
লাগাতে দিয়ে দে...",Hate,Abusive,Individual
meme_605.jpg,"বস, আমাকে রোজ কত ঘণ্টা বসতে হবে?
তুমি নিজেই ভাবো যে আমার পাশের কেবিনে.....
10 ঘণ্টা বসবে নাকি আমার ঘণ্টায় বসবা 10 মিনিট?",Hate,Abusive,Individual
meme_606.jpg,"কেমন যুগ চলে এসেছে,
আমার ছেলেকে পা টিপতে বলছে।।
পা কাঁধে তুলেছিল তো তোমার ছেলে তো টিপার জন্যও তো ওকেই বলব",Non Hate,,
meme_607.jpg,"তুমি বিয়ের আগে কত্তবার আই লাভ ইউ বলতে, কিন্তু এখন বলো না কেন?
নির্বাচন শেষ, তাই প্রচারও শেষ!",Hate,Political,Individual
meme_608.jpg,"কি রে তোর চোখ এত লাল কেন?
বর অসুস্থ তাই রাত জাগতে হচ্ছে!
নার্স রেখে দিলেই পারিস!
রেখেছি তো! আর ঐ নার্সকে পাহারা দিতেই রাত জাগতে হচ্ছে!",Non Hate,,
meme_609.jpg,"খুব সংস্কারী বৌমা এনেছিস বাবা..
কেনো মা, কি হয়েছে?
বৌমা রাতের বেলায়ও ইংরেজিতে ঠাকুরের প্রার্থনা করে...""
Oh God, Oh My God """,Hate,Religious,Individual
meme_610.jpg,"তোমার প্রিয় বন্ধুর ফোন করেছিল !!
তুমি কি করে জানলে যে ওটা আমার প্রিয় বন্ধু ??
আমি যেমনি ফোন ধরলাম ওই বলছে যে"" বোকাচোদা কোথায় পোঁদ মারাচ্ছিস ।।",Hate,Abusive,Individual
meme_611.jpg,"স্বামী যখন রোমান্স করতে যায়
পাপ তো পাপই। সেটা বিয়ের আগে করলেও পাপ, বিয়ের পর করলেও পাপ।",Non Hate,,
meme_612.jpg,"হ্যালো... কি করছো? কোথায় আছো তুমি
আমি আমার রুমে গিটার বাজাচ্ছি...
বিয়ের পরেও তুমি নিজের হাতে গিটার বাজাও",Non Hate,,
meme_613.jpg,"বেবি, তোমার মনটা খুব নরম...
হাত সরা বা/ল ওইটা মন না..!!",Hate,Abusive,Individual
meme_614.jpg,"মা আমরা এত গরিব কেন?
তোর বাবা আগে সারাদিন ফেইসবুকে Reels দেখতো",Hate,Personal Offence,Individual
meme_615.jpg,"তোমরা যাদের ছেলে বেস্ট ফ্রেন্ড বলো,
আমাদের ঠাকুমারা তাদের নাং বলতো!",Hate,Abusive,Community
meme_616.jpg,"বাবু তোমার একটা নেংটু ছবি দাও দেখেই ডিলেট করে ফেলবো
না দেবোনা, তুমি ছবি গুলো রেখে দাও আর রাতে হ্যান্ডেল মারো আমি জানি..!",Hate,Abusive,Individual
meme_617.jpg,"বলো আমার জান বসন্তী, মজা পেয়েছ?
অনেক মজা পেলাম কুত্তা, আলো জ্বালিয়ে দেখে...
আমি বসন্তী না, তোমার মাসি।",Hate,Abusive,Individual
meme_618.jpg,"করতে পারবা?
পারবো না কেনো...একটু পরেই দেখবা ভেড়ার মতো চিল্লাবা..",Non Hate,,
meme_619.jpg,"আন্টি আম্মু বলেছে, ইফতারটা রেখে আমাকে ওয়েসিস থেকে একটা ড্রেস কিনে দিতে।",Non Hate,,
meme_620.jpg,"১১টা তো বাজে
ছি ছি!! ননন ভেঙ্গে ফেলবা?
আচ্ছা দাড়াও",Non Hate,,
meme_621.jpg,"কেমন অনুভব পাচ্ছ করে ??
কি বলবো প্রিয়, আজ পর্যন্ত আমি শুধু টপ-আপে আমার কাজ চালাচ্ছিলাম।
কিন্তু আজ থেকে লাইফ টাইম করে ফেললাম!",Non Hate,,
meme_622.jpg,"খুব ঠান্ডা পড়েছে আর ওয়েদারটাও খুব রোমান্টিক চলোনা আজ করি...
করার ইচ্ছে তো আমারও কিন্তু আমার ওইটা খুঁজে পাচ্ছিনা দুদিন ধরে",Non Hate,,
meme_623.jpg,"আজ তোমাকে খুশি করে ছাড়বো..
তোমার যা দম এতো অল্প খুশি আমার পোষায় না..",Non Hate,,
meme_624.jpg,"তার হাতে কিছুতো একটা জাদু আছে...
এক মাসেই ৩২ থেকে ৩৬ বানিয়ে দিয়েছে...",Non Hate,,
meme_625.jpg,"তোমার কি জাঙ্গিয়াতে 2 টা ছিদ্র আছে ...?
নির্লজ্জ... না নেই
তাহলে পা দুটো কোথায় ঢুকাচ্ছ...",Hate,Personal Offence,Individual
meme_626.jpg,"কলিযুগে নারী যতই শরীর দেখাক
পুরুষ শুধুমাত্র শরীর ঢেকে রাখা নারীকেই মন থেকে সম্মান করে",Non Hate,,
meme_627.jpg,"মা আমার একটা বনু চাই
তোমার বাবা তো এখন দিল্লিতে বাড়ীতে আসুক তখন বলবো
বাবাকে তো একটা সারপ্রাইজ দিতে পারো",Non Hate,,
meme_628.jpg,"বাবু, কিছু হবেনা তো...???
না সোনা, কিছু হবে না...!!!
30 মিনিট পর :
বাবু প্লিজ এটাকে আরো ভিতরে ঢুকাও না...!!",Non Hate,,
meme_629.jpg,"দুধ দিয়ে কাল সাপ পুষে ছিলাম!
সাপ কখনো ঋণ রাখে না"" দুধ যেমন খেয়েছি, কলা ও তেমন দিয়েছি!",Hate,Abusive,Individual
meme_630.jpg,"Sorry, স্বপ্নের মধ্যে তোমার অনুমতি না নিয়ে তোমাকে kiss করে ফেলেছি...
ধুর পাগল, শুধু kiss করলে হয় নাকি... ওইটাও করতে হয়..",Hate,Abusive,Individual
meme_631.jpg,"কি হলো কাঁদছো কেনো?
বোকা দা ঝাল মাংস খেয়ে হাত টাও ভালো করে ধূস নি, অমনি আঙ্গুল দিলি চু.......",Hate,Abusive,Individual
meme_632.jpg,"বাবু কল দাও
ইফতারের টাইম হয়েছে, যাও ইফতার করো
বাবু তুমি কল দিয়ে আযান না দিলে আমি ইফতার করবো না!",Hate,Religious,Community
meme_633.jpg,"আমি আগে ভাবতাম...
লম্বা ছেলেদের সবকিছু লম্বা হয়..!!",Hate,Personal Offence,Community
meme_634.jpg,"আজকে পিছন দিয়ে গাড়ি চালাবো...
ছাড়ো... আমার পেট খারাপ..",Hate,Abusive,Individual
meme_635.jpg,"কি হলো মুখে নাও
কিন্তু আজতো আমার নিরামিষ, মাংস মুখে নিতে পারবোনা
ধুর পাগলি কলা তো নিরামিষ হয়",Non Hate,,
meme_636.jpg,"বাবু আমি অনেক শুকিয়ে গেছি
বুঝা যাচ্ছে না কাপড় খোলে পিক দাও",Hate,Abusive,Individual
meme_637.jpg,"তোমার একটা ওরকম ছবি দাও না দেখেই ডিলিট করে দেব..!!
না দেব না, তুমি ছবিগুলি রেখে দাও আর রাতে হ্যান্ডেল মারো ।।",Hate,Abusive,Individual
meme_638.jpg,যতই তুমি জিমে গিয়ে বডি বানাও না কেন ওইটাতে জোর না থাকলে বউও থাকবে না !!,Hate,Personal Offence,Individual
meme_639.jpg,"আমি আপনার মেয়ের হাত চাইতে এসেছি
কেনো?
কারণ, সিঙ্গেল থাকতে থাকতে আমার হাত ব্যাথা হয়ে গেছে...",Non Hate,,
meme_640.jpg,"চুলের গোড়া শক্ত হওয়ার তেলটা এনেছ?
হ্যাঁ, তুমি বলেছ আর আমি না এনে পারি? এই নাও।
fথাক, তোমার কাছেই রাখো। তোমার অফিসের ওই রিসিপশনিস্ট মেয়েটাকে দিও। ওর মাথার চুল আজকাল প্রায়ই তোমার জামায় আটকে থাকে।",Hate,Personal Offence,Individual
meme_641.jpg,"কি যে রান্না করো তুমি। কাচ্চি বিরিয়ানি করেছ কিন্তু মাংস তো খুঁজে পেলাম না
কাশ্মীরি পোলাও তে কি কাশ্মীর দেখা যায়?
চুপচাপ খেয়ে নাও",Hate,Personal Offence,Individual
meme_642.jpg,"বেবি জানো...কাল রাত থেকে আমার আংটি টা খুঁজে পাচ্ছি না..!!
ভালো করে দেখো তোমার ভিতরেই থাকবে...",Hate,Abusive,Individual
meme_643.jpg,"তুমি না ব্ল্যাক লাভার?
তাহলে বিড়াল কেনো গোলাপী চাও?",Non Hate,,
meme_644.jpg,"তুমি আমার ছেলেকে কি দিয়ে বস করে রেখছো?
আপনাকেও দেখাবো? দেখবেন?",Non Hate,,
meme_645.jpg,"তো বলেছিলে তোর কোন বয়-ফ্রেন্ড নেই ।।
তাহলে ঐগুলো এতো বড়ো হচ্ছে কি করে?",Hate,Abusive,Individual
meme_646.jpg,"আজ সারারাত গাড়ি চালাবো।।
পারবে না ..
কেনো?
কারণ গাড়ির তেল শেষ হয়ে যায়... রাস্তা না..!!",Non Hate,,
meme_647.jpg,"তুমি কেন আমাকে এতো ভালোবাসো?
কেন আবার কি... ওইটার জন্য...",Hate,Abusive,Individual
meme_648.jpg,"দর্জি :
আপনার কি কোনো বয়ফ্রেন্ড আছে..?
হ্যাঁ, আছে কেনো.?
দর্জি :
ওকে বলবেন ডান দিকেরটা একটু বেশি টিপতে ৷৷",Hate,Personal Offence,Individual
meme_649.jpg,"চলো না, আমি তোমারটা খাই, তুমি আমারটা
কিসব উল্টোপাল্টা বকছো!
আরে, আমিতো লুডোর ঘুঁটির কথা বলছিলাম",Non Hate,,
meme_650.jpg,"মানছি ভুল করলে ক্ষমা করা উচিত
তাই বলে তুই অন্য মেয়ের সাথে সে/ক্স করে এসে ক্ষমা চাইবি..!!",Hate,Abusive,Individual
meme_651.jpg,"বলেছিলো ভালোবাসে..
সাইজ বাড়িয়ে দিয়ে চলে গেলো বোকা*দা",Hate,Abusive,Individual
meme_652.jpg,"বৌদি তোমার মনটা অনেক নরম...
আমার নরম মন দেখে তোমার ওইটা গরম হচ্ছে কেন?",Hate,Abusive,Individual
meme_653.jpg,"আমি কাজের মেয়েটাকে কিছু বলেছ?
না, কেন বলতো কি হয়েছে?
আজ সকাল থেকে আমাকে দিদি দিদি বলে ডাকছে..!!",Non Hate,,
meme_654.jpg,"উঠাও...
কি উঠাবো?
ঘুমটা
ওহ.. আমি ভাবলাম দুই পা...",Non Hate,,
meme_655.jpg,"বাবু একটা ঝামেলা হয়ে গেছে
কি হয়েছে জান?
আজকে আব্বুর সামনে মুখ দিয়ে কুত্তার বাচ্চা বের হয়ে গেছে
কি বলছো? কিন্তু কুত্তা মুখে ঢুকলে কেমনে?",Hate,Abusive,Individual
meme_656.jpg,"তুমি আমাকে কতটা ভালোবাসো?
শাহাজানের মতো
তাহলে তাজমহল বানাও?
জমি কিনে ফেলেছি শুধু তুমি moরার অপেক্ষা..",Non Hate,,
meme_657.jpg,"তুমি তো বিয়ের আগে বলেছিলে বিয়ের পরে আমাকে খুব ভালবাসবে...
তখন কি আর জানতাম, তোমার বিয়ে আমার সাথেই হবে?",Non Hate,,
meme_658.jpg,"খাট ভাঙার কথা দিয়ে...
মন ভেঙে চলে গেলো...",Non Hate,,
meme_659.jpg,"জানো...তোমাকে স্বপ্নে দেখলাম
বিশ্বাস হচ্ছে না স্ক্রিনশট দাও...",Non Hate,,
meme_660.jpg,"আজকে তোমার ফুলশয্যা, ভয় করছে?
না..ভয় করবে কেন ঠাকুম...
তার মানে আগে থেকেই পাকা খেলোয়ার..",Non Hate,,
meme_661.jpg,"তোকে বলেছিলাম... ""গাছ লাগান, প্রাণ বাঁচান"" আর তুই কি করলি?
হ্যাঁ, বাবা ... গাছ লাগিয়েছি তো...
তাই বলে তুই গাঁজা গাছ লাগাবি?",Non Hate,,
meme_662.jpg,"আমি তোমাকে ভালোবাসি?
মুখ সামলে কথা বল...আমি তোমার থেকে বয়সে বড়...!!
আচ্ছা,.. তাহলে আমি আপনাকে ভালোবাসি",Non Hate,,
meme_663.jpg,"ওই সময় এত কষ্ট করে চা বানিয়ে দিলাম তুমি খেলে না কেন?
বিয়ের পরেও যদি আমুল দুধ দিয়ে চা খেতে হয় তাহলে বিয়ে করে লাভ কি?",Non Hate,,
meme_664.jpg,"দেখি তোর জিনিষ পত্র...
এ মা... এইটা কি?
এতো ছোট?",Non Hate,,
meme_665.jpg,"মা, আমি গর্ভবতী।
কি, কিন্তু কিভাবে এসব ঘটল?
এইটা একটা দুর্ঘটনা!
ককালমুহি, এটি একটি দুর্ঘটনা ছিল?? রাস্তায় হাঁটার সময় কি তাঁর লিঙ্গে পড়ে গেছিলিস??",Hate,Abusive,Individual
meme_666.jpg,"তুমি খেলা দেখাতে নিয়ে যাবে বলে
আমাকে নিয়ে হোটেল রুমে আসলে কেন?",Non Hate,,
meme_667.jpg,"আজকে একটু বেশি খেয়ে ফেলেছি ...
কেন খাবার কি খুব স্বাদ হয়েছে?
না না, রাতে একটু বেশি ক্যালরি বার্ন হবে তো তাই...",Non Hate,,
meme_668.jpg,"ডাক্তার:
আপনি একসাথে চারটি বাচ্চার মা হতে চলেছেন...
গর্ভবতী মহিলা :
বলেছিলাম হারামজাদাকে ডগি স্টাইলে না করতে... আমার কোন কথা শুনেনি..!!",Hate,Abusive,Individual
meme_669.jpg,"শুনলাম আপনার বাড়িতে নাকি একটা বোমা আছে?
হ্যাঁ আছে তো স্যার, কিন্তু এখন বাপের বাড়ি গেছে..!!",Non Hate,,
meme_670.jpg,"জানো আমার বাবা আমাদের গ্রামে প্রথম রেডিও এনেছিলো..
নিজের মায়ের সম্বন্ধে এরকম বলতে নেই পাগলী!",Hate,Personal Offence,Individual
meme_671.jpg,"জামাইবাবু:
আমি মূর্খ ছিলাম তাই তোমার দিদিকে বিয়ে করেছি!
শালী:
আর অন্ধ ও ছিলে, তা না হলে আমি ও তো পাশে দাঁড়িয়ে ছিলাম!",Non Hate,,
meme_672.jpg,"এখন আমার Mood খারাপ
তাই বলে এখন তুমি আমারটাও খারাপ করবে?",Non Hate,,
meme_673.jpg,"কিরে বান্ধবী নতুন বিবাহিত জীবনে কেমন মজা পাচ্ছিস?
মজা তো খুব পাচ্ছি...কিন্তু ঘুমোতে পারছি না..!!",Non Hate,,
meme_674.jpg,"জানো আমার পিছনে পাড়ার ছেলেরা লাইন ধরে থাকে...
কেন গাঞ্জা বিক্রি কর তুমি?",Hate,Personal Offence,Individual
meme_675.jpg,"তোমার কাছে গাড়ি আছে?
হ্যাঁ আছে
আজ রাতে দিবা?
হ্যাঁ কিন্তু গাড়ির কথা জিজ্ঞেস করছিলে কেন?",Non Hate,,
meme_676.jpg,"রান্না কেমন হয়েছে?
খেতে বসেছি, এখন ঝগড়া না করলেই নয়?",Non Hate,,
meme_677.jpg,"শখ করে একটা বৌমার এনেছিলাম কিন্তু বৌমা একটাও কথা শুনে না আমার
বৌমা এ বিষয়ে তোমার আর আমার ভাগ্য একই রকম..!!",Hate,Personal Offence,Individual
meme_678.jpg,"বৌমা রোজ রোজ ৮ টাই ওঠা চলবে না।
আপনার ছেলেকে বলবেন রাতে তাড়াতাড়ি ছেড়ে দিতো",Hate,Personal Offence,Individual
meme_679.jpg,"পাসের বাসার বৌদিটা আমাকে দেখলেই হাঁসে
বালটা নিজেও ফাঁসবে আমাকেও ফাঁসাবে। ",Hate,Abusive,Individual
meme_680.jpg,"দেখতো দুধটা উতলে পড়ছে কিনা?
উফফ... উতলে উতলে পড়ছে গো..।।
বোকাচোদা আমি রান্নাঘরে দেখতে বললাম",Hate,Abusive,Individual
meme_681.jpg,"সব মেয়েরা শুধু ভালোবাসা চায় না...
কিছু কিছু মেয়ে ওইটাও চায়....!!!",Hate,Personal Offence,Community
meme_682.jpg,"তোমাকে না বলেছিলাম একটা জিনিস আনতে? এনেছো?
হ্যাঁ এনেছি তা বেবি....
লাগিয়ে নাও, এখন খেলা শুরু হবে..!!",Non Hate,,
meme_683.jpg,"আমার ছেলে খুব শান্তশিষ্ট্য এবং নম্র ভদ্র একটা ছেলে
রাতের লাইগা হলেও বুঝা যায় আপনার ছেলে কতটা শান্তশিষ্ট",Non Hate,,
meme_684.jpg,"রাতে তো চিল্লাও কেন তোমার জন্য আমরা কেউ ঘুমাতে পারি না...!!
হ্যাঁ হ্যাঁ, আমার সুখ কারোর সহ্য হয় না...",Non Hate,,
meme_685.jpg,"জানিস বান্ধবী, আমি প্রেগন্যান্ট
কিন্তু তোকে দেখে তো প্রেগন্যান্ট লাগছে না...
লাগবে কি করে,, একঘন্টা আগেই তো খেলা হলো",Hate,Abusive,Individual
meme_686.jpg,"ওইরকম ছবি দাও না... দেখেই ডিলিট করে দেবো...
না দেব না, তুমি ছবিগুলি রেখে দাও আর রাতে হ্যান্ডেল মারো",Hate,Abusive,Individual
meme_687.jpg,"আরেকবার খেলা হয়ে যাক....
আর হবে না.... পেট্রোল শেষ",Non Hate,,
meme_688.jpg,"২০ বছর অপেক্ষা করলাম...
২০ সেকেন্ডের জন্য....",Non Hate,,
meme_689.jpg,"দোস্ত ভিতরে পরে গেছে....
কেন রে বা/ড়া?
বললাম না ভিতরে আমার বর ফেলবে...!!!",Hate,Abusive,Individual
meme_690.jpg,"সারাদিন তো সবাই সামনে আমাকে বেবি বেবি বলে ডাকো...
এখন আমি দুধ খেতে চাইলেই দোষ?",Hate,Abusive,Individual
meme_691.jpg,"তিনবারে হবে না আরও দুবার খেলতে হবে
কী করে আর খেলব পেট্রোলই তো শেষ",Non Hate,,
meme_692.jpg,বর্তমানে POK এর জনগণের অবস্থা..,Non Hate,,
meme_693.jpg,"বৌদি, তোমার মনটা সত্যিই খুব নরম..
হারামজাদা..... ওইটা মন না..!!",Hate,Abusive,Individual
meme_694.jpg,"তুমি কি জানো?
কি?
গাড়ি যতই সুন্দর এবং চকচকে হোক না কেন সাইলেন্সার সব সময় কালোই হয়..",Hate,Abusive,Individual
meme_695.jpg,"মা এক গ্লাস জল দাও...
নিজেরটা নিজে নিয়া খা, না হলে থাপ্পর মারবো..!!
থাপ্পর মারতে আসার সময় একলা জল নিয়ে এসো..",Non Hate,,
meme_696.jpg,"সময় থাকতে জমিতে ফসল ফলিয়ে নিও...
কেনো?
না হলে অন্য কেউ জমিতে বীজ ফেলে চলে যাবে..",Non Hate,,
meme_697.jpg,"আজকে শাড়িতে তোমাকে খুব সুন্দর লাগছে..
কি লাভ, একটু পর তো সব খুলেই ফেলবে..।
",Non Hate,,
meme_698.jpg,"দাদা কলা কত করে?
তিনটে দশ টাকা..
নিয়ে নে বান্ধবী, একটা না হয় খেয়ে নেব..",Non Hate,,
meme_699.jpg,"কাকে বে'শি ভালোবাসো, আ'মাকে না মা'কে?
আমি তোমাকে ভালোবাসি!!""",Non Hate,,
meme_700.jpg,"আমার ভিতরে আগুন জ্বলছে...
কোথায়... উপরের তলায় নাকি নীচ তলায়?",Non Hate,,
meme_701.jpg,"এই শুনছো...
আমাদের কাজের মেয়েটা প্রেগনেন্ট
তাতে কি হয়েছে? কোনো সাহায্য চাচ্ছিলো নাকি?
না দেখছিলাম খবরটা শুনে তোমার মুখে ভায়ের ছাপ পড়ে কিনা
মনে....",Non Hate,,
meme_702.jpg,"যেই মেয়েকেই জিজ্ঞাসা করি সেই বলে সিঙ্গেল!
তাহলে ডুডু গুলো বড়ো হচ্ছে কিভাবে??",Hate,Personal Offence,Community
meme_703.jpg,"নদী ভরা ঢেউ
ভালোবেসে ললিপপ দিল না তো কেউ...",Non Hate,,
meme_704.jpg,"শুধু লাগিয়ে ছেড়ে দিলেই হবে?
সাথে যত্ন ও নিতে হবে, নাহলে গাছটা নষ্ট হয়ে যাবে!",Non Hate,,
meme_705.jpg,"নিচে দিয়ে কি যেন খোঁচা খোঁচা লাগছে..
ওটা ছোট ভাই নিচে দিয়ে সুরসুরি দিচ্ছে",Non Hate,,
meme_706.jpg,"ফোন তো অনেক দুষ্ট দুষ্ট কথা বলো..
দেখি এখন তোমার মেশিন...
ওমা... এটা কি...এতো ছোট...",Hate,Personal Offence,Individual
meme_707.jpg,"মিথ্যা বললে ক্যানো আমায়? বাথরুমে ওটা স্যাম্পু ছিল না!!
তুমি কী করে বুঝলে যে, ওটা স্যাম্পু ছিল না??
মাথায় মেখেছিলাম কোন ফ্যানা হয়নি....!!!",Non Hate,,
meme_708.jpg,"বলেছিল আইসক্রিম খাওয়াবে...
রুমে নিয়ে কলা খাইয়ে দিলো..।।",Non Hate,,
meme_709.jpg,"ভালোবাসা কেমন হয় কখনো অনুভব করেনি..!!
খুব শক্ত আর খুব ব্যথা.. কিন্তু ভালো লাগে",Non Hate,,
meme_710.jpg,"এই শুনছো, তোমার জন্য শার্ট এনেছি...
আরে বাহ খুব ভালো। কত টাকা দিয়ে নিয়েছো?
৭৫০০ টাকা শাড়ির সঙ্গে ফ্রী তে পেলাম গো । শার্টটা এত পছন্দ হলো যে বাধ্য হয়ে শাড়িটা কিনতে হল",Non Hate,,
meme_711.jpg,"আচ্ছা তুমি আমায় সব সময় রানী বলে ডাকো কেন?
চাকরানী বলে ডাকলে তোমার খারাপ লাগবে তাই..!!",Hate,Personal Offence,Individual
meme_712.jpg,"লজ্জা তো তখনি লাগবে
যখন বউ বলবে "" কই তোমার টা দেখি """,Non Hate,,
meme_713.jpg,"সময় থাকতে খেয়ে নিও প্রিয়
কখন ব্রেকআপ হয়ে যায় কে জানে ..",Non Hate,,
meme_714.jpg,"দিন দিন কন/ডোমের যা দাম বাড়ছে
ভাবছি নুনুটা লেমিনেশন করে নেবো",Hate,Abusive,Individual
meme_715.jpg,"ছোটবেলায় কেও বাবাকে ""বাপি"" বলে ডাকলে
আমি ভাবতাম তারা বড়লোক..",Hate,Personal Offence,Community
meme_716.jpg,"তুমি আমার সাথে ব্রেকআপ কেনো করলা?
কারণ তুমি তোমার আম খাওয়াওনি..",Non Hate,,
meme_717.jpg,"তোমার নাকি নতুন বিয়ে হয়েছে, তা তোমার স্বামী কি করে?
যেটা কাকু আপনার সাথে করে...",Hate,Personal Offence,Individual
meme_718.jpg,"তুমি কি অধ্যাপক ?
না তো, কেন?
তাহলে অর্ধেক পক পক করে চলে যাও কেন?",Hate,Personal Offence,Individual
meme_719.jpg,"বাথরুমে গাজর কেন পড়ে আছে?
তুমি যে শ্যাম্পু ফেলে আসো তখন আমি কিছু বলি?",Non Hate,,
meme_720.jpg,"এলাকার সব ছেলেরা আমার পিছনে ঘুরঘুর করে..
কেন তুমি কি গাঞ্জা বিক্রি করো?",Hate,Abusive,Individual
meme_721.jpg,"আচ্ছা তোমার ফ্রিজে কি পলিথিন ছাড়া মাংস রাখা যাবে..?
কতবার বলেছি পলিথিন ছাড়া মাংস রাখা যাবে না..!",Non Hate,,
meme_722.jpg,"যখন তুমি দেশী মদ খাও তখন আমাকে পারু বলে ডাকো, যখন তুমি হুইস্কি খাও তখন আমাকে ডার্লিং বলে ডাকো,
আজকে কি খেয়েছো যে আমাকে ডাইনি বলছো,
আজ আমি কিছু খাইনি, তাই তোমাকে ঠিকঠাক চিনতে পেরেছি।",Hate,Personal Offence,Individual
meme_723.jpg,"মা, আপনার ছেলের কাজ'কাম আমার একদম পছন্দ না।
পছন্দ তো আমাদেরও না, এখন নিজের ছেলে, ফেলে তো আর দিতে পারি না।",Non Hate,,
meme_724.jpg,"বলেছিলো ব্ল্যাক লাভার...
কিন্তু ওইটা চায় গোলাপী",Non Hate,,
meme_725.jpg,"তোমার ওইটা কি লজ্জাবতী গাছ?
ধরলেই নেতিয়ে যায়..!!",Hate,Personal Offence,Individual
meme_726.jpg,"আমি ব্ল্যাক লাভার..Congratulations, আমারটাও কালা..",Hate,Personal Offence,Individual
meme_727.jpg,"বৌদি আমার খুব ভয় করছে... ও যদি সব বুঝে যায়?
কিছু হবেনা পাগলি... শুধু জোরে জোরে চিৎকার করলেই চলবে...",Hate,Abusive,Individual
meme_728.jpg,"তোকে না বলেছিলাম পাস করলে মোবাইল কিনে দেব। তবু ফেল করলি! পড়া বাদ দিয়া কী করছিলি?
মোবাইল চালানো শিখছিলাম!",Non Hate,,
meme_729.jpg,"কি হলো মুখে নাও
কিন্তু আজতো আমার নিরামিষ, মাংস মুখে নিতে পারবোনা
ধুর পাগলি কলা তো নিরামিষ হয়",Non Hate,,
meme_730.jpg,"তুমি আমার সাথে ব্রেকআপ করতে চাইছো কেন?
পলিথিন গেট না খুলতে পেরে ছিঁড়ে ফেলো তুমি তাহলে আমার ব্রা খুলবে কিভাবে ? ",Hate,Abusive,Individual
meme_731.jpg,"বাবা তুমি আমাকে একটা ঢোল কিনে দেবে?
না, ঢোল কিনে দিলে তুমি সবাইকে বিরক্ত করবে!
না করবো না, সবাই যখন ঘুমোবে তখন ঢোল বাজাবো!
তবে রে...",Non Hate,,
meme_732.jpg,"আজকে আমাদের প্রথম রাত..
নিজের সম্বন্ধে কিছু বল..
আমি এমনিতে খুব ভালো শুধু ছোটবেলায় খুব সাইকেল চালাতাম।",Non Hate,,
meme_733.jpg,"বাবা তোমাদের হানিমুনের সময় আমি কোথায় ছিলাম?
যাওয়ার সময় আমার সাথে ছিলি আসার সময় তোর মার সাথে..",Non Hate,,
meme_734.jpg,"কাল যে ভিখারিটাকে খাবার দিয়েছিলাম, সে আস্ত একটা ফাজিল
কেন? কি হয়েছে?
আজ আছে সে একটা রান্না শেখার বই দিয়ে গেছে.....",Hate,Abusive,Individual
meme_735.jpg,"আমার মাথাটা একটু টিপে দিবা? খুব ব্যথা করছে..!!
আচ্ছা আমি যখন ছিলাম না তখন কে মাথা টিপে দিত?
তুমি যখন ছিলে না, তখন আমার মাথা ব্যথাও ছিল না..!!",Hate,Personal Offence,Individual
meme_736.jpg,"বন্ধু একটা কথা বলবো?
কি কথা?
আকাশ ভরা সূর্য তারা যা এবার গা/র মারা",Hate,Abusive,Individual
meme_737.jpg,"তুমি অন্য কাউকে পেয়ে গেলে আমাকে পরিষ্কার বলে দাও
পরিষ্কার",Hate,Personal Offence,Individual
meme_738.jpg,"ইন্টারভিউতে ইংরেজিতে কথা বলতে তোর কোনো অসুবিধা হয় নি..?
আমার কোনো অসুবিধা হয়নি কিন্তু ওদের বুঝতে অসুবিধা হয়েছে..!",Non Hate,,
meme_739.jpg,"বলেছিল ভালোবাসে...
সাইজ বাড়িয়ে দিয়ে চলে গেল শা/লা...",Hate,Abusive,Individual
meme_740.jpg,"সোনার মালা পেলে সাত জন্ম তোমাকে ভালোবাসবো।
নেকলেস সহ তোমাকে একজোড়া কানের দুল এনে দেব। কিন্তু ব্যাপারটা এই জন্ম পর্যন্তই থাকুক!",Non Hate,,
meme_741.jpg,"ভাবতেই লজ্জা করে.. আমিও একদিন বলবো..
খেলে আসো... নাহলে আমি ঘুমিয়ে পড়ছি..",Non Hate,,
meme_742.jpg,"কিগো... কাল রাতে কেমন মজা এসেছিলো?
সত্যি দারুন মজা এসেছিলো..
আমি জানতাম মজা আসবে আজ পর্যন্ত কেউ কমপ্লেন করেনি..",Non Hate,,
meme_743.jpg,"তোমাকে না একটা জিনিস আনতে বললাম...
হ্যাঁ এনেছি তো.. এই নাও...
আমাকে দিতে হবে না... তুমি লাগিয়ে নাও",Non Hate,,
meme_744.jpg,"আমার তোমাকে ভালো লাগে...
লাগুক,, তাতে আমার কি?",Hate,Personal Offence,Individual
meme_745.jpg,"তুমি আমার থেকে ভালো কাওকে পাবে..
কিন্তু আমার তো তোমার মত শয়তানই লাগবে..",Hate,Personal Offence,Individual
meme_746.jpg,"তুমি বাড়ি থেকে চলে গেলে আমার খুব ভয় করে..
আরে বাবা, আমি তো তাড়াতাড়ি চলেই আসবো..
এইটাই তো ভয়..",Non Hate,,
meme_747.jpg,"আমার নাম ছোটন...
এর মানে এই না যে আমার সব কিছু ছোট..!",Non Hate,,
meme_748.jpg,"মনে আছে তুমি বিয়ের আগে আমাকে গিফটে দামি সোনার গয়না দিতে?
হ্যাঁ, মনে আছে...
তো এখন দাও না কেন?
তুমি কোনদিন দেখেছো ছিপে মাছ ওঠার পর ওই মাছকে খেতে দিতে?",Hate,Personal Offence,Individual
meme_749.jpg,"নিচে কি পড়ে আছ?
চপ্পল...",Non Hate,,
meme_750.jpg,"আচ্ছা জান বিয়ের পর তুমি কি করবা?
তোমাকে..
যা... দুষ্টু",Non Hate,,
meme_751.jpg,"আম বড়ো হয়েছে?
হ্যাঁ, এসো একদিন খেতে..",Non Hate,,
meme_752.jpg,"কটা বয়ফ্রেন্ড আছে তোর?
একটাও না ..
মিথ্যা বলে কি পাস?
আরেকটা বয়ফ্রেন্ড",Non Hate,,
meme_753.jpg,"কিরে বন্ধু... তোর বাবা তো পুলিশ.. তা তোদের বাড়িতে চুরি হলো কি করে?
তোর বাবার ও তো ওষুধের দোকান আছে... টা তুই হলি কি করে?",Hate,Personal Offence,Individual
meme_754.jpg,"আমি প্রেগন্যান্ট
খবরদার আমাকে আর ফোন করবে না। আমার অন্য জায়গায় বিয়ে ঠিক হয়ে গেছে।
আমি তো ইয়ার্কি করছিলাম..
আমিও সোনা আমিও... এহ্ এহ্ এহ",Non Hate,,
meme_755.jpg,"বাবু জানো আজকে মায়ের সাথে কথা বলতে বলতে ভুল করে মুখ থেকে কু'ত্তার বাচ্চা বেরিয়ে গেছে
তুমি আগে বলো, তোমার মুখের ভিতর কু'ত্তার বাচ্চাটা এলো কি ভাবে?
ফোন রাখ কু'ত্তার বাচ্চা",Hate,Abusive,Individual
meme_756.jpg,"আপনি আপনার স্বামীকে হত্যা করলেন কেন? ও বলছিল রিয়া আমার গামছাটা নিয়ে আসো..!!
এজন্য আপনি আপনার স্বামীকে হত্যা করে ফেললেন?
নাম তো প্রিয়া",Hate,Personal Offence,Individual
meme_757.jpg,"স্বামী-স্ত্রী কোর্টে গেছেন ডিভোর্সের জন্য!
আপনাদের ৩জন সন্তান আছে। কিভাবে ভাগ করে নেবেন??
অনেক ভেবে চিন্তে স্ত্রী বললোঃ
আচ্ছা ঠিক আছে! আমরা আরও ১জন সন্তান জন্ম দিয়ে নিয়ে আবার আসবো!",Non Hate,,
meme_758.jpg,"খেয়ে ছেড়ে দেবে না তো?
না, রেখে রেখে সারাজীবন খাবো...!!",Non Hate,,
meme_759.jpg,"আমি তোমার জন্য সবকিছু করতে পারি..!!
নিজের টা মুখে নিয়ে দেখাও...",Hate,Personal Offence,Individual
meme_760.jpg,"২ সেকেন্ডের খুশির জন্য
দুই জিবি ডাটা শেষ করে ফেললাম...",Non Hate,,
meme_761.jpg,"তুমি এখন আমাকে একটুও ভালোবাসো না..
না না চারটে বাঁচে তো অনলাইন থেকে অর্ডার করে এনেছিলাম..।।",Hate,Personal Offence,Individual
meme_762.jpg,"বিয়ের আগে কেন বলনি তোমার ""রানী"" নামে আরেকটা বউ আছে?
আমি তো বলেছিলাম "" তোমাকে রানের মত রাখবো """,Hate,Personal Offence,Individual
meme_763.jpg,"২০ বছর অপেক্ষা করলাম...
এই ২০ সেকেন্ডের জন্য ??",Non Hate,,
meme_764.jpg,"আচ্ছা, তাহলে উঠাও তোমার সারি আর ঘোড়া হয়ে যাও
বাবা,, আমকে ভবিষ্যৎ দেখতে শিখিয়ে দাও
না বাবা,, আপনি পদ মেরে দিবেন
এইতো শিখে গেলে ভবিষ্যৎ দেখা...!!",Hate,Abusive,Individual
meme_765.jpg,"বলতো পৃথিবীর সবচেয়ে ছোট পাখি কোনটা ?
তোমার টা",Hate,Personal Offence,Individual
meme_766.jpg,"আখ কি?
পৃথিবীর একমাত্র বাঁশ যা সাদে মিষ্টি",Hate,Abusive,Community
meme_767.jpg,"লবন দেওয়ার পর তরকারিটা ভালো হয়েছে' এর ইংরেজি কি হবে?
Good After Noon",Non Hate,,
meme_768.jpg,"বাবা, বিয়ের আগে গার্লফ্রেন্ডের সাথে ঘুমানো কি পাপ?
না পাপ না, তবে তোরা তো ঘুমাবি না...",Non Hate,,
meme_769.jpg,"পৃথিবীতে এমন কোন জায়গা নেই যেখানে আমি যাইনি...
কখনো শ্বশুর বাড়ি গিয়েছিস?",Hate,Personal Offence,Individual
meme_770.jpg,"বাবা, মা মাসীর বাড়িতে গেছে... বাড়িতে কেও নেই.. চলে আসো..
কেউই যখন বাড়িতে নেই... শুধু শুধু বাড়িতে এসে কি করবো...
বোকা*দা.... রাখ ফোন..।।",Hate,Abusive,Individual
meme_771.jpg,"বোঝার চেষ্টা করো...
আমার ফিজিক্যাল না হলে আমাদের সম্পর্কটা শক্ত হবে না..!!",Hate,Abusive,Individual
meme_772.jpg,"যখন আগুন নেভাতে পারবি না....
তাহলে আগুন জ্বালাস কেন?",Non Hate,,
meme_773.jpg,"আজকে আমি তোমার কোনো বারণ শুনবো না...
আমি আগেই কাওকে বারণ করিনি... আর আপনি তো আমার নিজের স্বামী..",Non Hate,,
meme_774.jpg,"বলেছিলো ভালোবাসে....
সাইজ বাড়িয়ে দিয়ে চলে গেলো শালা....",Hate,Personal Offence,Individual
meme_775.jpg,"বয়ফ্রেন্ডের জন্মদিন আসছে কি গিফট্ দেয়া যায় বলতো..!!
ধোকা দিয়ে দে...",Hate,Personal Offence,Individual
meme_776.jpg,"এই শুনেছো যে ঘটক আমাদের বিয়ে করিয়েছিল... সে আজ সকালে গাড়ী এক্সিডেন্টে মারা গেছে।
একদিন না একদিন ওকে পাপের শাস্তি পেতেই হত।",Hate,Personal Offence,Individual
meme_777.jpg,"ছেলেরা দাঁড়িয়ে দাঁড়িয়ে হাপিয়ে যায়...
আর মেয়েরা শুয়ে শুয়ে মজা নেয়..!!",Hate,Gender,Community
meme_778.jpg,"জানো আমি আমার রূপ নিয়ে কোনদিন অহংকার করিনি.!!
যেটা নেই সেটা নিয়ে আবার কিসের অহংকার..!!",Hate,Gender,Individual
meme_779.jpg,"বাবা বউকে খুশি করার জন্য কী করবো?
প্রশংসা কর। যখন পারবি খুব খুব খুব প্রশংসা করবি
এই নাও পরোটা।
উফ কী অসাধারণ দেখতে। গন্ধতেই তো আরো খিদে পেয়ে গেল
পোড়ারমুখো মিনষে। এতদিন পরোটা বনাচ্ছি তখন কিছু বলেনা। আর আজ যেই টুম্পা বউদি দিয়ে গেল, অমনি প্রশংসায় ভরিয়ে দিচ্ছে",Hate,Abusive,Individual
meme_780.jpg,"বিয়ের আগে তুমি আমাকে ভালোবেসে কতো নামে ডাকতে-আমার রসমালাই, রাবড়ি, দইবড়া। কই এখন তো আর ওই সব নামে ডাকো না?
দুধের তৈরি জিনিস আর কতো দিন টাটকা থাকবে বলো।",Hate,Personal Offence,Individual
meme_781.jpg,"ছেলে শুটকি'র গন্ধ নিতে পারে না,
কিন্তু ঐখানে মুখ দিয়া নাকি ড্রীম..!!",Non Hate,,
meme_782.jpg,"নীচের ফ্লোরের মহিলার সঙ্গে তোমার কী চক্কর চলছে?
কেন? আমি তো চিনিই না!
তবে সে বলছে কেন.. ওপরওয়ালা তার সঙ্গে আছে?",Non Hate,,
meme_783.jpg,"আমার পেট খারাপ।
আজওয়াইন খাও। খাও।
ঠিক আছে, তুমি যখন বলছো তবে আমি ""আজ ওয়াইন"" খাবো।",Hate,Personal Offence,Individual
meme_784.jpg,"ছেলেদের সাথে বন্ধুত্ব করিনা, কারন দুইদিন গেলেই বলে
""তোমাকে একটা কথা বলতে চাই""",Non Hate,,
meme_785.jpg,"Ex কে ভুলার জন্য Next এর কাছে গিয়ে বাঁশ খেয়ে..
২ জনকেই ভুলতে না পারা আমি...",Non Hate,,
meme_786.jpg,"তোর লজ্জা করে না? বউ এর সাথে বসে কাপড় কাচিস?
এতে লজ্জার কি আছে? বউ ও তো রান্নায় আমাকে সাহায্য করে..!!",Non Hate,,
meme_787.jpg,"৫ টা বছর ধরে দেখছি তুমি আমার প্রত্যেক টা কথায় ভুল ধরছো..!!
ওটা ৫ বছর না ৭ বছর, ৩ মাস, ১২ দিন হবে",Non Hate,,
meme_788.jpg,"মেয়েরা বলে সব ছেলেরা নাকি বাজে
তাহলে মেয়েরা কার জন্য সাজে?",Non Hate,,
meme_789.jpg,"সত্যি মেয়েদের হাতে জাদু থাকে কেমন করে ২ ইঞ্চির জিনিসকে ৬ ইঞ্চিতে পরিনত করে।
আমি রুটি বানানোর কথা বলছিলাম, তোমরা কি ভাবলে? মন ঠিক করো।",Non Hate,,
meme_790.jpg,"তুমি দেখতে এতো ভালো...
তোমার আইস ক্রিম কেনো এতো কালো?
দেশি আইসক্রিম কালোই হয়...",Hate,Personal Offence,Individual
meme_791.jpg,"একটা নান্টু ঘটক নেই বলে...
অল্প বয়সে বিয়ে করতে পারলাম না...!!",Non Hate,,
meme_792.jpg,"ডাক্তারবাবু আমার স্ত্রীর এপেনডিক্সে সাংঘাতিক ব্যাথা হচ্ছে!
আমি এক বছর আগেই তো তোমার স্ত্রীর এপেনডিক্স অপারেশন করে বের করে দিয়েছি, পৃথিবীতে এমন কোনো মানুষ নাই যার দুটো এপেনডিক্স আছে..
কমায়
আপনার কথা একেবারে ঠিক ডাক্তারবাবু, কিন্তু কিছু মানুষের কাছে তো দু'জন বউ থাকতেই পারে!",Non Hate,,
meme_793.jpg,"আমি যে রাগ করি...
সেটা আমি ছাড়া কেউ জানে না..!!",Non Hate,,
meme_794.jpg,"আপনার বাড়িতে নাকি বিস্ফোরক আছে?
হ্যাঁ আছে তো স্যার, কিন্তু এখন বাপের বাড়ি গেছে...!!!",Non Hate,,
meme_795.jpg,"বাবা, আমি আপনার মেয়েকে বিয়ে করে একদম খুশি না...
কি আর বলবো বাবা.. মনে করো যে বাস তোমার বাড়িতে সেটার ঝাড় আমার বাড়িতে...!!",Hate,Gender,Individual
meme_796.jpg,"বাড়ির মালিক তো বাড়িই ছিল তাহলে তুই চুরি করলি কিভাবে? CO
স্যার, আপনার চাকরিও ভালো, বেতনও ভালোই হবে, এসব শিখে আপনি কি করবেন?",Hate,Personal Offence,Individual
meme_797.jpg,"বিশ্বাস করো শাড়িতে তোমাকে অনেক ভালো লাগে...
কেন, খুলতে সুবিধা হয় বলে?",Non Hate,,
meme_798.jpg,"আরে আপনি! কি খবর? এখন কেমন আছেন? কোন সমস্যা হচ্ছে না তো??
না, কোন সমস্যা হচ্ছে না। তবে বুকের ভেতরটায় টিকটিক শব্দ করে।
তাই বলি, আমার হাত ঘড়িটা কোথায় গেল।",Non Hate,,
meme_799.jpg,"সফল ছেলেদের বিছানায় মেয়েরা এমনিতেই শুয়ে থাকে...
সুতরাং, সফল হও..।।",Hate,Personal Offence,Individual
meme_800.jpg,"মা আমি আইস ক্রিম খাবো
না বাবা ঠান্ডা লেগে যাবে...
আচ্ছা মা.. আমি সোয়েটার পরে খাবো...",Non Hate,,
meme_801.jpg,"মেয়েদের গালে 'ব্রন' বেরোলে স্ক্রিনের সমস্যা
আর ছেলেদের গেলে 'ব্রন' বেরোলে সালা পাক্কা রোজ হ্যান্ডেল মারে...!!",Hate,Gender,Community
meme_802.jpg,"কিরে বান্ধবী তোর নাকি চারটে বয়ফ্রেন্ড?
হ্যাঁ রে..... জিনিসপত্রের যে দাম.. আমি চাই না একজনের উপর এতটা চাপ পড়ুক",Non Hate,,
meme_803.jpg,"প্রাইভেট টিউটর :
যদি কোনো ডাউট থাকে, জিজ্ঞেস করতে পারো।
ছাত্র :
স্যার যে চা দিয়ে গেলো, সে কি আপনার মেয়ে?",Non Hate,,
meme_804.jpg,"চলো না, আমি তোমারটা খাই, তুমি আমারটা
ছিঃ... তুমি কি বাজে..
আরে, আমিতো লুডোর ঘুঁটির কথা বলছিলাম",Non Hate,,
meme_805.jpg,"কারখানায় আগুন লেগেছিলো ..... যারা ভিতরে ছিল সবাই মারা গেছে!
আহা রে, কজন মারা গেছে গো?
১৫ জন, তবে মালিক বলেছে মৃতদের পরিবারকে ১০ লাখ করে টাকা দেবে।
তা তুমি বাঁচলে কিভাবে?
আমি যখন বিড়ি খেতে বাইরে গেছি আর তখনই আগুনটা লাগল।
এইজন্যই বলি বিড়ি খাওয়া ক্ষতিকর...... খেতে কত বারণ করি দেখলে তো গেল ১০ লাখ !!!!!!",Hate,Abusive,Individual
meme_806.jpg,"কিরে শুনলাম তোর বউ-র শরীর খারাপ, এখন কেমন আছে?
ভালো হচ্ছে একটু একটু করে, আজ সকালে তো অল্প ঝগড়াও করেছে!",Non Hate,,
meme_807.jpg,"হ্যাঁ, কিন্তু আপনি জানলেন কি করে?
দাদা, বৌদি কি বাঁহাতি?
আপনার ডান গাল ফুলে আছে।",Hate,Personal Offence,Individual
meme_808.jpg,"১০ টাকা বাঁচানোর জন্য ""CNG"" ছেড়ে বাসে উঠলাম...!
হিজড়া এসে তালি মেরে ২০ টাকা নিয়ে গেলো।..",Hate,Personal Offence,Community
meme_809.jpg,"বাবু আজকের চাঁদটা দেখো কতো সুন্দর..
Picture দাও তুমিও আমার চাঁদ",Non Hate,,
meme_810.jpg,"দুধ খেলে যদি বুদ্ধি বাড়তো,
তাহলে বিবাহিত পূরুষরা সবচেয়ে বেশি বুদ্ধিমান হতো ।।",Hate,Personal Offence,Community
meme_811.jpg,"পৃথিবীতে এমন কোন জায়গা নেই যেখানে আমি যাইনি...
কোনদিন শশুর বাড়ি গিয়েছিস?",Hate,Personal Offence,Individual
meme_812.jpg,"ভালোবেসে কি পেয়েছিস?
Typing Speed বাড়ছে",Non Hate,,
meme_813.jpg,"দাদা একটু আস্তে চালান... আমার দুধ লাফাচ্ছে..
হাত দিয়ে চেপে ধরে রাখুন
হারামজাদা আমি বোতলের দুধের কথা বলেছি....",Hate,Abusive,Individual
meme_814.jpg,"আপনার স্বামীর শরীর টা খুব দূর্বল... উনাকে নিয়মিত দুধ খাওয়াবেন..
বোকা* দা খায় না... খালি টিপে...",Hate,Abusive,Individual
meme_815.jpg,"হ্যালো, কি করছো?
টিভিতে IPL খেলা দেখছি
আরে বা... তুমি খেলা বুঝো? তা কোন দল তোমার ফেভারিট
বাবা বলেছে SRH খুব শক্তিশালী দল...
তোমার বাবাও খেলা বুঝে না...",Non Hate,,
meme_816.jpg,"এই গরমেও যে ছেলে 'চা' খাওয়া ছাড়েনি...
'নিশ্চিত থাকো সে কখনো তোমাকে ছাড়বে না!",Non Hate,,
meme_817.jpg,"জীবনটা পুরো প্রসেনজিতের পুরনো সিনেমার মত হয়ে গেছে,
শুধু অভাব আর অশান্তি!",Non Hate,,
meme_818.jpg,"কি সমস্যা আপনার সেটা বলুন...
ঘুমোলে কিছু দেখি না বাবা... আর খেলে ..আর খিদে লাগে না...",Non Hate,,
meme_819.jpg,"বলবো বলবো করে তোমাকে একটা কথা বলা হয় নি
সেরামাক্রম
বলেই ফেলো তাহলে
আমি বলুম না... আমার শরম করে...",Non Hate,,
meme_820.jpg,"বলছে ওইটা তোমার ডুডু নাকি লজ্জাবতী কাজ
হাত দিলেই ঝুলে যায়..",Hate,Personal Offence,Individual
meme_821.jpg,"রাত হলে ইচ্ছে করে বিয়ে করি...
দিন হলে ইচ্ছে করে ক্যারিয়ার গরি..",Non Hate,,
meme_822.jpg,"আমাকে ১ হাজার টাকা ধার দিবা?
আমার কাছে এখন নেই...
আচ্ছা তাহলে আমি এখন আমার থেকে খরচ করছি তুমি পরে দিয়ে দিও..",Non Hate,,
meme_823.jpg,"সব কষ্ট তো ছেলেরা করে...
মেয়েরা তো শুধু শুয়ে থাকে...",Non Hate,,
meme_824.jpg,"হঠাৎ রুম কেন বুক করলে?
কেন আবার কি খেলার জন্য...
",Non Hate,,
meme_825.jpg,"এই পৃথিবীতে কিছু ফ্রি তে পাওয়া যায়না।।
যদি তোমাকে কোনো ছেলে পায়ের মালা দেই তাহলে ভেবে নিবা...
ওই তোমার পা নিজের কাঁধে রেখে ওটার আওয়াজ শুনতে ইচ্ছুক।।",Non Hate,,
meme_826.jpg,"বন্ধ বলছিল,, ওর বউ নাকি বাড়ির সব কাজ করে... ওর মার কোন কাজ করতে হয় না..
বিয়ের চুলকানি উটসে তোর?",Non Hate,,
meme_827.jpg,"বুঝলি বন্ধু, শূন্য পকেটে যদি কোন মেয়ে তোর সাথে থাকে...
তাহলে বুঝে নিস ও তোর থেকেও বেশি গরীব",Non Hate,,
meme_828.jpg,"কি হলো তুমি আমাকে খাটের নিচে ডাকলে কেন?
খাটের উপর আওয়াজ হয় তাই...",Non Hate,,
meme_829.jpg,"সব মেয়েরা ভালোবাসা চায় না...
কিছু কিছু মেয়ে ওইটাও চায়...",Non Hate,,
meme_830.jpg,"তুমি কাজের মেয়েকে কিছু বলেছো?
না কেন? কি হয়েছে?
এতদিন আমাকে ম্যাডাম বলে ডাকত আজ থেকে হঠাৎ আমাকে দিদি বলে ডাকছে...!!",Non Hate,,
meme_831.jpg,"কেমন মজা দিলাম?
নাই মামার চেয়ে কানা মামা ভালো...!
",Non Hate,,
meme_832.jpg,"আজকে অফিস ছুটির পরে একটি আমার রুমে এসো
কেন স্যার?
তোমার সেলারি বাড়াবো",Non Hate,,
meme_833.jpg,"রাজনীতি বুঝো?
হ্যাঁ, কম বেশি ভালোই বুঝি
কোন পার্টিকে সাপোর্ট করো?
Birthday Party",Non Hate,,
meme_834.jpg,"তুমি তো বলেছিলে, বিয়ের পরেও তুমি আমাকে অনেক ভালোবাসবে।
আমি কি আগে থেকে জানতাম, যে তোমার বিয়ে আমার সাথেই হবে।",Non Hate,,
meme_835.jpg,"মা, পায়ে ব্যথা পেয়েছি... কি করবো এখন?

Status লাগিয়ে দে...",Non Hate,,
meme_836.jpg,"এই শুনছো! আমার শার্টটা ধুয়ে রাখবে। নইলে...
নইলে, নইলে কী করবে?
নিজেই ধুয়ে নেব।",Non Hate,,
meme_837.jpg,"বাবা বলেছে আমি যদি এবার ফেল করি, তাহলে আমার বিয়ে দিয়ে দিবে..
তাহলে প্রিপারেশন ভালো করে নিচ্ছো তো?.

হ্যাঁ সব কমপ্লিট.. শুধু বেনারসী শাড়িটা পছন্দ করে উঠতে পারছিনা...",Non Hate,,
meme_838.jpg,"তুমি এতো রোগ পাতলা কেন?
চিকন চালের ভাত খাই তো তাই..",Non Hate,,
meme_839.jpg,"রাগ করেছে?
না, আমি রাগ করবার কে?",Non Hate,,
meme_840.jpg,"মা, ভালোবাসা একটা ভাইরাস।
আর দরজার পেছনের লাঠিটা দেখেছিস? ওটা অ্যান্টিভাইরাস।",Non Hate,,
meme_841.jpg,"সফলতার চাবি
আর পাশের বাড়ির ভাবি
শুধুমাত্র ভাগ্যবান ব্যক্তি গুলোই পায়....!!",Non Hate,,
meme_842.jpg,"কুতুব মিনার কোথায় অবস্থিত?
জানিনা স্যার!!
গাধা কোথাকার, বেঞ্চের উপর দাঁড়া,
স্যার, কুতুবমিনার কই দেখতে পাচ্ছি না তো!!",Non Hate,,
meme_843.jpg,"মা আমার একটা ছোট বোন চাই
তোর বাবা এখন বাড়িতে নেই... বাড়িতে আসলে এই বিষয়ে কথা বলবো
বাবাকে সারপ্রাইজ দিলে কেমন হয়?",Non Hate,,
meme_844.jpg,"বাড়িতে আসতে এত দেরি হল কেন?
ফার্মেসিতে প্রচুর ভিড় ছিল তাই
",Non Hate,,
meme_845.jpg,"হাই হ্যান্ডসাম..
প্রথমেই মিথ্যা কথা... বাই!",Non Hate,,
meme_846.jpg,"তুমি এত মোটা কেন?
আমাদের ফ্রিজ নষ্ট
তো কি হয়েছে?
সব কিছু খেয়ে ফেলতে হয়!",Hate,Personal Offence,Community
meme_847.jpg,"আমি তোমাকে ভালোবাসি
কাটবে না তো আমার?
মুখে দিলে তো কাটবো সোনা...",Non Hate,,
meme_848.jpg,"বৌ আর চাকরি সবাই চায়,
কিন্তু যখন পেয়ে যায়, তখন মানুষ দুটোই বদল করতে চায়।",Non Hate,,
meme_849.jpg,"আপনি কাশি রোগীকে পেট খারাপ হওয়ার ওষুধ দিলেন কেন?
এখন সে কাশি দেওয়ার আগে দশবার ভাববে...",Non Hate,,
meme_850.jpg,"তুমি যে বললে এর আগে কোন মেয়ের সাথে সম্পর্ক ছিলে না তাহলে এত ভালো কি করে করলে...!
আমি এত ভালো করেছি সেটা তুমি কি করে বুঝলে",Non Hate,,
meme_851.jpg,"আচ্ছা তোর কাছে এমন কি টেলেন্ট আছে যা আমার কাছে নাই
আমি এক হাতে তালি বাজাতে পারি তুই পারবি
তুই একবার চান্স দিয়ে দিয়ে দেখ আমি হাত ছাড়া তালি বাজিয়ে দেখাবো",Non Hate,,
meme_852.jpg,"যে বাড়িতে AC আছে
সেই বাড়িতে বউ হতে আমার কোনো আপত্তি নাই।",Non Hate,,
meme_853.jpg,"বলতো বাস ড্রাইভার আর কন্ডাক্টর-এর মধ্যে পার্থক্য কি?
কন্ডাক্টর ঘুমিয়ে গেলে কারো টিকিট কাটা হবে না, কিন্তু ড্রাইভার ঘুমিয়ে গেলে সবার টিকিট কাটা হয়ে যাবে",Non Hate,,
meme_854.jpg,"তোমার কি লজ্জা লাগে না?
কি হয়েছে স্যার এসব বলছেন কেন?
এত মেকাপ করার পরও তুমি ফিল্টার লাগাও।",Non Hate,,
meme_855.jpg,"সারাদিন:
ওগো, কিগো
রাতে:
বাবাগো",Non Hate,,
meme_856.jpg,"প্রেম হলো অনেকেটা বেসরকারি চাকরির মতো,
দায়িত্ব পালনের একটু অবহেলা হলেই আপনার জায়গায় নতুন কাউকে বসিয়ে দেবে!",Non Hate,,
meme_857.jpg,"মেয়েরা কেন বেশি HOT হয়?
কারণ মেয়েদের 2 টি 500 ওয়াটের বাল্ব এবং একটি 3000 ওয়াটের ওভেন থেকে।",Non Hate,,
meme_858.jpg,"আমার জন্য মোবাইলে ফোন আসলে বলে দিও যে আমি বাড়িতে নাই....
আমার বর বাড়িতে আছে...!
কিন্তু আমি তো বারণ করেছিলাম তোমাকে
ফোন তোমার জন্য না আমার জন্য এসেছিল...।।",Non Hate,,
meme_859.jpg,"""ছিঃ ছিঃ, কত বাজে কথা বলো তুমি""...!
""আচ্ছা বাবা, ক্ষমা করে দাও.""
""আচ্ছা, তারপর ওর পরে কি করবা সেটা বলো?""",Non Hate,,
meme_860.jpg,"পৃথিবীতে মা বাবার চেয়ে বড়ো কেউ নেই
তবে চলো, আমরা দুজন মা-বাবা হয়ে যায়",Non Hate,,
meme_861.jpg,"বাড়িতে আসার সময় কিছু আনতে হবে?
আসার সময় ফার্মেসি হয়ে এসো তাহলে হবে..!!",Non Hate,,
meme_862.jpg,"আচ্ছা Baby Sugar Daddy 'র মানে কি?
Baby যার বাবার ডায়াবেটিস থাকে তাকে Sugar Daddy বলে",Non Hate,,
meme_863.jpg,"কিন্তু তুমি তো বলেছিলে আমি তোমার বাগানের একমাত্র ফুল
আরে Brainless মহিলা কোনোদিন দেখেছো, যে কোনো বাগানে একটি ফুল থাকতে?",Non Hate,,
meme_864.jpg,"কিরে বান্ধবী, এখন তো তোর বিয়ে হয়ে গেছে।
এখন তো খুব শান্তির ঘুম ঘুমাচ্ছিস...
শান্তিতে অনেক পাচ্ছি বান্ধবী কিন্তু পাঁচ রাত ধরে ঘুমাতে পারছিনা",Non Hate,,
meme_865.jpg,"যে আমার ইচ্ছে পূরণ করবে তাকে আমি ১লাখ টাকা দেব
তোর ইচ্ছেটা কি?
আমার দুই লাখ টাকা চাই..",Non Hate,,
meme_866.jpg,"তোমার নাকি বিয়ে ঠিক হয়েছে... তা ছেলে কি করে?
আপনার সাথে কাকু রাতে যা করে",Non Hate,,
meme_867.jpg,"তুমি এর আগে কয়জনের সাথে ঘুমিয়েছো?
শুধু তোমার সাথে.. অন্যরা আমাকে ঘুমাতে দেয়নি",Non Hate,,
meme_868.jpg,"কিরে ঐখানে কি করিস?
গার্লস স্কুলের মেয়ে দের দেখতেসি
হাত পা ছেরে দে তাইলে মেডিক্যাল কলেজের মেয়ে দেখতে পাবি",Non Hate,,
meme_869.jpg,"চুপচাপ IPL দেখবি,
মিনিটে মিনিটে Status দিবি না...",Non Hate,,
meme_870.jpg,"রান্না কেমন হয়েছে?
এখন ঘুমোতে যাবো... এখন ঝগড়া না করলেই নয়?
",Non Hate,,
meme_871.jpg,"আচ্ছা বাবা, তুমি কি মদ টদ খাও নাকি?
আগে বলুন, এটা প্রশ্ন না নেমন্তন্ন?",Hate,Personal Offence,Individual
meme_872.jpg,"কি ব্যাপার পচা? তোর রুমে তিনটে চশমা কেন?
একটা চশমা দিয়ে আমি লেখাপড়া করি, আরেকটা দিয়ে বাইরে ঘুরে বেড়াই, বাকিটা দিয়ে আগের দুটো চশমাকে খুঁজে বের করি..",Non Hate,,
meme_873.jpg,"পড়ে যাচ্ছে চুল হয়ে যাচ্ছি টাক,
তবুও কেউ দিলো না ওগো বলে ডাক!",Non Hate,,
meme_874.jpg,"টিপলে সবকিছুই বড় হয়
শুধু মোবাইলটাই আমার সাথে বেইমানি করল",Non Hate,,
meme_875.jpg,"প্রেম করলে ভয় পাবার কি আছে?
মোবাইলে আমার নাম কি দিয়ে সেভ করেছ?
সুমন রাজমিস্ত্রি",Non Hate,,
meme_876.jpg,"বাবা, ধৈর্যের ফল সব সময় মিষ্টি হয়..।।
এটা তোমাদের সময়ে হতো এখন ধৈর্যের ফল ধরতে ধরতেই কেউ না কেউ খেয়ে ফেলে..!!",Non Hate,,
meme_877.jpg,"তোমরা ছেলেদের এতো attitude কিসের?
ছেলেদের attitude বেশি কারণ... তালা নষ্ট হয়ে যায় চাবি না...!!",Non Hate,,
meme_878.jpg,"লাইফে সত্যি কারের ভালোবাসা থাকলে আর কি লাগে?
একটা খালি রুম...",Non Hate,,
meme_879.jpg,"সকালে কি জরুরি কথা বলবে বলছিলে বলো শুনি
বলছি ৩০০০ টাকা ধার ধার দাও না, তুমি বেতন পেলেই ফেরত দিয়ে দেবো",Non Hate,,
meme_880.jpg,"আমার পেট ফুলে যাচ্ছে, মনে হয় আমি Pregnent.
তোমাকে কি করে বুঝায় যে উপর উপর দিয়ে করলে বাচ্চা হয় না.. গ্যাস হয়েছে মনে হয়..",Non Hate,,
meme_881.jpg,"ছেলেদের কোন সখের নারী হয় না,
কেন,,,, কি করে বুঝলি?
কারণ রাস্তায় যে মেয়ে দেখে সেই মেয়ে তাদের সখের নারী হয়ে যায়।",Hate,Gender,Community
meme_882.jpg,"তুমি জানো কত দূর দুরান্ত থেকে আমার জন্য বিয়ের আলাপ আসে?
দূর দূরান্ত থেকেই আসবে, কাছের মানুষ তো সবাই তোমার চরিত্র সম্পর্কে জানে...",Hate,Personal Offence,Individual
meme_883.jpg,"স্বামী-স্ত্রীর ঝ'গড়া কখনো সিরিয়াসলি নিবেন না,

ওরা রাতে আবার এক হয়ে যায়..!!",Non Hate,,
meme_884.jpg,"অন্যদের মা :
সমস্যা নাই..! ও আস্তে আস্তে শিখে যাবে।
আমার মা :
শশুর বাড়ি গিয়ে কি করবি, এক দরজা দিয়ে নিবে অন্য দরজা দিয়ে বের করে দিবে..!!",Non Hate,,
meme_885.jpg,"স্ট্রবেরি এমন একটা ফল,
যেটার নাম শুনলে প্রথমে ফলের কথা মাথায় আসে না..!!",Non Hate,,
meme_886.jpg,"তুমি দেখতে এত ভালো
তাহলে তোমার আইসক্রিম কেনো এতো কালো?",Non Hate,,
meme_887.jpg,"বাবা, তোর দাদার ছেলে হয়েছে..তুই কাকা হয়েছিস..
কিন্তু মা... গর্ভবতী তো ছিল বৌদি...",Non Hate,,
meme_888.jpg,"চারটে আঙ্গুল যদি ঢুকে যায়
তাহলে ভেবে নেবেন পকেটটা ছেড়া..!!",Non Hate,,
meme_889.jpg,"এমন কোন জায়গা আছে যেখানে মেয়ে এবং ছেলে উভয়েরই চুল কোঁকড়া থাকে....?
ছিঃ..ছিঃ.. কত বাজে চিন্তাভাবনা তোর
এতে বাজে চিন্তাভাবনার কি আছে,,, আমি তো আফ্রিকার মানুষদের কথা বলছিলাম..!!",Non Hate,,
meme_890.jpg,"মেয়ে আমাদের পছন্দ হয়েছে... আমরা এই বিয়েতে রাজি..!!
আমরাও রাজি,,, তবে মেয়ের ছেলে বন্ধুকে একবার জিজ্ঞেস করে কনফার্ম করতে হবে..",Non Hate,,
meme_891.jpg,"জানিস বান্ধবী ওরটা খুব লম্বা
আর অনেক মোটাও",Non Hate,,
meme_892.jpg,"এই গরমে খালি গায়ে থাকাটা একটা আর্ট
যেটা মেয়েরা পারেন",Non Hate,,
meme_893.jpg,"তুই গেলে তোর মতো হাজারটা আসবে যাবে...
ভগবান তোর ব্যবস্থা বড়ো করুক..",Non Hate,,
meme_894.jpg,"বাবা আমি কিভাবে হয়েছিলাম?
ওইদিন খুব বৃষ্টি ছিলো,, আর ফার্মেসিও বন্ধ ছিল..!!",Non Hate,,
meme_895.jpg,"জানিস তোর বৌদির জ্বালায় রাতে ঘুমোতে পারি না.. সারারাত নাক ডাকে..!!
শুধু কি নাক ডাকে রে ভাই... তুই অফিসে চলে গেলে আমাকেও ডাকে..",Non Hate,,
meme_896.jpg,"
কিরে পল্টু,,, তুই পরীক্ষায় নকল এনেছিস কেনো?
বিশ্বাস করেন স্যার, এইটা নকল না...এইটা বইয়ের পৃষ্ঠার জেরক্স..
",Non Hate,,
meme_897.jpg,"পরীক্ষা হলে কিছু না দেখানো মেয়েটাও
Instagram এ এসে তার সব দেখায়..",Non Hate,,
meme_898.jpg,"তোমার Account Balance এর একটা Screenshot দাও তো
কেনো?
একজন টাকা ধার চাচ্ছে ওকে বুঝাতে হবে যে আমার ব্যালেন্স ০০",Non Hate,,
meme_899.jpg,"বাবা তোর মোবাইলটা কোথায়?
আর কতবার বলবো মোবাইলটা নষ্ট হয়ে গেছে?
বলতে থাক... শুনতে ভালো লাগে।।
",Non Hate,,
meme_900.jpg,"ডাক্তারবাবু কাশির রোগীকে ""পাতলা পায়খানা"" হওয়ার ওষুধ দেওয়ার পর।
আপনি আমার বউকে পাতলা পায়খানার ওষুধ দিলেন কেন? ওর তো কাশি হয়েছে।!
আপনার বউ এবার কাশবার আগে দশবার ভাববে!",Non Hate,,
meme_901.jpg,"ও দাদা... তোমার চাটে মেয়েদের চুল পেলাম!!
আরে ভাই ৫ টাকার চাটের সাথে তুই পুরো মেয়ে পাবি নাকি শুধু চুল পাবি
সে ঠিক আছে কিন্তু চুলটা কুঁচকানো টাইপের",Non Hate,,
meme_902.jpg,"আমার ছেলের খুব আবদার,, তুমি একটু ম্যানেজ করে নিও বৌমা..!!
হ্যাঁ মা, আপনার ছেলের আবদার মেটাতে গিয়েই তো রাতে ঘুমাতে পারি না..!!",Non Hate,,
meme_903.jpg,"তুই আমার ছেলেকে কি দিয়ে বশ করে রেখেছিস?

আপনিও দেখতে চান, আপনাকেও দেখাবো?",Non Hate,,
meme_904.jpg,"এভাবে কি দেখছো?

কিছু না, তোমার ছোট ভাইকে গরম করার চেষ্টা করছি",Non Hate,,
meme_905.jpg,"মা আপনার মেয়ের মধ্যে অনেক দোষ রয়েছে!
জানি বাবা, সেই জন্যই তো কোনো ভালো ছেলের সাথে বিয়ে দিতে পারলাম না",Non Hate,,
meme_906.jpg,"ভাই তুই প্রতিবার এক পেগ মারার পর ফোনে কি দেখছিস?
বৌয়ের ছবি দেখছি যখন দেখবো বউ সুন্দরী হয়ে গেছে বুঝবো নেশা হয়ে গেছে",Hate,Personal Offence,Individual
meme_907.jpg,"চরিত্র সবার ভালো
শুধু ধরা না পড়ার আগে অবধি!",Non Hate,,
meme_908.jpg,"তুমি তো বিয়ের আগে অনেক মন্দিরে যেতে এখন যাও না কেন?
তোমাকে বিয়ে করার পর থেকে ঠাকুরের প্রতি বিশ্বাস চলে গেছে",Hate,Religious,Community
meme_909.jpg,"হোটেল রুমে নিয়ে আসলি কেনো আমাকে?
কেন আবার কি... ওইটা করার জন্য,...
যখন জঙ্গলের মধ্যে কাজ সরা যায় তখন টাকা খরচ করে রুম ভাড়া করার কি দরকার ছিল?",Non Hate,,
meme_910.jpg,"কিরে?? তুই পরীক্ষায় নকল আনছোস??
কসম স্যার, এটা নকল না, এটা বইয়ের অরিজিনাল পৃষ্ঠা",Non Hate,,
meme_911.jpg,"বাড়ির সামনে জল অফিসে আসতে পারছিনা কিছুদিনের ছুটি চাইছি....
কিন্তু অ্যাপ্লিকেশন ফর্মে তোর তোমার হবি ছিল সাঁতার কাটা",Non Hate,,
meme_912.jpg,"খুব সংস্কারী বৌমা এনেছিস বাবা..
কেনো মা, কি হয়েছে?
বৌমা রাতের বেলায়ও ইংরেজিতে ঠাকুরের প্রার্থনা করে... ""
Oh God, Oh My God """,Non Hate,,
meme_913.jpg,"বুঝেছো বৌমা
হ্যাঁ, মা বলুন
অনেক কষ্ট করে আমি ছেলে কে বড় করেছি বুঝেছো!
হ্যাঁ সেই, আর আমার মা তো আমাকে online এ অর্ডার করেছিলো!",Non Hate,,
meme_914.jpg,"আমার মেয়ে সব বানাতে পারে...
Mood বানাতে পারে ??",Non Hate,,
meme_915.jpg,"বাবা আমার বিয়ে ঠিক করেছে
ধুর, এখন আমরা কি করব?
তুমি কিছু একটা করো.
ঠিক আছে, আমি আজকেই নিজের জন্য অন্য মেয়ে খুঁজে বের করব।",Non Hate,,
meme_916.jpg,"কি রে তোর চোঁখ এত লাল কেন?
বর অসুস্থ তাই রাত জাগতে হচ্ছে!
নার্স রেখে দিলেই পারিস!
রেখেছি তো! আর ঐ নার্সকে পাহারা দিতেই রাত জাগতে হচ্ছে!",Non Hate,,
meme_917.jpg,"আমি তোমার মন চুরি করবো
তা তো করবেই, দেখেই তো চোরের মত লাগে",Hate,Personal Offence,Individual
meme_918.jpg,"খারাপ জিনিস দিয়ে দোকানদার আমাকে ঠকিয়েছে, আর কখনো ওই দোকানে যাবো না!
এরকম বলো না, আমি তো এখনও শ্বশুরবাড়ি যাই!",Non Hate,,
meme_919.jpg,"বৌদি আজকে কিন্তু লাগাতে দিতে হবে.
ছিঃ ... এভাবে বলো না
আরে আমি তো আবির লাগানোর কথা বলছিলাম
আচ্ছা... তাহলে প্যাকেট নিয়ে আসো..
কিসের প্যাকেট?
আবিরের প্যাকেট..",Non Hate,,
meme_920.jpg,কথা দাও হোলিতে দেখা হলে একবার লাগাতে দেবে..!,Non Hate,,
meme_921.jpg,"বাবা ভালোবাসা কি?
আশার আলো
তাহলে বিবাহ কি?
ঐ আলোর ইলেকট্রনিক বিল",Non Hate,,
meme_922.jpg,"বাবা, একটা লেপটপ কিনতে হবে... কলেজের পড়াশুনার জন্য দরকার ..!!
ছোট স্ক্রিনে দেখতে আর ভাল লাগে না এটা বললেই হয়.. পড়াশোনার বাহানা দেওয়ার কি দরকার ছিল..!!",Non Hate,,
meme_923.jpg,"স্যার, আমার ১৫ দিনের ছুটি চাই... বউ প্রেগন্যান্ট
আগের মাসে তো বউ প্রেগনেন্ট বলে ছুটি নিলে...
স্যার আগেরবার বউ প্রেগনেন্ট ছিল না... পেটে গ্যাস হয়েছিল..!!",Non Hate,,
meme_924.jpg,"আমার সাথে জিমে যাবে?
আমাকে কী তোমার মোটা মনে হয়?
ওকে! যেতে হবে না..
কী বলতে চাও? আমি কুঁড়ে?
আচ্ছা আমি একাই জিমে যাচ্ছি..
একা কেন যাবে? নিশ্চই ওখানে কোন নতুন মেয়ে পেয়েছো?",Hate,Personal Offence,Community
meme_925.jpg,"আমি তোমার বমি বমি ভাব হওয়ার কারণ হতে চাই...
তোকে দেখলেই আমার বমি পায়..",Hate,Personal Offence,Individual
meme_926.jpg,"তুমি আজ রাতে অন্য রুমে শোবে
কেন?
আজকে আমার বান্ধবী রাতে আমার সাথে থাকবে
ঠিক আছে যেদিন আমার
বান্ধবী আসবে সেদিন তুমিও
অন্য রুমে শোবে",Non Hate,,
meme_927.jpg,"ভাবছি, আমার পুরোনো সালোয়ার কামিজ, জিন্মের ড্রেস গুলো সব গরীব দুঃখীদের দিয়ে দেব।
XXXL সাইজের কোন গরীব দুঃখী হয় না!",Hate,Personal Offence,Community
meme_928.jpg,"গতকাল রাতে তুমি ঘুমিয়ে ঘুমিয়ে আমাকে গালাগাল দিচ্ছিলে কেন?
তুমি ভুল বুঝেছো!

কি ভুল বুঝেছি?
যে আমি ঘুমিয়ে ছিলাম!",Non Hate,,
meme_929.jpg,"এই তুমি ওই লোকটার বউ এর দিকে তাকিয়ে আছো কেনো?
একটু আগে ওই লোকটা তোমার দিকে তাকাচ্ছিল তাই এখন প্রতিশোধ নিচ্ছি!",Non Hate,,
meme_930.jpg,ভাই তুই আইটা কি করলি,Non Hate,,
meme_931.jpg,"বলতো ""লোক দেখানো"" কাকে বলে..?
Love Marriage এ হানিমুন যাওয়াকে....",Non Hate,,
meme_932.jpg,"নতুন কাওকে পেয়ে গেলে পরিষ্কার বলে দাও
পরিষ্কার",Non Hate,,
meme_933.jpg,"জানো তোমার ছেলে আজকে আবার আমার ব্যাগ থেকে টাকা চুরি করেছে..
টাকাগুলো ওর বইয়ের মধ্যে রাখো পরীক্ষা পর্যন্ত টাকাগুলি নিরাপদে থাকবে",Non Hate,,
meme_934.jpg,"তোমার কথায় উঠবো আর বসবো..
কিন্তু আমি বললে তোমাকে শুয়ে পড়তে হবে..",Non Hate,,
meme_935.jpg,"জীবনে প্রাইভিসি বলতে কিছু নেই!
'বাথরুমে এতক্ষণ কি করছিলি?'
এটারও উত্তর দিতে হয়!",Non Hate,,
meme_936.jpg,"ছাড়ো কেউ দেখে ফেলবে..!!
আগে আমি তো দেখি তারপর অন্যদের দেখিও",Non Hate,,
meme_937.jpg,"আজকে তোমাকে খুশি করেই ছাড়বো
তোমার যাদব এত ক্ষুদ্র খুশি আমার পোষায় না",Non Hate,,
meme_938.jpg,"পরীক্ষার সময় কিছু না দেখানো মেয়েটিও
ইনস্টাগ্রামে এসে তার সব কিছু দেখায়",Non Hate,,
meme_939.jpg,"শূন্য বিছানার চেয়ে
একটা দুষ্ট বউ অনেক ভালো",Non Hate,,
meme_940.jpg,"যে মেয়ের যত বদনাম,
তার তত ভালো জায়গায় বিয়ে হয়!",Non Hate,,
meme_941.jpg,"স্ত্রীর চেয়ে স্বামীর মৃত্যুর হার বেশী কেনো?
কারন দেশে প্রচুর স্ত্রীরোগ বিশেষজ্ঞ রয়েছেন, কিন্তু কোন স্বামী রোগ বিশেষজ্ঞ নেই!",Non Hate,,
meme_942.jpg,"মাইকিং করছে - ১০০ টাকায় সারা জীবন বসে বসে খান।
গিয়ে দেখি মোড়া বিক্রি করে।",Non Hate,,
meme_943.jpg,"আপনার মেয়েকে বিয়ে করে আমি একদম সুখী না বাবা..
কি আর বলবো বাবা ধরে নাও যে বাস তোমার বাড়িতে আছে তার ঝার আমার বাড়িতে",Non Hate,,
meme_944.jpg,"তুমি অফিসে এত ছোট ছোট ড্রেস পরে আছো কেন?
আপনি যা বেতন দেন তাতে এতটুকু ড্রেসই কেনা যায়...
তাহলে তো মনে হচ্ছে তোমার বেতন আরো কমাতে হবে...",Non Hate,,
meme_945.jpg,"তেলের যা দাম,
নিজের চরকায় থুথু দিন!",Non Hate,,
meme_946.jpg,"দুধ দিয়ে কাল সাপ পুষে ছিলাম!
সাপ কখনো ঋণ রাখে না"" দুধ যেমন খেয়েছি, কলা ও তেমন দিয়েছি!",Non Hate,,
meme_947.jpg,"ছেলেটা whitener ইউজ করতে জানত না
তাই একটু ঝাকিয়ে দিলাম",Non Hate,,
meme_948.jpg,"তুই রাহুলের সাথে ব্রেকআপ করলি কেন?
পলিথিন ছাড়া ফ্রিজে ওর মাংস রাখতে চাইছিল তাই..!!",Non Hate,,
meme_949.jpg,"বিয়ে এবং মোবাইল কিনতে যত দেরি করবেন
তত ভালো মডেল পাবেন!",Non Hate,,
meme_950.jpg,"হনুমান আর মেয়েদের মধ্যে মিল কোথায় জানিস তারা দুজনেই কলার জন্য মারামারি করে,
ঠিক তেমন ছেলে আর ইঁদুরের মধ্যেও মিল আছে কারণ দুজনেই ফুটো খুঁজে বেড়ায়।",Hate,Gender,Community
meme_951.jpg,"""বউ আর বাইক""
যত পুরানো হয় তত সাউন্ড বাড়'তে থাকে!",Hate,Personal Offence,Individual
meme_952.jpg,"বর্তমানে ঘর পরিষ্কার করলে, ধূল বেরোয় কম,
মাথার চুল বেরোয় বেশি!",Non Hate,,
meme_953.jpg,"রাজা দশরথের তিনটি বউ ছিলো।
hnm... তো?
ভাবছি আমিও আরও দুটি বিয়ে করেইনি..
দ্রোপদীর নাম শুনেছো?
আরে তুমিও না... সবকিছু এত সিরিয়াস নাও কেন?",Hate,Religious,Community
meme_954.jpg,"যে রেস্টুরেন্টে আলো যত কম
সে রেস্টুরেন্টে বিল ততো বেশি।",Non Hate,,
meme_955.jpg,"ডাক্তারবাবু, আমার সমস্যা হচ্ছে, আমি কিছুক্ষন পর পর সব ভুলে যাই...
কতদিন থেকে তোমার এই সমস্যা?...
এইটাও ভুলে গেছি...",Non Hate,,
meme_956.jpg,"মনে আছে? তুমি বিয়ের আগে আমাকে গিফট, দামী সোনার গহনা দিতে.
হুম মনে আছে..
তো এখন দাও না কেনো?
তুমি কোনোদিন দেখেছো, ছিপে মাছ উঠার পর ওই মাছকে খেতে দিতে?",Non Hate,,
meme_957.jpg,"সব মেয়েরা চিটার হয় না...!!
আমি আমার বান্ধবীকে কাঁদতে দেখেছি ৯ টা ছেলের জন্য!",Non Hate,,
meme_958.jpg,"ভাবতেই লজ্জা লাগছে.. একদিন আমিও বলবো
উফ ছাড়ো.... তরকারি পড়ে যাচ্ছে..!!",Non Hate,,
meme_959.jpg,"রান্না কেমন হয়েছে?
এখন ঘুমোতে যাব এখন ঝগড়া না করলেই নয়?",Non Hate,,
meme_960.jpg,"আপনি আগে কেন বলেননি আপনার মেয়ের মাথা খারাপ
তোমাকে বিয়ে করার জন্যই তো পাগল হয়েছিলো",Non Hate,,
meme_961.jpg,"হ্যালো... কি করছো?
কিছু না... ছোট ভাইকে ঘুম পাড়ানোর চেষ্টা করছি
কিন্তু তোমার তো কোন ছোট ভাই নেই..",Non Hate,,
meme_962.jpg,"বাবাজি,, বিয়ের আগে গার্লফ্রেন্ডের সাথে ঘুমানো কি পাপ?
ঘুমানো পাপ না তবে.. তোরা তো শুধু ঘুমাবি না",Non Hate,,
meme_963.jpg,"জানো আমাদের গ্রামের বাড়িতে আমার বাবা প্রথম রেডিও এনেছিল...
নিজের মায়ের সম্বন্ধে এমন বলতে নেই",Non Hate,,
meme_964.jpg,"মা:
সারাদিন কার সাথে এত কথা বলিস?
আমি:
তোমাদের জামাই লাগবে নাকি লাগবে না?",Non Hate,,
meme_965.jpg,"মশার মতো তোমার সাথে থাকতে চেয়েছিলাম
কখনো ভাবেনি তুমি কয়েল জালিয়ে দেবে",Non Hate,,
meme_966.jpg,"কোথায় গিয়েছিলে?
বাজারে গিয়েছিলাম বেগুন আনতে...
কিন্তু তোর নাম বেগুনে এলার্জি?",Non Hate,,
meme_967.jpg,"যেখানে সেখানে থুতু ফেলিস না
গভীর রাতে থুতু টাও অনেক কাজে লাগে...!!!",Non Hate,,
meme_968.jpg,"তুমি আমার সাথে চিট করলা কেন?
তুমি করছিলে না তাই আমি করলাম",Non Hate,,
meme_969.jpg,"বাড়িতে আসতে এত দেরি হল কেন?
ফার্মেসিতে প্রচুর ভিড় ছিল তাই আসতে দেরি হয়ে গেল
ও তাই আচ্ছা কিছু হবে না তাড়াতাড়ি ঘরে এসো
",Non Hate,,
meme_970.jpg,"বস, আমাকে রোজ কত ঘণ্টা বসতে হবে?
তুমি নিজেই ভাবো যে আমার পাশের কেবিনে 10 ঘণ্টা বসবে
নাকি আমার ঘণ্টায় 10 মিনিট বসবা?",Non Hate,,
meme_971.jpg,"কি সাইজ ঠিক আছে তো?
তোমারটাই ঠিক সাইজের, আগের গুলো বেশি বড়ো বড়ো ছিলো!",Non Hate,,
meme_972.jpg,"তো ছেলে কি করে?
গার্লস গাল হোস্টেলের গেটের সামনে শসা বিক্রি করি
বাবা আমি এই বিয়েতে রাজি..",Non Hate,,
meme_973.jpg,"স্মৃতিশক্তি বাড়ানোর জন্য বাদাম কিনে এনেছিলাম..
কিন্তু কিনে এনে কোথায় রেখেছি সেটাই ভুলে গেছি..",Non Hate,,
meme_974.jpg,"মাঝে মাঝে মনে হয় আমিই ভগবান
দুপুরে কিসমিস আর নকুলদানা খেতে ইচ্ছে হয়?",Hate,Religious,Community
meme_975.jpg,"বড় ভাইয়ের জন্য মেয়ে দেখতে গিয়েছিলাম...!
মেয়ে ছোট বোন আমার পছন্দ হয়ে গেছে..",Non Hate,,
meme_976.jpg,"বৌদি, হানিমুনে কোথায় কোথায় ঘুরতে গেলে?
আর বলিস না, সিলিং ফ্যান ছাড়া কিছু দেখতে পারিনি..",Non Hate,,
meme_977.jpg,"খুব চিন্তায় আছি ভাই, আমি সৌদি আরব চলে গেলে পরিবারের দায়িত্ব কে নেবে?
তুই একদম চিন্তা করিস না ভাই, বৌদির সব দায়িত্ব আমার..",Non Hate,,
meme_978.jpg,"রিয়া মারা গেছে এটা ইংরেজিতে কি লিখবো?
ডায়রিয়া..",Hate,Personal Offence,Individual
meme_979.jpg,"আমি রাতে ঘুমাই না,
কেনো?
কারণ ঘুমালে তুমি স্বপ্নে এসে দুষ্টামি করো",Non Hate,,
meme_980.jpg,"তোর বৌদির জ্বালায় রাতে ঘুমাতে পারি না, সারারাত নাক ডাকে
শুধু কি নাক ডাকে রে দাদা,, তুই অফিসে গেলে আমাকেও ডাকে..!!",Non Hate,,
meme_981.jpg,"ক্যামেরাম্যানের খুবই সুন্দর একটি কাজ
",Non Hate,,
meme_982.jpg,"লোক লজ্জায় বলতে পারিনা..
ভিড়ের মধ্যে এক সুন্দরী মেয়ের ওড়নায় সর্দি মুছে দিয়েছি",Non Hate,,
meme_983.jpg,"এখনকার মেয়েরা ছেলেদের মত সব কিছু করতে পারে..
তাহলে দুই মিনিট চুপ করে দেখাও..!!",Non Hate,,
meme_984.jpg,"বৌমা আমি এক বছরের মধ্যে এই বাড়িতে বাচ্চার আওয়াজ শুনতে চাই
এতোই যেহেতু শক তাহলে আপনি বাচ্চা করে নিন না.. আমিও একটা ছোট্ট দেয়ার পেয়ে যাবো
চাইলে তো আমিও পারি কিন্তু সম্পত্তির যে দুই ভাগ হয়ে যাবে?
থাক মা... আমি ওই করে নেবো...",Non Hate,,
meme_985.jpg,"সারারাত কী জেগে থাকবো নাকি জাগিয়ে রাখবে? কোনটা?
না কাল সকালে তো অফিস আছে। নতুন চাকরি ছুটিও দেবে না...",Non Hate,,
meme_986.jpg,"তুমি আমাকে বিয়ের আগে বলনি কেন যে তোমার রানী নামে আর একটা বউ আছে..?
আমি তো বলেছিলাম যে তোমাকে রানীর মতো রাখবো..",Non Hate,,
meme_987.jpg,"বাবু, তুমি শাড়ি পড়াতে পারো?
না বাবু, আমি খুলতে পারি..",Non Hate,,
meme_988.jpg,"বউ হলো বাল্ব এল মতো, সংসার আলো করে।
ঠিক বলেছো, তাহলে আরো একটা বাল্ব নিয়ে আসি, বাড়ি আলোকিত হয়ে যাবে..!!",Non Hate,,
meme_989.jpg,"বুঝলি বিনোদ?
নোনতা জিনিসও প্রথম প্রথম খুশির ঠেলায় মিষ্টি লাগে",Non Hate,,
meme_990.jpg,"এখন ভালো লাগছে না... খুব ঘুম পাচ্ছে..
তুমি ঘুমিয়ে পরো... শুধু তোমার টা সজাক রাখো...",Non Hate,,
meme_991.jpg,"জানো তাজমহল ভালোবাসার প্রতীক...
কিন্তু ওইটাতে তো কোন রুমই নেই
",Non Hate,,
meme_992.jpg,"ভাই ইংলিশ এতো হার্ড কেনো?
জল মিশিয়ে খেয়ে দেখে... একদম হার্ড লাগবে না..!!",Non Hate,,
meme_993.jpg,"তোর কুস্টিতে লেখা আছে বউ তোকে অনেক আদর দেবে..!!
কার বউ.. সেটা লেখে নি?",Non Hate,,
meme_994.jpg,"কিভাবে সম্ভব?
2024
2025",Non Hate,,
meme_995.jpg,"জানো মেয়েদের কাছে অনেক অদ্ভুত শক্তি থাকে..
একদম ঠিক বলেছ নাহলে পা দিয়ে স্কুটি আটকানো কি চারটিখানি কথা...!!",Non Hate,,
meme_996.jpg,"তোমার ঐখানে এতো চুল কেনো?
যাদের ওখানে ঘন চুল, তারাই আসল বিউটিফুল..",Non Hate,,
meme_997.jpg,"এই শোনো তোমার কাছে কি ঠান্ডা করার ঔষধ আছে..?

আছে তবে প্রথমে গরম হবে তারপর ঠান্ডা হবে।",Non Hate,,
meme_998.jpg,"প্রেমিকার চোখের জল নয়...
ঘাম বের করতে পারলেই সে আসল পুরুষ",Non Hate,,
meme_999.jpg,"এই খোঁচা খোঁচা দাড়িতে তোমাকে খুব দারুণ লাগে
তোমাকেও",Non Hate,,
meme_1000.jpg,"এই বাসন গুলো কিভাবে ভাঙলো বৌমা?
আপনার ছেলের সঙ্গে ঝগড়া হয়েছিল!
আর এই খাটটা?
তখন ঝগড়া মিটে গিয়েছিল!",Non Hate,,
meme_1001.jpg,"পড়াশোনা আর প্রেম দেখতেই ভালো লাগে
করতে গেলেই সমস্যা..!!",Non Hate,,
meme_1002.jpg,"ছোটবেলায় ভাবতাম...
বেলুনের ভেতরে কারা সর্দি ফেলেছে..!",Non Hate,,
meme_1003.jpg,"তুমি আমার কোন প্রশ্নে সব থেকে বেশি ভয় পাও?
""বাচ্চারা সুয়ে পড়েছে ?""",Non Hate,,
meme_1004.jpg,"আমাকে কি তোমার বাড়িতে কাজ করানোর জন্য বিয়ে করেছো?.. আমি কি কাজের লোক নাকি..?
তোমার ভাগ্য ভালো... প্রতি রাতে মালিকের সাথে ঘুমানোর সুযোগ পাও..!!",Non Hate,,
meme_1005.jpg,"I Love You babe
এখন আবার কার রুম খালি পেয়ে গেলে?",Non Hate,,
meme_1006.jpg,"চেয়ারে বসাটা মোটামুটি পারি..
কিন্তু ওখানে বসার সুযোগ এখনো পাইনি",Non Hate,,
meme_1007.jpg,"কুম্ভ স্নান করার সময় যখন গঙ্গার কলিফর্ম ব্যাক্টেরিয়া আপনাকে শুভনন্দন জানায়:
",Hate,Religious,Community
meme_1008.jpg," স্ত্রী খবর পাওয়া গেছে... আপনার ছেলের সাথে পালিয়ে গেছে
আমাকে এক্ষুনি ওই ছেলের কাছে নিয়ে চলুন পুলিশবাবু
কিন্তু কেন...?
আমি চাই না আমার মতো অন্য ছেলের লাইফ নষ্ট হোক..",Non Hate,,
meme_1009.jpg,"কি হলো? এভাবে কি দেখছো?
তোমার ছোট ভাইকে জাগানোর চেষ্টা করছি...",Non Hate,,
meme_1010.jpg,"বাবা দিদির তো বিয়ে হয়ে গেল, এবার আমারও বিয়ে দিয়ে দাও
বিয়ে তো করবি? তা বউকে খাওয়াবি কী শুনি?
কেন? দিদি তো নেই। দিদি এই বাড়ীতে থাকলে যা খেত, তাই খাবে আমার বউ",Non Hate,,
meme_1011.jpg,"ছেলের মাঃ
শখ করে ছেলের বিয়ে দিলাম মনের মতো বউ পেলাম না!
ছেলের ঠাকুমাঃ
তোমার আর আমার কপালটা একই বউমা!",Non Hate,,
meme_1012.jpg,"তোমার বাড়ি কোথায়?
তোমার বুকে..",Non Hate,,
meme_1013.jpg,"তোমার সাথে দেখা হওয়ার আগে ভাবতাম
লম্বা ছেলেদের সব কিছু লম্বা হয়..!!",Non Hate,,
meme_1014.jpg,"মাঃ
হ্যালো তোর দাদার ছেলে হয়েছে!
আমিঃ
বুঝলাম, কিন্তু প্রেগন্যান্ট তো বৌদি ছিলো!",Non Hate,,
meme_1015.jpg,"এই শুনছো, কদিনের জন্য চলো না কোথাও ঘুরে আসি!
বলো কোথায় যাবে?
এমন জায়গায় যেখানে কম খরচে শুধু খাওয়া দাওয়া আর বিশ্রাম নিতে পারব
তাহলে দেরি কেনো? এক্ষুনি চলো তোমার বাপের বাড়ি।",Non Hate,,
meme_1016.jpg,"বান্টুদা জানো বৌদিকে টিপে খুব ভালো লাগে...
পলিথিন ছাড়া ফ্রিজে মাংস রাখতে এসেছিল..
বান্টুদা তোমার মনে পাপ আছে আমি তো বৌদির কপালের টিপের কথা বলছি",Non Hate,,
meme_1017.jpg,"শালা অংকের ছাত্র হয়ে আজ অব্দি এই ব্যাপারটা কি বুঝতে পারলাম না
যে তিন ইঞ্চি খালে 6 ইঞ্চি নৌকো কিভাবে ডুবে যায়?",Non Hate,,
meme_1018.jpg,"অনেক মেয়েই বিয়ের আগে মা হতে পেরেছে
কিন্তু আপসোস কোনো ছেলে বিয়ের আগে বাবা হতেই পারেনি!",Non Hate,,
meme_1019.jpg,"তুমি সারাক্ষণ আমার সাথে ঝগড়া করো কেন?
আমি ভালোবাসিতো তোমাকেই, এখন ঝগড়া করতে কি অন্য কোথাও যাবো?",Non Hate,,
meme_1020.jpg,"কালকে ঘুরতে পার্কে গিয়েছিলাম গিয়ে দেখি সেখানে
জোরকদমে শিশু তৈরির কাজ চলছে!",Non Hate,,
meme_1021.jpg,"ডাক্তারবাবু আমার খুব শরীর খারাপ
আপনার কাছে কি থার্মোমিটার আছে?
আমার কাছে একটা থার্মোমিটার আর একটা ইনজেকশন আছে..",Non Hate,,
meme_1022.jpg,"তোমায় একটা কথা বলার ছিল
কী বলো
তোমার সাথে বিয়ে হওয়ার আগে আরো দশ জনের সাথে সম্পর্ক ছিল!
আমি আগেই বুঝেছি জন্মকুন্ডলী যখন মিলেছে তখন চরিত্রটাও মিলবেই!",Non Hate,,
meme_1023.jpg,"আপনার ছেলে হয়েছে.. আপনি খুশি তো?
আপনি কি চেয়েছিলেন ছেলে না মেয়ে?
আমি কিছুই চাইনি, স্নান করার সময় ওর বাবার থেকে শুধু গামছাটা চেয়েছিলাম!",Non Hate,,
meme_1024.jpg,"শক্তিশালী কাকে বলে?
যে সালে প্রতিদিন জিমে যায় তাকে শক্তিশালী বলে..!!",Non Hate,,
meme_1025.jpg,"বাড়ির পোষা কুকুরকে ট্রেনিং দিচ্ছে স্ত্রী :
আমি যেভাবে বলব সেভাবে আমার পিছনে ঘুরঘুর করবি....
স্বামী:
ওকে বুঝিয়ে লাভ নেই... ও তুমার কথা বুঝবে না...
স্ত্রী:
চুপ করো... শুরুতে তুমিও কথা শুনতে না...",Non Hate,,
meme_1026.jpg,"বৌমা সূর্য বাবা হতে পারবে না...
কিন্তু কেনো বাবা?
কারণ সূর্য রাতে উঠে না...",Non Hate,,
meme_1027.jpg,"তুমি আমাকে কেনো ভালোবাসো?
কেনো মনে আবার কি... ওইটার জন্য..",Non Hate,,
meme_1028.jpg,"কি যে রান্না করো তুমি!
কাচ্চি বিরিয়ানি করেছো, কিন্তু মাংস তো খুঁজে পেলাম না!
কাশ্মীরি পোলাওতে কি কাশ্মীর দেখা যায়? চুপচাপ খেয়ে নাও...",Non Hate,,
meme_1029.jpg,"পাহাড় থেকে ঝাঁপ দেবো, একটা প্যারাস্যুট লাগবে, ঠিক সময়ে খুলবে তো?
হ্যাঁ, না খুললে নিয়ে আসবেন, পাল্টে দেবো!",Non Hate,,
meme_1030.jpg,"খেয়ে ছেড়ে দেবে না তো ?
না রেখে সারাজীবন খাবো
",Non Hate,,
meme_1031.jpg,"কিগো আরো একবার করোনা...
আর একবার করলে ওইটার জায়গায় ভিতর থেকে আত্তা বেরিয়ে যাবে",Non Hate,,
meme_1032.jpg,"ছাড়ো... কেউ দেখে ফেলবে..
আগে আমি তো দেখি...",Non Hate,,
meme_1033.jpg,"ছেলেরা ভাবে...
পরিষ্কার মেয়েদের সবকিছু পরিষ্কার হয়...",Non Hate,,
meme_1034.jpg,"আমরা রাজি আছি
আমরাও রাজি, কিন্তু একবার মেয়ের best friend কে জিজ্ঞেস করে confirm করতে হবে।",Non Hate,,
meme_1035.jpg,"বাবা তোমার জীবনের সবচেয়ে বড় achievement কি?

স্কুলে তোর মা আমায় একবার রাখি পরিয়েছিল, আর এখন দেখ!",Non Hate,,
meme_1036.jpg,"ছেলেরা আজব হয় বউ কেও বোঝেনা,
আবার বউ ছাড়াও কিছু বোঝেনা!",Non Hate,,
meme_1037.jpg,"ছাড়ো... এখন ভালো লাগছে না...
ছাড়বো কেন.. এখন দেখবে জাপানি তেল ঘষে দেবো..
ছোটভাই পেন্ট দেখে উকি মারবে..",Non Hate,,
meme_1038.jpg,"তোমার লজ্জা করে না?
কেন কি হয়েছে?
এত মেকআপ করার পরে ও ফিল্টার ইউজ কর..",Non Hate,,
meme_1039.jpg,"পুরুষেরা বিয়ের আগে মহিলাদের সাথে যেমন ব্যবহার করে, তা যদি বিয়ের পরও করতো, তাহলে অর্ধেক ডিভোর্স এ হত না!
মহিলারা বিয়ের পর পুরুষের সাথে যেমন ব্যবহার করে, তা যদি বিয়ের আগেও করতো, তাহলে অর্ধেক বিয়েই হত না!",Non Hate,,
meme_1040.jpg,"আমার দিকে মুখ করে ঘুমাও, আমার ভয় করছে!
তুমি শুধু নিজেরটা ভাবলে? আমার বুঝি ভয় করবে না?..",Non Hate,,
meme_1041.jpg,"বউ হলো বাল্ব এল মতো, সংসার আলো করে।
ঠিক বলেছো, তাহলে আরো একটা বাল্ব নিয়ে আসি, বেশী আলো হবে!!",Non Hate,,
meme_1042.jpg,"তুমি কি আমার মেয়ের সব ইচ্ছে পূরণ করতে পারবে?
হুম, পারবো
এত শিওর হচ্ছো কিভাবে?
আপনার মেয়ে বলেছে, সে আমাকে ছাড়া কিছুই চায় না!",Non Hate,,
meme_1043.jpg,"তোমার বাঁশিটা এতো ছোট কেন?, ভালো করে সুর'ই ওঠে না!
আমি কি জানতাম না যে এতবড় হলঘরে বাজাতে হবে?",Non Hate,,
meme_1044.jpg,"জানো আমার বাবা আমাদের গ্রামে প্রথম রেডিও এনেছিলো..
নিজের মায়ের সম্বন্ধে এরকম বলতে নেই পাগলী!",Non Hate,,
meme_1045.jpg,"আজ আমাদের বিবাহবার্ষিকী, এই বিশেষ দিনে আমরা কী কী করা যায়, বলো তো?
প্রথমে এসো, দুই মিনিট নীরবতা পালন করি!",Non Hate,,
meme_1046.jpg,"তুমিও ফর্সা, আমিও ফর্সা
তাহলে আমাদের বাচ্চা কালো হলো কেন?
তুমিও হট, আমিও হট তাই বাচ্চা পুড়ে কালো হয়ে গেছে মনে হয়",Non Hate,,
meme_1047.jpg,"আমি মূর্খ ছিলাম তাই তোমার দিদিকে বিয়ে করেছি!
আর অন্ধ ও ছিলে, তা না হলে আমি ও তো পাশে দাঁড়িয়ে ছিলাম!",Non Hate,,
meme_1048.jpg,"তোমার চা-টা খুব দারুন হয়..
তোমারও",Non Hate,,
meme_1049.jpg,"বাবু আমার আগে তোমার কয়'টা বয়ফ্রেন্ড ছিল?
আম খাচ্ছো খাও, আঁটি গুনে কি করবে?",Non Hate,,
meme_1050.jpg,"তোমার বন্ধু যাকে বিয়ে করতে যাচ্ছে সে মেয়েটা কঠিন দজ্জাল, তাকে বারন করো।
কেন বারন করবো? সে কি আমার সময় বারন করেছিল?",Non Hate,,
meme_1051.jpg,"অনেক স্বামীওই জানেনা
তার বউ ফেইসবুকে অবিবাহিত",Non Hate,,
meme_1052.jpg,"মা আমরা এত গরিব কেন?
তোর বাবা আগে সারাদিন ফেইসবুকে Reels দেখতো",Non Hate,,
meme_1053.jpg,"এরা হল স্বামী-স্ত্রী
আবার যেন জিজ্ঞাসা করবেন না, কোনটা স্বামী, কোনটা স্ত্রী!",Non Hate,,
meme_1054.jpg,"এখনকার
বাচ্চারা
আমরা
ছোট বেলায়
",Non Hate,,
meme_1055.jpg,"কেমন আছো?
প্রপোজ করেছিলাম তাই ব্লকে করে দিয়েছিলে, এতদিন পর কি মনে করে?
তুমি যে আমাকে প্রেমের প্রস্তাব দিয়েছিলে সেটা কি এখনো আছে?
 ১০০% আছে..
তাহলে সে প্রস্তাব আবারো রিজেক্ট করলাম!
",Non Hate,,
meme_1056.jpg,"ভয় তো আমি কারো বাপকেই পাই না,
তবে সেটা আমার বাপ হলে আলাদা কথা!",Non Hate,,
meme_1057.jpg,"ঠিক মতো গরমটাকে উপভোগ - করতে পারছি না,
মাঝে মধ্যে কারেন্ট এসে বিরক্ত করছে",Non Hate,,
meme_1058.jpg,"অনেক দিন পরে আজ ওজন মাপলাম,
হাতে মোবাইল, কাঁধে ব্যাগ আর হৃদয়ে তুমি সহ 50 কেজি..",Non Hate,,
meme_1059.jpg,ফটো টা যে তুলেছে তাকে কি দেওয়া যায় বন্ধুরা,Non Hate,,
meme_1060.jpg,"পুত্র সন্তান যদি এক বংশের প্রদীপ হয়,
তাহলে কন্যা সন্তান দুই বংশের প্রদীপ।",Non Hate,,
meme_1061.jpg,"মিস করতাম বলে Miss call দিতাম,
আর তুমি ভাবছো আমি ফকির।",Non Hate,,
meme_1062.jpg,"She with মায়ের শাড়ি,
Me With বাপের লুঙ্গি।",Non Hate,,
meme_1063.jpg,"আমি নারী আমি সব পারিনা!
আমার ঠেকাও পরে নাই সব পারার!",Non Hate,,
meme_1064.jpg,"সিটি গোল্ডের গহনা তাও আবার ব্যাংকের লকারে
তার মানে, ফেক আই-ডি তার উপর আবার প্রোফাইল লক,",Non Hate,,
meme_1065.jpg,"মা বাবা বাড়িতে নেই..
ঠিক আছে, আমি আসছি...
আরে ২ দিন ধরে বাড়ি আসেনি পুলিশ স্টেশনে কমপ্লেইন করতে যেতে হবে...",Non Hate,,
meme_1066.jpg,"প্রেমে পড়া বারণ,
মা জানলে জুতা দিয়ে মার'বে এটা তাঁর কারণ।",Non Hate,,
meme_1067.jpg,"মেয়েরা বিয়ে বাড়িতে গেলে কোনোকিছু নিয়ে না ফিরলেও..
একটা বিয়ের প্রপোজাল নিয়ে ঠিকি ফিরে!",Non Hate,,
meme_1068.jpg,"যারা আমার পোস্টে নিয়মিত রিয়েক্ট দেয়,
দোয়া করি তোমরা যেন রাস্তায় টা'কা খুঁজে পাও!!",Non Hate,,
meme_1069.jpg,"জান তোমাকে স্বপ্নে দেখলাম..
বিশ্বাস করি না! স্ক্রিনশট দাও!!",Non Hate,,
meme_1070.jpg,"মেয়েরা সবচেয়ে সিরিয়াস মুডে থাকে...
আইলাইনার দেওয়ার সময়",Non Hate,,
meme_1071.jpg,"জামাইবাবু:
আমি মূর্খ ছিলাম তাই তোমার দিদিকে বিয়ে করেছি!
শালী:
আর অন্ধ ও ছিলে, তা না হলে আমি ও তো পাশে দাঁড়িয়ে ছিলাম!",Non Hate,,
meme_1072.jpg,"চোখে ইদানিং ঝাপসা দেখি,
বাসায় বলার সা'হস পাচ্ছি না কারণ উত্তরটা আমি জানি!",Non Hate,,
meme_1073.jpg,"বিয়ের রাতে, স্বামী-স্ত্রী


বিয়ে খেতে আসা আত্মীয় স্বজনরা!",Non Hate,,
meme_1074.jpg,"এই মেরেচে! সাপ উঠেছে!
কামড়া কামড়া, ভালো করে কামড়া
হারামখোর আমি গুরুমা কে প্রনাম করতে এসেছি",Non Hate,,
meme_1075.jpg,"পরীক্ষায় ফেল করার পর*
যেভাবে ইউরোপ-আমেরিকার পিতামাতারা তাদের সন্তানদের স্বাগত জানায়:
চিন্তা করো না, তুমি আবার ভালো করে ট্রাই করো  যেভাবে আমাদের দেশে পিতামাতারা তাদের সন্তানদের স্বাগত জানায়:
",Non Hate,,
meme_1076.jpg,"চোখ বন্ধ করলে নাকি প্রিয় মানুষের মুখ ভেসে উঠে,
আমি Try করতে গেছিলাম ঘুমিয়ে গেছি।",Non Hate,,
meme_1077.jpg,স্বামী একমাএ মানুষ যার সাথে গল্প করতে করতে ঝগড়া হয়ে যায়..,Non Hate,,
meme_1078.jpg,"চাইলে আমিও i phone কিনতে পারি কিন্তু কিনি না কেন জানেন
কারন আমার টাকা নাই",Non Hate,,
meme_1079.jpg,"নীচের ফ্লোরের মহিলার সঙ্গে তোমার কী চক্কর চলছে?
কেন? আমি তো চিনিই না!
তবে সে বলছে কেন.. ওপরওয়ালা তার সঙ্গে আছে?",Non Hate,,
meme_1080.jpg,"দোকানে যত পচা আম আছে সব প্যাক করুন
আপনি সব পচা আম প্যাক করুন না তাড়াতাড়ি
এবার পচা আম গুলি সাইডে রেখে ভালো আম গুলো থেকে আমার জন্য এক কেজি প্যাক করুন
সব পচা আম নেবেন !! কি করবেন?
সব পচা আম মিলিয়ে দুই কেজি হয়েছে দিদি
আপনার চরন দুটি কোথায় একটু প্রনাম করবো",Non Hate,,
meme_1081.jpg,"বোকা মানুষ সবসময় 'না' বলে
এখন বলো, তুমি কি বোকা?",Non Hate,,
meme_1082.jpg,"এটা কি পরছো! তোমাকে প্রতি রাতে কটন পরে ঘুমাইতে হবে!
এটা পরে আরাম আছে..
চুপ! আমি যা বলবো তাই! দাঁড়াও আমি নিয়ে আসতেছি!
লে মন:
এ কেমন জ্বালায় পড়লাম!",Non Hate,,
meme_1083.jpg,"আমি স্বপ্নে দেখছি তুমি অন্য মেয়েকে বিয়ে করছ
SORRY জান
আর কোনোদিন করব না",Non Hate,,
meme_1084.jpg,"দুলাভাই এর জুতা চুরি করেছি:-
ভাবীর গহনা চুরি করেছি:-",Non Hate,,
meme_1085.jpg,"আপনার যে অসুখ হয়েছে, সেটার নমিটা বলা যাচ্ছে না
কেন ডাক্তারবাবু? এটা কি কোনো নতুন রোগ?
ইয়ে, মানে, যেদিন এই চাপ্টারটা পড়িয়াছিল সেদিন আমি কলেজ যাই নি, বান্ধবীকে নিয়ে সিনেমা দেখতে গেছিলাম",Non Hate,,
meme_1086.jpg,"এই যে তুমি আমার রাগ, জেদ সহ্য করো.. বিয়ের পরেও সহ্য করবা?
প্রশ্নই আসে না!",Non Hate,,
meme_1087.jpg,"দোস্ত রেজাল্ট দিছে, চল দেখতে যাই
আমি এখন বাবার সাথে আছি, তুই আমারে দেখে জানা
একটা বিষয়ে ফেল করলে বলবি Good morning to you এবং দুইটা বিষয়ে ফেল করলে বলবি
Good morning to you and your father
Good morning to you and your চৌদ্দ গুষ্টি",Non Hate,,
meme_1088.jpg,"আমার সেই সব টিচারদের খুব ভাল্লাগে
যারা পড়ানো বন্ধ করে তাদের জীবন কাহিনী শুনাই!",Non Hate,,
meme_1089.jpg,"অপেক্ষার ফল মিষ্টি হয়
তাই বলে তুই ক'র'লা পাকার অপেক্ষা করবি.!",Non Hate,,
meme_1090.jpg,"শাখা, পলা, সিঁদুর পরা নিয়ে কারুর দাম্পত্য বিচার করতে যাবেন না, আমি একমাথা সিঁদুর পরে অনেক আদর্শ স্ত্রীকে
পরকীয়া করতে দেখেছি।",Hate,Religious,Community
meme_1091.jpg,"লজ্জা কাকে বলে জানেন,,?
আয়নার সামনে রংঠং করতে গিয়ে কারো কাছে ধরা পড়া.!",Non Hate,,
meme_1092.jpg,"""ক"" কে কেন্দ্র করে কত কীর্তি!",Non Hate,,
meme_1093.jpg,"এই পৃথিবী শুধু তোমার আর আমার
হ, আমরা ভাড়া থাকি",Non Hate,,
meme_1094.jpg,"পড়ালেখা করলেও বাসন মাজতে হবে..!!
পড়ালেখা না করলেও বাসন মাজতে হবে, পার্থক্য শুধু ""ছাই আর ডিমবার""",Non Hate,,
meme_1095.jpg,স্ত্রী হিসেবে... এটা তো অবশ্যই আমি,Non Hate,,
meme_1096.jpg,"যাকে ভালোবাসেন তাকে মাঝে মাঝে দেরি করে রিপ্লাই দিয়েন,
যদি সে লু'চির মতো ফু'লে না যায়, তাহলে ভাববেন সে অন্য কোথাও লুচি ভা""জছে।
",Non Hate,,
meme_1097.jpg,"বলো কিভাবে বোঝাই ভালোবাসি??
আজ রাত্রের রান্নাটা তুমি করে দিও বুঝে যাবো।",Non Hate,,
meme_1098.jpg,"সান্ডা স্যার, facebook এ ভাইরাল হয়ে এখন আপনার অনুভূতি কেমন?
ভালোই, এখন একটা পেইজ তৈরী করে ডলার কামাবো",Non Hate,,
meme_1099.jpg,"বইয়ে যেভাবে লেখা থাকে..
গাইডে যেভাবে লেখা থাকে..
পরীক্ষার খাতায় আমি যেভাবে লেখি..",Non Hate,,
meme_1100.jpg,"বান্ধবীর বিয়ের দিন*
আমি:
হায় রে ছেলেটার কপাল পুড়লো!",Non Hate,,
meme_1101.jpg,"তুই তোর বয়ফ্রেন্ড কে কিভাবে এত খুশি রাখিস?
এইভাবে....
আর এইভাবে....",Non Hate,,
meme_1102.jpg,"আমাদের বাসায় চলে আই
কি খাওয়াবি
কি খাবি বল
সিঙ্গারা
ধুর শালা, আমি ভাবলাম অন্য কিছু খাবি আসার সময় কিনে নিয়ে চলে আসিস",Non Hate,,
meme_1103.jpg,"ভাইয়ের অস্ত্র
বোনের অস্ত্র
মায়ের অস্ত্র
বাবার অস্ত্র
গার্লফ্রেন্ডের অস্ত্র",Non Hate,,
meme_1104.jpg,"প্রাচীনকালের মানুষ বেশি দিন বাঁচতো,
কারণ তখন পড়াশোনার চাপ ছিল না!",Non Hate,,
meme_1105.jpg,"- ভাই চলনা মু'ভি দেখতে যাই.!
- না রে ডাক্তা'রের কাছে যাব.!
- ডাক্তার কে কল করে বল তুই অ-সু-স্থ আজ যাইতে পারবি না.!",Non Hate,,
meme_1106.jpg,"ওগো! কাল রাতে কেমন মজা এসেছিল?
সত্যি! দারুন মজা এসেছিল
বউ:
আমি জানতাম মজা আসবে, আমার রেকর্ড আছে আজ পর্যন্ত কেউ কমপ্লেন করেনি",Non Hate,,
meme_1107.jpg,"তোমাকে না বলেছিলাম একটা জিনিস আনতে? এনেছো?
হ্যাঁ এনেছি তা বেবি....",Non Hate,,
meme_1108.jpg,"কি হয়েছে?
বুক ব্যাথা করছে
ডাক্তার দেখাও
দেখিয়েছি",Non Hate,,
meme_1109.jpg,"আমি হেরে গেছি এই
মেয়ে পটানোর যোদ্ধে।
",Non Hate,,
meme_1110.jpg,"পুরুষ কখনো কাঁদে না,
মন শক্ত করে অন্য নারীকে মেসেজ দেয়!",Non Hate,,
meme_1111.jpg,"সাপ খুঁজে বের করুন!
পাই না, চেষ্টা চলছে, পেয়েছি!",Non Hate,,
meme_1112.jpg,"কালো মানুষের গরম একটু কমই লাগে,
কারণ আমাদের রুপের আগু'ন নাই।",Hate,Personal Offence,Community
meme_1113.jpg,"ছেলেরা নিজের প্রেমিকা বাদে,
সব মেয়েদের দুঃখ বোঝে।",Non Hate,,
meme_1114.jpg,"দুধ দিয়ে কাল সাপ পুষে ছিলাম!
সাপ কখনো ঋণ রাখে না"" দুধ যেমন খেয়েছি, কলা ও তেমন দিয়েছি!",Non Hate,,
meme_1115.jpg,"রংধনুতেও এত রং দেখি নাই,
যতো রং দুনিয়ার মানুষের মধ্যে আছে।
তুমি.?",Non Hate,,
meme_1116.jpg,"ভালো হতে,
টাকা লাগে না বউ লাগে বউ।",Non Hate,,
meme_1117.jpg,"বিড়ালের যখন খিদে পায়
আস্ত মোরগ গিলে খায়..",Non Hate,,
meme_1118.jpg,"না ছিলো রোজার ঈদে ব্যাক্তিগত চাঁদ,
না আছে কো'র'বা'নি ঈদে ব্যক্তিগত গ'রু...!",Hate,Religious,Community
meme_1119.jpg,"তোকে যখনই। জিজ্ঞেস করি তখনই বলিস তোর বয়ফ্রেন্ড নেই
তাহলে ঐগুলো এত বড় হচ্ছে কি করে?",Non Hate,,
meme_1120.jpg,"মিম পারে ডিম হয়ে যায় আন্ডা সৌদি আরবের সান্ডা
সান্ডা+আন্ডা = একটু মাঠা দিয়ে করে দেন ঠান্ডা",Non Hate,,
meme_1121.jpg,"আমি গরীব হইতে পারি, কিন্তু আমার বিড়াল
মাছ-মাংস ছাড়া কিছু খায় না!",Non Hate,,
meme_1122.jpg,"ভালোও লাগে না খারাপও লাগে না
কেমন যে লাগে নিজেও জানি না",Non Hate,,
meme_1123.jpg,"রাতে তো চিল্লাও কেন তোমার জন্য আমরা কেউ ঘুমাতে পারি না
হ্যাঁ হ্যাঁ, আমার সুখ কারোর সহ্য হয় না...",Non Hate,,
meme_1124.jpg,"বৌদি দিনের বেলায়...
ওগো, কিগো
বৌদি রাতের বেলায়...
বাবাগো....",Non Hate,,
meme_1125.jpg,"আজকে ইচ্ছে করছে না, খুব ঘুম পাচ্ছে
তুমি ঘুমিয়ে পড়ো শুধু তোমার টাকে জাগিয়ে রাখো তাহলেই হবে",Non Hate,,
meme_1126.jpg,"বৌমা রোজ রোজ ৮ টাই ওঠা চলবে না
আপনার ছেলেকে বলবেন রাতে তাড়াতাড়ি ছেড়ে দিতো",Non Hate,,
meme_1127.jpg,"কিছু ভন্ড পাবলিকের ভাব দেখে মনে হয়,
ভাজা fish টা
উল্টাই eating করতে পারেনা",Non Hate,,
meme_1128.jpg,জীবনে যাই করো কখনো বাবাকে কাঁদতে দিও না!,Non Hate,,
meme_1129.jpg,"জীবন আমারে নিয়া ছয় নয় করতাছে
কিন্তু আমার ভ্যাটকানি থামেনা..",Non Hate,,
meme_1130.jpg,"পড়াশোনা আর প্রেম দেখতেই ভাল্লাগে,
করতে গেলেই ঝামেলা..!",Non Hate,,
meme_1131.jpg,"কাক কালো বলে নাম কাউয়া
যদি সাদা হতো তাইলে কি নাম হতো??",Non Hate,,
meme_1132.jpg,"আরেকবার খেলা হয়ে যাক....
আর হবে না.... পেট্রোল শেষ",Non Hate,,
meme_1133.jpg,"তুমি কি জানো?
কি?
গাড়ি যতই সুন্দর এবং চকচকে হোক না কেন সাইলেন্সার সব সময় কালোই হয়..",Non Hate,,
meme_1134.jpg,"কাল কলেজ আসিস, পরীক্ষা আছে।
কোন সাবজেক্ট?
সেটা প্রশ্ন দিলেই বলতে পারবো!",Non Hate,,
meme_1135.jpg,"আমি অনেক হট
বয়স কত তোমার?
১৩ বছর
জ্বর আসছে মনে হয়।",Non Hate,,
meme_1136.jpg,"এতো গরম পড়েছে.. একটা A.C কিনতে পারো না!
তোমার গরম লাগছে বলবে তো ...এসো গরম কমিয়ে দিচ্ছি..
এভাবে গরম কমে না,... বেড়ে যায়..।।",Non Hate,,
meme_1137.jpg,"সময় থাকতে জমিতে ফসল ফলিয়ে নিও
কেনো?
না হলে অন্য কেউ জমিতে বীজ ফেলে চলে যাবে..",Non Hate,,
meme_1138.jpg,"বলেছিলো ব্ল্যাক লাভার...
কিন্তু ওইটা চায় গোলাপী",Non Hate,,
meme_1139.jpg,"আজকে তোমায় স্বপ্নে দেখলাম!
বিশ্বাস করি না স্কিনশর্ট দেও",Non Hate,,
meme_1140.jpg,"চামড়ায় ভাঁজ পড়ে কিন্তু ভালোবাসায় নয়
ভালোবাসার মানুষের বয়স হয় কিন্তু ভালোবাসার নয়",Non Hate,,
meme_1141.jpg,"শুধু লাগিয়ে ছেড়ে দিলেই হবে?
সাথে যত্ন ও নিতে হবে, নাহলে গাছটা নষ্ট হয়ে যাবে!",Non Hate,,
meme_1142.jpg,"খাতা হে, সোতা হে, আর মোবাইল টিপতা হে
ওর ধীরে ধীরে my ভবিষ্যত অন্ধকারের দিকে জাতা হে..",Non Hate,,
meme_1143.jpg,"ইউরোপ প্রবাসী ছেলের সাথে প্রেম করলে
মায়ের পাশে সুয়েও থেকেও কথা বলা যায়",Non Hate,,
meme_1144.jpg,"আমার জীবনে সঠিক মানুষ এসে দেখবে,
ভুল মানুষের সাথে বিয়ে হয়ে গেছে।",Non Hate,,
meme_1145.jpg,"যদি বলি মেয়ে পটানোর কথা,
ওইটা একদম সহজ
শুধু আমি পারিনা।",Non Hate,,
meme_1146.jpg,"যখন ফোনের নেট প্যাক শেষ হয়ে যায়,
তখন Gallery ছবিগুলো দেখতে খুব মজা লাগে।",Non Hate,,
meme_1147.jpg,"অনলাইনে আসার কারণ একটাই
হঠাৎ যদি কেউ প্রেমের প্রস্তাব দেয়।",Non Hate,,
meme_1148.jpg,"নিজের ইচ্ছায় বিবাহ করলে ভালো হবে নাকি
ফ্যামিলির ইচ্ছাই ভালো হবে। মতামত দিন!
",Non Hate,,
meme_1149.jpg,"আমাকে বি'র'ক্ত করার কেউ নাই
তাই সবসময় আজাইরা পোস্ট দিয়ে আপনাদের'কে বি'র'ক্ত করি..!",Non Hate,,
meme_1150.jpg,"ডার্লিং তুমি কই তোমার
চিন্তায় ঘুম আস্তেছে না।
",Non Hate,,
meme_1151.jpg,"জীবনে ঘুমোই পূরণ হয় না,
স্বপন পূরণ তো বিলাসিতা মাত্র।",Non Hate,,
meme_1152.jpg,"বাবি খাইছো বলার মতো কেউ নাই,
তাই আমি রাতে অল্প ভাত খেয়ে শুয়ে পড়ি।",Non Hate,,
meme_1153.jpg,"আস্তা রাখেন প্রেম যেহেতু করছেন
মা'রাও আপনি খাবেন....",Non Hate,,
meme_1154.jpg,"যারে আমি বিয়া করতে চায়,
সে আমার বিয়া খেতে চায়।",Non Hate,,
meme_1155.jpg,"বিয়ের দিন বউ কান্না কা'টি করলে,
শালিকে নিয়ে চলে যাব।
",Non Hate,,
meme_1156.jpg,"রা'গ হলে রা'গ ভাঙানোর মানুষ নাই!
কিন্তু ঘুমালে ঘুম ভাঙানোর মানুষের অভাব নাই!",Non Hate,,
meme_1157.jpg,"মানুষ কেমনে জানি ছেড়া টাকা চালায়,
আমি চালাতে গেলে ধরা পরে যাই..
",Non Hate,,
meme_1158.jpg,বিয়ে মানে আজীবন সশ্রম কারাদণ্ড :,Non Hate,,
meme_1159.jpg,"বিশ্বাস তো সেদিনই উঠে গেছে
যেদিন বাজার থেকে গরম মশলা কিনে এনে দেখি পুরাই ঠান্ডা",Non Hate,,
meme_1160.jpg,"বাথরুমে গাজর কেনো পরে আছে?
তুমি যে শ্যাম্পু ফেলে আসো, আমি তখন কিছু বলি?",Non Hate,,
meme_1161.jpg,"সময় থাকতে খেয়ে নিও প্রিয়
কখন ব্রেকআপ হয়ে যায় কে জানে..",Non Hate,,
meme_1162.jpg,"শূন্য বিছানার চেয়ে
'দুষ্টু বউ' অনেক ভালো",Non Hate,,
meme_1163.jpg,"সৌদি আরব যাওয়া লাগবেই তোমার?
এখন আমার ইমু ইন্সটল করতে হবে..!",Non Hate,,
meme_1164.jpg,"কি পরিমান আনরোমান্টিক হইলে
মানুষ নিজের gf কে"" Hi "" লিখে ম্যাসেজ দেয়..!",Non Hate,,
meme_1165.jpg,"বৌদি, আমি ভালো ছেলে হতে চাই..
দুধ না খেলে হবেনা ভালো ছেলে..
তাহলে দাও...",Non Hate,,
meme_1166.jpg,"কত পাওয়ারের চশমা কিনলে
মনের মানুষের দেখা পাবো..?",Non Hate,,
meme_1167.jpg,"মন ভাঙবা মাফ করে দেবো!
কিন্তু নতুন জুতার উপর পা রাখবা না",Non Hate,,
meme_1168.jpg,"আমি বিয়ে করবো শো অফ করতে
সংসার তো সবাই-ই করে।",Non Hate,,
meme_1169.jpg,"নিজের খাইয়া আরেক জনরে
কৈফিয়ত দেওয়ার মতো ঝামেলা নাই জীবনে।",Non Hate,,
meme_1170.jpg,"দুই দিনের দুনিয়ায় অহংকা'র
কইরেন না, ম্যাসেজ দেন কথা বলি!",Non Hate,,
meme_1171.jpg,"হাসির কথা বলতে গিয়ে
হাসতে হাসতে কথাটাই বলতে না পারা আমি
",Non Hate,,
meme_1172.jpg,"আমি কালো না,
আমার চেহারা ব্রাইটনেস কম!",Non Hate,,
meme_1173.jpg,"মন খারাপ করে বসে থেকে কোনো লাভ নাই,
তাই আমি মন খারাপ করে শুয়ে থাকি!",Non Hate,,
meme_1174.jpg,"চল না রিলেশনে যাই, তুমি.?
কথা দিচ্ছি সন্ধার আগেই ফিরে আসবো।",Non Hate,,
meme_1175.jpg,"দুঃখের উপর ট্যাক্স লাগিয়ে দাও
এতো দুঃখ আমার দরকার নেই..",Non Hate,,
meme_1176.jpg,"জীবনের মায়া ত্যাগ করে,
হঠাৎ একদিন আমি বিয়ে করে ফেলবো!",Non Hate,,
meme_1177.jpg,"পৃথিবীর সবচেয়ে বড় শক্তি হলো ধৈর্য
আর সবচেয়ে বড় হাতিয়ার হলো সময়!",Non Hate,,
meme_1178.jpg,"তোমাকে ভালো লাগে মানেই যে
তুমি সুন্দর সেরকম না, হয়তো আমার চয়েস খারাপ!",Non Hate,,
meme_1179.jpg,"তোমার জন্য দুধ এনেছি,
কোথায়, দেখছি না তো
এই নাও...",Non Hate,,
meme_1180.jpg,"সপ্নের মাঝখানে ঘুম ভেঙে গেলে
আবার ঘুমিয়ে সেই সপ্নটার 2nd part দেখার চেষ্টা করতে থাকা আমি।",Non Hate,,
meme_1181.jpg,"চ্যাট না করে অনলাইনে ঘুরে বেড়ানোর মতো
বেকার ব্যাক্তি বোধহয় একমাত্র আমি!",Non Hate,,
meme_1182.jpg,"প্রেম করা এতো সহজ না রে ভাই,
রোমান্টিক কথা বলতে বলতে হঠাৎ ঝগড়া লেগে যায়!",Non Hate,,
meme_1183.jpg,"অনলাইনে ও ভাল্লাগে না
অফলাইনে ও ভাল্লাগে না,
এখন আমার কোন লাইনে যাওয়া উচিত।",Non Hate,,
meme_1184.jpg,"ঘুমের প্রেমে পড়েছি,
এখন টেনশনে আছি ফ্যামেলি কি মেনে নেবে।
তুমি.?",Non Hate,,
meme_1185.jpg,"আমি তো বেকার বিয়ের পর খাবে কি?
তোমার মাথা খাব",Non Hate,,
meme_1186.jpg,"আমি স্বপ্নে দেখছি তুমি অন্য মেয়েকে বিয়ে করছ
SORRY জান আর কোনোদিন করব না",Non Hate,,
meme_1187.jpg,"জান, কি হইছে
কিছুনা, জানি না, বলবো না!",Non Hate,,
meme_1188.jpg,"আমার মাথাটা একটু টিপে দিবা? খুব ব্যথা করছে..!!
আচ্ছা আমি যখন ছিলাম না তখন কে মাথা টিপে দিত?
তুমিং যখন ছিলে না, তখন আমার মাথা ব্যথাও ছিল না..!!",Non Hate,,
meme_1189.jpg,"boyfriend এর পিক Story তে দিয়া গান লাগাইছে,
বাবা তুমি আমার যতো খুশির কারণ!",Non Hate,,
meme_1190.jpg,দুই টুকরো গোস্ত খাওয়ার জন্য মানুষ বিয়ের জন্য চাপ দেয়!,Non Hate,,
meme_1191.jpg,"আগে মেয়েরা ভয় পাইতো ""স্বামী"" কেমন হতো,
আর এখন ছেলেরা ভয় পায় ""বউ"" কেমন হবে!",Non Hate,,
meme_1192.jpg,"মানুষ প্রয়োজন মেটাতে যতটা প্রশংসা করে
প্রয়োজন শেষ হলে তার থেকেও বেশি বদনাম করে!",Non Hate,,
meme_1193.jpg,"হঠাৎ করে শুনবেন আমি আর নেই
বিয়ে হয়ে গেছে",Non Hate,,
meme_1194.jpg,"আয় আয় চাঁদ মামা....
২০ মিনিট পর
টিপ দিয়ে আহহহহ",Non Hate,,
meme_1195.jpg,"তোমাকে আমার পরিবার মানবে না!
তাহলে প্রেম করলি কেন?",Non Hate,,
meme_1196.jpg,"যারে পচ্ছন্দ করি তারে পটাতে পারিনা
আমারে যে পচ্ছন্দ করে সেও আমারে পটাতে পারে না",Non Hate,,
meme_1197.jpg,"আগে অপেক্ষার ফল মিষ্টি হতো
আর এখন অপেক্ষা করলে ফল অন্য কেউ খেয়ে ফেলে!",Non Hate,,
meme_1198.jpg,"ডাক্তারবাবু, আমার স্বামী বাইরে আছেন। ভেতরে ডেকে নিন না.
তার কোনো প্রয়োজন নেই ম্যাম, আপনি আমার কাছে একদম SAFE। নিশ্চিন্তে থাকুন
না ডাক্তার বাবু, সেটা নয়। আসলে আপনার নার্স টা বাইরে একা আছে তো, তাই বলছিলাম....",Non Hate,,
meme_1199.jpg,"আজকে আমাদের প্রথম রাত.. নিজের সম্বন্ধে কিছু বল..
আমি এমনিতে খুব ভালো শুধু ছোটবেলায় খুব সাইকেল চালাতাম",Non Hate,,
meme_1200.jpg,"শুধু মেয়েদেরকেই কেন জোর করে বিয়ে দিয়ে দেয়া হয়
আমরা ছেলেরা কি মানুষ না!",Non Hate,,
meme_1201.jpg,"সিনেমাতে নায়ক নাইকা বিয়ে করলেই সিনেমা শেষ
আর বাস্তবে বিয়ের পরই সিনেমা শুরু হয়।",Non Hate,,
meme_1202.jpg,"মেয়েরা বলে সব ছেলে বাজে
তাহলে মেয়েরা কার জন্য সাজে।",Non Hate,,
meme_1203.jpg,"বাঙ্গালী কখন পরীক্ষা নিয়ে টেনশন করে না
টেনশন করে পাশে কে বসবে তা নিয়ে।",Non Hate,,
meme_1204.jpg,"তুমি কি সিঙ্গেল?
হ্যা! কিন্তু তোমার জেনে লাভ নাই, তোমার জন্য না!!",Non Hate,,
meme_1205.jpg,"আচ্ছা বাবা আমার ভুল হয়েছে মানলাম..
মেসি ক্রিকেট খেলে.!",Non Hate,,
meme_1206.jpg,"দেখতে সুন্দর হইলে প্রতিদিন ২টা ছবি আপলোড দিতাম
আর ছুটির দিন উপলক্ষে ৫টা",Non Hate,,
meme_1207.jpg,"বলতো পৃথিবীর সবচেয়ে ছোট পাখি কোনটা?
তোমার টা",Non Hate,,
meme_1208.jpg,"এই যে তুমি আমার রাগ, জেদ সহ্য করো.. বিয়ের পরেও সহ্য করবা?
প্রশ্নই আসে না!",Non Hate,,
meme_1209.jpg,"আস্তে আস্তে জীবন থেক সব হারিয়ে যাচ্ছে
আজকেও ৫ টাকা হারিয়েছে",Non Hate,,
meme_1210.jpg,"দুই বছরে যেটা পড়োনি, রিকশার মধ্যেও সেটা পড়া হবে না।
তাই প্রকৃতি উপভোগ করতে করতে যাও!",Non Hate,,
meme_1211.jpg,"Ex কে ভুলার জন্য Next এর কাছে গিয়ে বাঁশ খেয়ে
২ জনকেই ভুলতে না পারা আমি...",Non Hate,,
meme_1212.jpg,"শুইয়া থাকতে থাকতে
তোশক দুই ইঞ্চি ডাইবা গেছে",Non Hate,,
meme_1213.jpg,"বিয়ের পর হানিমুনে কোথায় যাবে বলো?
যেখানেই নিয়ে যাও না কেন.... দেখাবে তো শুধু সিলিং ফ্যানওই..!!",Non Hate,,
meme_1214.jpg,"আমি তোমার জন্য সবকিছু করতে পারি।
নিজের টা মুখে নিয়ে দেখাও...",Non Hate,,
meme_1215.jpg,"সবার বিয়ের ফুল ফুটে গেছে আমার টা,
মনে হয় কলি অবস্থায় ছাগলে খেয়ে ফেলছে।",Non Hate,,
meme_1216.jpg,"ছেলের বয়স ২১/২২ হলেই তাকে একটা ২৬/২৭ বছর বয়সী
চাকরিজীবী মেয়ের হাতে তুলে দেওয়া উচিত",Non Hate,,
meme_1217.jpg,"আসেন দেখা করি চা খাই
প্রেম হইলে হবে নাহলে নাই",Non Hate,,
meme_1218.jpg,গাইবান্ধা,Non Hate,,
meme_1219.jpg,"আজকে আমি তোমার কোনো বারণ শুনবো না
আমি আগেই কাওকে বারণ করিনি...আর আপনি তো আমার নিজের স্বামী..",Non Hate,,
meme_1220.jpg,"বৌদি, আমার বানর এ চুল উঠা শুরু হয়ে গেছে
আরে পাগলি, তোমার তো শুধু চুল উঠা চালু হয়েছে
আমার বানর তো কলা খাওয়াও শুরু করে দিয়েছে।।",Non Hate,,
meme_1221.jpg,"আগে মানুষ ঘুমালে শরীরটা রেস্ট পেতো
এখন মানুষ ঘুমালে মোবাইলটা রেস্ট পায়।",Non Hate,,
meme_1222.jpg,"একজন নারীর প্রিয় কাজ হচ্ছে তার
শখের ব্যাডার মাথা খাওয়া",Non Hate,,
meme_1223.jpg,"আজ কালকের ভালোবাসা মানেই
পুকুর কে করবে খাল আর তিলকে করবে তাল",Non Hate,,
meme_1224.jpg,"আগে ছিল এক রাজার ১২ রানী!
যুগ পাল্টাইছে এখন এক রানীর ১২ রাজা!",Hate,Gender,Community
meme_1225.jpg,"এই গরমে লুঙ্গি পরে ঘুমানো সহজ,
কিন্তু সকালে উঠে খুঁজে পাওয়া কঠিন!",Non Hate,,
meme_1226.jpg,"একা
রিলেশন
বিবাহিত",Non Hate,,
meme_1227.jpg,"শুনলাম পরীক্ষার হলের সামনে নাকি
গার্ডিয়ানের চেয়ে তাদের বয়ফ্রেন্ডের সংখ্যা বেশি ছিল।",Non Hate,,
meme_1228.jpg,"গুরুত্বপূর্ণ কথার সময় আমার হাসি আসে!
মানুষ ভাবে আমি মিথ্যে কথা বলছি!",Non Hate,,
meme_1229.jpg,"জানো, আমি তোমাকে খুব ভালোবাসি
কিন্তু আমি তোমার থেকে ২ বছরের বড়
কিছু হবেনা, লাইট অফ করলে সব সমান",Non Hate,,
meme_1230.jpg,"আপনি কি জানেন কেন আপনি অবিবাহিত
কারণ আপনি বিয়ে করেন নি তাই
এরকম অজানা তথ্য পেতে আমার সাথেই থাকুন",Non Hate,,
meme_1231.jpg,"সব মেয়েরা ভালোবাসা চায় না
কিছু কিছু মেয়ে ওইটাও চায়..",Non Hate,,
meme_1232.jpg,"কি সমস্যা আপনার সেটা বলুন...
ঘুমোলে কিছু দেখি না বাবা... আর খেলে..আর খিদে লাগে না...",Non Hate,,
meme_1233.jpg,"রাত 12 টা বাজলে ঘড়ির একটা কাটা আরেকটার উপর উঠে যায়..
আর আমরা তো মানুষ...",Non Hate,,
meme_1234.jpg,"রাতে মনে হয় বিয়ে করি
দিনে মনে হয় ক্যারিয়ার গড়ি!",Non Hate,,
meme_1235.jpg,"তোকে ভালোবাসতে লাগছে ১ সেকেন্ড, তোকে ছাড়তে লাগবে ন্যানো সেকেন্ড!",Non Hate,,
meme_1236.jpg,"ছাপরি চেনার ৬৯ তম উপায় হলো,
এরা রাতে ব্যাটমিনটন খেলার সময় সাউন্ডবক্স বাজায় *
",Non Hate,,
meme_1237.jpg,"এক মাস প্রেম টিকে না
আবার একসাথে বৃদ্ধ হতে চায়, তামাশা!",Non Hate,,
meme_1238.jpg,"হাজার পড়া বাকি জানা সত্ত্বেও,,
সারাদিন অনলাইনে গল্প পড়তে থাকা নির্লজ্জ আমি।
",Non Hate,,
meme_1239.jpg,"যার কাছে যত memes আছে
সবগুলা আমারে দে",Non Hate,,
meme_1240.jpg,"কি নাই আমার?
টাকা-পয়সা, গাড়ি-বাড়ি, Smart Look, Talent এগুলা বাদে সবই তহ আছে!
",Non Hate,,
meme_1241.jpg,"বইয়ের দিকে তাকিয়ে কথা বল
তাহলে স্যার বুঝতে পারবে না!
",Non Hate,,
meme_1242.jpg,"প্রেম করি না' কারণ,
ঘুমাতে গেলে'ও পারমিশন লাগে",Non Hate,,
meme_1243.jpg,চাচা আপনে.?,Non Hate,,
meme_1244.jpg,আল্লাহ যারেই এক্সপোজ করুক আমার আব্বারে যাতে না করে,Hate,Religious,Community
meme_1245.jpg,"দেশের জন্য এক হওয়া
নাটক চোইতে এক হওয়া",Hate,Abusive,Community
meme_1246.jpg,"দুইটা ছাগল কি সুন্দর একে অপরের দিকে তাকিয়ে আছে
",Non Hate,,
meme_1247.jpg,"""Dinner"" করছো বলার কেউ নাই
এজন্য রাতে Dinner"" করি না হালকা করে ভাত খেয়ে শুয়ে পড়ি",Non Hate,,
meme_1248.jpg,"লোকটা শাটারের তালা খুলতে পারছিলো না, আমি হেল্প করলাম
দুপুরের নিউজে দেখি স্বর্ণের দোকানে চুরি। সিসিটিভি ফুটেজে আমি তালা খুলতেছি",Non Hate,,
meme_1249.jpg,"মিথ্যা কথা শুনতে মজাই লাগে,
যদি সত্যিটা আগে জানা থাকে!",Non Hate,,
meme_1250.jpg,"হাসপাতালে আছি, একটু busy আছি, পরে কথা বলবো।
হাসপাতালে কেনো?  কি হয়েছে তোমার?
কাজিন কথা বলতে পারছে না, হাঁটা চলাও করতে পারছে না।
কি হয়েছে তোমার কাজিনের?
কিছুক্ষণ আগে জন্ম নিছে তাই
শালা.... পাগল",Hate,Abusive,Individual
meme_1251.jpg,"পুরুষ মানুষ যত বেশি যত্নবান নারী ততো বেশি
-সৌভাগ্যবতী",Non Hate,,
meme_1252.jpg,"দোষ করে ব্যাটারি আর মার খায় রিমোট
মানবতা আজ কোথায়",Non Hate,,
meme_1253.jpg,আম্মু থ্রেড দিছে। লেখাপড়া না করলে ছোটবেলার ন্যাংটা পিকগুলো আপলোড দিয়া দিবে নেটে।,Hate,Abusive,Individual
meme_1254.jpg,"তুমি আমাকে বিয়ের পরও ভালোবাসবা
আমি বিয়ের পরও তোমাকে এভাবে ভালোবেসে যাবো জান
২০ তারিখে আমার বিয়ে, তোমার দাওয়াত",Non Hate,,
meme_1255.jpg,"সে আমারে গুড নাইট বলার পর
যারে হাই দিতো সেটাও আমি ছিলাম",Non Hate,,
meme_1256.jpg,আমার এমন একটা টুপি লাগবে,Non Hate,,
meme_1257.jpg,"শুধু মেয়েদেরকে'ই কেন জোর করে বিয়ে দিয়ে দেওয়া হয়
আমরা ছেলেরা কি ""মানুষ"" না!",Non Hate,,
meme_1258.jpg,"আরবের মতো গরম তো দিচ্ছো মাবুদ
এবার শেখ দের মতো ৪টা বিবি ও দাও.!
",Hate,Religious,Community
meme_1259.jpg,"সপ্ন যাবে বাড়ি তোমার
ঢাকা খালি হবে আমার",Non Hate,,
meme_1260.jpg,"সেলুনে চুল কাটার পর
বাসায় এসে গোসল করার পর",Non Hate,,
meme_1261.jpg,"সবাই জিগায় শপিং করছি নাকি!?
Me:
আমারে যে খাইতে দেয় এই বেশি!",Non Hate,,
meme_1262.jpg,"রোজা রেখে বিকেলে ক্রিকেট খেলার সময়
কামডা কঠিন ... মাগার মজা ভি আছে।",Non Hate,,
meme_1263.jpg,"বাবু বেশি খারাপ লাগলে একটু পানি খেয়ে নাও, রোজা ভাঙ্গবেনা",Hate,Religious,Community
meme_1264.jpg,"আজকে আমরা বানাবো...
মুরগির দুধ দিয়ে নুডলসের
পাকোড়া",Non Hate,,
meme_1265.jpg,"হ্যা খালা আমরা উঠছি, আপনেরাও উঠেন।
",Non Hate,,
meme_1266.jpg,"বিশ্ববিদ্যালয়ে চান্স পাওয়ার আগে
বিশ্ববিদ্যালয়ে চান্স পাওয়ার পর",Non Hate,,
meme_1267.jpg,"নাম কি,,?
শরিফা,,!
তুমি কি আগে শরিফ ছিলে,,,?
না স্যার,,!",Hate,Gender,Individual
meme_1268.jpg,"প্রপোজ করতেছি
কারণ দুইজনেরই ফোনের চার্জ মিলে গেছে",Non Hate,,
meme_1269.jpg,"নয়া পাসপোর্ট বানাইয়াও রওনা দিলাইমু বিদেশ
এনআইডি কার্ডর
নামো সমস্যা",Non Hate,,
meme_1270.jpg,"ব্রাজিল যখন লাস্ট বিশ্বকাপ জেতে
তখন গরুর মাংসের কেজি ছিলো ১০০ টাকা",Non Hate,,
meme_1271.jpg,"সব বন্ধুই স্বার্থপর, একমাত্র বঙ্গবন্ধু ছাড়া",Hate,Political,Individual
meme_1272.jpg,"[প্রিয় অভিভাবকের সাথে]
[একটি পিকচার নিলাম]",Non Hate,,
meme_1273.jpg,"ঠকঠক শব্দ শুনে, ঘোড়া ভেবে সাইড দিলাম।
পিছনে ফিরে দেখি হাই হিল পড়া এক আপু!",Non Hate,,
meme_1274.jpg,"যতদিন পর্যন্ত একটা গার্লফ্রেন্ড না হচ্ছে,
ততদিন পর্যন্ত সবাইকে সমান ভাবে ভালোবাসবো!",Non Hate,,
meme_1275.jpg,"কেমন হতো যদি একটা বড়লোক বাবার মেয়ে আমার প্রেমে পড়তো
আর তার বাবা আমাকে ১ কোটিটাকা দিয়ে বলতো তার মেয়ের জীবন থেকে চলে যেতে",Non Hate,,
meme_1276.jpg,"অনলাইনে আছি মানেই 'চ্যাট করে উড়াইইইই ফেলতেসি'
ভাবার দরকার নাই! আমি হুদাই অনলাইনে থাকি",Non Hate,,
meme_1277.jpg,"হুমায়ূন আহমেদ স্যারের সকল বই পড়ে ফেলা আমি
স্যারের দুটি বই পড়া আমার বন্ধুঃ শিরায় শিরায় রক্ত, আমি হুমায়ূন আহমেদ এর ভক্ত
",Non Hate,,
meme_1278.jpg,"গরিবের আবার প্রেম
ফেসবুকে মেয়েরা এড আছে এটাই অনেক",Non Hate,,
meme_1279.jpg,"মা কে বন্ধু ভেবে সব কথা বলার সময়!
ভুলে যাই যে বাবা-মার বেস্টফ্রেন্ড",Non Hate,,
meme_1280.jpg,সাকিবও তামিমের পাওনা টাকা দিয়ে দিলো তুই আমারটা দিবি কবে?,Non Hate,,
meme_1281.jpg,"Single Or Mingle
থোবড়া দেখে কী মনে হয়?",Non Hate,,
meme_1282.jpg,"মেয়েদের সাথে ফ্রি মিক্সিং কেমনে করব, আমার তো কোনো বন্ধুই নাই ভাই
",Non Hate,,
meme_1283.jpg,"এলাকার পোলারাই পাত্তা দেয় না
আবার কোরিয়ান খুঁজে
",Non Hate,,
meme_1284.jpg,"নাটকে অভিনয় করার কয়েকদিন পরই অভিনেত্রীদের অবস্থা
ওইদিকে অভিনেতাদের অবস্থা!",Non Hate,,
meme_1285.jpg,"দোস্ত মধ্যবিত্ত কাকে বলে!
খাঁটের কথা চিন্তা করে
গতি কমিয়ে দেওয়ার নামই মধ্যবিত্ত",Non Hate,,
meme_1286.jpg,"ঝালমুড়ি
আইসক্রিম
",Non Hate,,
meme_1287.jpg,"আমি ফটোগ্রাফার
সাধারণত কি ধরনের ফটো তোলেন?
স্ক্রিনশট",Non Hate,,
meme_1288.jpg,"আধা লিটার পানি ১৫ টাকা।
১ পিস ডিম ১৫ টাকা।
সরকার
জনগন
দেখ না!! পানির দামে ডিম পাওয়া যাচ্ছে।",Non Hate,,
meme_1289.jpg,"তুমি নাকি গালি দাও! তোমার মুখ খারাপ?
সত্যি বলতেছি জান! আমি জীবনে কোনো সুদানির পোলারে গালি দেই নি।",Non Hate,Abusive,Individual
meme_1290.jpg,"Respect দিয়ে কথা বলবি আমি Diamond এর business করি
আসল Diamond নাকি নকল?
Free Fire এর Diamond
মার হ্লারে",Hate,Abusive,Individual
meme_1291.jpg,"ক্যাশআউট চার্জ
ব্যাচেলর",Non Hate,,
meme_1292.jpg,"তোরাই বল প্রথম ভালোবাসা কি ভোলা যায়?

আমরা জানিনা প্রথম ভালোবাসা ভোলা যায় নাকি চাঁদপুর যায়! আপনে সদরঘাটে যেয়ে জিজ্ঞেস করে দেখতে পারেন।",Non Hate,,
meme_1293.jpg,"বান্ধবির বিয়েতে বান্ধবির বর কে দেখার পর আমি:-
চাচা আপনে.?",Non Hate,,
meme_1294.jpg,"২০ বছর বয়সে এসে....
১২ বছরের মেয়েকে ভাবি ডাকতে হয়.",Non Hate,,
meme_1295.jpg,"আত্মীয় : ওমা.. কতো বড়ো হয়ে গেছিস! চেনাই যাচ্ছে না
আমি:
তাহলে চিনলেন কি করে?",Non Hate,,
meme_1296.jpg,"মহারানিকে বলে দিস যে,
উনি রাতে না আসলেও সমস্যা নাই, আমি বাকি ৬ রানীকে নিয়ে Chill করবো
",Non Hate,,
meme_1297.jpg,আমি হাসলে? আমিও  হাসবো আমি কাঁদলে? আমিও কাঁদবো আমি ব্রিজ থেকে লাফ দিলে ? তোমাকে খুব মিস করবো জান ,Non Hate,,
meme_1298.jpg,"এখন শুধু পেট ভরা বাকি।
শাকিবের সঙ্গে কাজ করে
প্রাণ ভরে গেছে: ইধিকা",Non Hate,,
meme_1299.jpg,"ব্রাজিল ২১ বছর আগে বিশ্বকাপ জিতছে
যা এই যুগে ৭ টা বিশ্বকাপের সমান!",Non Hate,,
meme_1300.jpg,"-বাবু কি করো?
শুয়ে আছি বললেই বলবে, আমি কি আসবো?
-বসে আছি বাবু।
-তাহলে শুয়ে পড়ো, আমি এক্ষুনি আসছি।",Non Hate,,
meme_1301.jpg,"সিনিয়র ভাই, ছেলে জুনিয়রের সামনে।
সিনিয়র ভাই, মেয়ে জুনিয়রের সামনে।",Non Hate,,
meme_1302.jpg,আমাদের ভাই আগেই এই লুক দিয়েছিলো,Non Hate,,
meme_1303.jpg,"উপবৃত্তি ফরমে বন্ধু'

বাসায় নিজের রুমে বন্ধু'",Non Hate,,
meme_1304.jpg,"আব্বা
কিহ!!
আমিও আব্বা ডাক শুনতে চাই!",Non Hate,,
meme_1305.jpg,"বন্ধুরা মিলে দাদার ৩ কোটি টাকার জমি দেখতে আসলাম
যা তিনি ৩০ বছর আগে ৩ হাজারে বেঁচে দিয়েছিলো
",Non Hate,,
meme_1306.jpg,"
তুমি কিসে পড়ো?
আমি ডিপ্রেশনে পড়ি,
ঝামেলায় পড়ি, মাঝেমধ্যে পিছলা খেয়েও পড়ি।",Non Hate,,
meme_1307.jpg,"এলাকায় নতুন কোনো লেডি দেখলে
আবিদুল ইসলাম
হুমায়ূন বক্কর
তারেক
রায়হান
জয়নুল
লে, আমার বন্ধুরা",Non Hate,,
meme_1308.jpg,"শেষ ইচ্ছে কী
এঞ্জেল সাদিয়াকে বলিস তাকে অনেক ভালবাসতা
ওইটা তো আমার ফেক আইডি
মাটি দে আমারে",Non Hate,,
meme_1309.jpg,আমার মোবাইল টা প্রেগনেন্ট সবাই দোয়া করবেন যেনো একটা আইফোন হয়,Non Hate,,
meme_1310.jpg,"তুমি আমাকে ছেড়ে কেন যাচ্ছ?
কারণ তুমি কুমিল্লা থাকার পরও আমাকে রসমালাই খাওয়াও নি",Non Hate,,
meme_1311.jpg,"Coca-cola 30 taka
কইসিলাম তোগো পানি খা। এটা খাইস না",Non Hate,,
meme_1312.jpg,"শরীর স্বাস্থ্য ঠিক রাখতে তোমার প্রতিদিন খেলাধুলা ও বেয়াম করা উচিত..
হুম.. খেলি তো! আমি প্রতিদিন ক্রিকেট - ফুটবল খেলি ও, তাই নাকি! তাহলে তো খুব ভালো.. তা কতক্ষন খেলো?
কেনো?
আপেল যতক্ষন মোবাইলে চার্জ থাকে...",Non Hate,,
meme_1313.jpg,"চশমা পড়ে পুরো এলাকা ভাব নিলাম !
বাসায় এসে দেখি প্যান্টের চেইন খোলা. ",Non Hate,,
meme_1314.jpg,"What's your super power?
I'm সহ-সভাপতি of ছাত্রলীগ!",Non Hate,,
meme_1315.jpg,"কি দেখো?
তোমার চোখ
চোখ তো উপরে
ওহ!... হ্যাঁ",Non Hate,,
meme_1316.jpg,"মনা কই যাস? দুধ খেয়ে যা
আরে আমি কুত্তার বাচ্চা!!",Non Hate,,
meme_1317.jpg,"বিদ্যুৎ বিল তো বাকী রাখিনি; তাহলে কয়লার বিল বাকি কেন?
",Non Hate,,
meme_1318.jpg,"ছেলে বিসিএস ক্যাডার, বিয়ে করবে তুমি ?
সখ কত..
ছেলে জঙ্গল এর ওপর নাম এডিট করতে পারে।
রাজি",Non Hate,,
meme_1319.jpg,"ঢাবিয়ান's outside Dhaka University Campus*
-কী খাবেন?
দশ টাকায় এক কাপ চা, একটি চপ, একটি সিঙাড়া ও একটি সমুচা
",Non Hate,,
meme_1320.jpg,"একি! তুমি স্কুলে বেড়াল নিয়ে এসেছো কেন?
আজ সকালে বাবা, মাকে বলছিলো বাবু স্কুলে যাবার পর আমি তোমার বেড়াল খাবো",Non Hate,,
meme_1321.jpg,"ভাই আপনিতো Black লাভার
তাহলে বিড়াল কেন গোলাপি চান...",Non Hate,,
meme_1322.jpg,"বান্ধবী তো অনেক আছে!
একটার সাথে পরিচয় করাইয়া দিলে কি হয়!",Non Hate,,
meme_1323.jpg,"Its ঢাকা শহর
বহিরাগতরা তাদের বাড়িতে যাওয়ার পর",Non Hate,,
meme_1324.jpg,"বেশি ছোটও কইরেন না আবার বেশি বড়ও রাইখেন না
| আর জীবনেও এই বাইন্সুদের সেলুনে আমুনা",Non Hate,,
meme_1325.jpg,"নেন ভাই পানি....
ফেইসবুকে পাঞ্জাবী আর সালামি ভিক্ষা করতে করতে ক্লান্ত হয়ে গেছেন",Non Hate,,
meme_1326.jpg,"বাবু, একটা কবিতা শুনবা?
বলো...
সৎ সঙ্গে স্বর্গবাস, অসৎসঙ্গে
স্ক্রিনশট ফাঁস",Non Hate,,
meme_1327.jpg,"সবাই তো ঈদো বাড়িত যাইবো, তুই কবে যাইতাসস?
আমি কি বাইরের নাকি আমার পুরা খান্দান ঢাকাইয়া",Non Hate,,
meme_1328.jpg,"মুড়ি মাখিয়েছিস ভালো কথা
এর মধ্যে জিলাপি কেন দিয়েছিস?",Non Hate,,
meme_1329.jpg,"দোয়া করতেছি,
যেন পরবর্তী রমজানে বউয়ের রান্নায় সেহেরী করতে পারি।",Non Hate,,
meme_1330.jpg,"প্রচীনকালে মানুষ কাঠাঁল গাছে যা দেখতো
বর্তমানে মানুষ কাঠাঁল গাছে যা দেখে",Non Hate,,
meme_1331.jpg,"রোজার মাসে শয়তান কারাগারে ঢোকার আগে, খাদ্য ব্যবসায়ীদের হাতে সমস্ত ক্ষমতা বুঝিয়ে দিয়ে যায়।",Non Hate,,
meme_1332.jpg,"তারপর জামাইকে কি বলে বুঝ দিলা?
বলছি ছোটবেলায় অনেক সাইকেল চালাইতাম।",Non Hate,,
meme_1333.jpg,"আমরা যেমন দেখি
বাসের হেলপার যেমন দেখে",Non Hate,,
meme_1334.jpg,"সৌদি আরবের চাঁদ দেখা কমিটিঃ
আমাদের রোজা বৃহস্পতিবার থেকে।
বাংলাদেশের চাঁদ দেখা কমিটিঃ
আমাদের তাহলে শুক্রবার থেকে!",Non Hate,,
meme_1335.jpg,"আমরা যেমন দেখি
বাসের হেলপার যেমন দেখে",Non Hate,,
meme_1336.jpg,"মেয়ে স্বাবলম্বী! মাসিক ইনকাম ৫০,০০০৳
কিন্তু মেয়ে ইমুতে ফ্রিল্যান্সিং করে।",Hate,Gender,Community
meme_1337.jpg,"ভাইয়ের সহযোগিতায় পড়াশোনা করলাম, স্বামীর টাকায় স্কুল খুললাম
বেগম রোকেয়া বলছি
তারপর লিখলাম
নারীর উন্নয়নে সবচাইতে বড় বাধা পুরুষ জাতি",Non Hate,,
meme_1338.jpg,"এই নেন আপু পানি খান
ইনবক্সে ছেলেদের নাচাইতে নাচাইতে তো ক্লান্ত হয়ে গেছেন
আমি ডিপ্রেশনে আছি কারণ",Non Hate,,
meme_1339.jpg,"বইয়ে যেভাবে লেখা থাকে..
গাইডে যেভাবে লেখা থাকে..
পরীক্ষার খাতায় আমি যেভাবে লেখি..",Non Hate,,
meme_1340.jpg,"বইমেলা শেষে ফুডস্টলের মালিকরা বাড়ি ফিরছে
বই প্রকাশকরা বাড়ি ফিরছে
",Non Hate,,
meme_1341.jpg,"চুল কেটে আসার পর
আমি*
মা*
আরও ছোট করলে, আরও সুন্দর লাগতো",Non Hate,,
meme_1342.jpg,"স্কুলে হেড স্যারের ঘরে ঢোকার আগে আমি ও আমার বন্ধু
তুই আগে যা
না তুই আগে যা",Non Hate,,
meme_1343.jpg,"আমার কলম কে নিয়েছে
আমি জানি কে নিয়েছে
সে নিয়েছে তোর কলম
আয় চেক করে দেখ আমি নেইনি ভাই",Non Hate,,
meme_1344.jpg,"ইন্ডিয়ার সাথে বেশী রান কে করবে
শান্ত
শান্ত
কেউই রান পাবে না খেলবে তো মোদি
পাপনদা
",Non Hate,,
meme_1345.jpg,"তোমাকে না একটা জিনিস আনতে বললাম...
হ্যাঁ এনেছি তো.. এই নাও...
আমাকে দিতে হবে না... তুমি লাগিয়ে নাও",Non Hate,,
meme_1346.jpg,"ভাই চলনা মুভি দেখতে যাই.!
না রে ডাক্তারের কাছে যাব.!
- ডাক্তার কে কল করে বল তুই অসুস্থ আজ যাইতে পারবি না..!",Non Hate,,
meme_1347.jpg,"আজ পর্যন্ত কেউ বললো না..!
তুমি ভাত না খেলে আমিও খাবো না..!
",Non Hate,,
meme_1348.jpg,"বয়ফ্রেন্ডের সাথে চ্যাটিং করতে করতে রিক্সাওয়ালাকে ""
বাবু ডানে যাও"" বলে ফেলা আমার বান্ধবী..",Non Hate,,
meme_1349.jpg,"কয়বার বলবো এখানে 'ওড়না আটকাবে' এমন ঘড়ি নাই
",Non Hate,,
meme_1350.jpg,"কি হয়েছে ব্রো
ক্রাশ রিপ্লাই দিয়েছে ""Kaman acen""",Non Hate,,
meme_1351.jpg,"সময় থাকতে খেয়ে নিও প্রিয়
কে জানে কোন দিন ব্রেকআপ হয়ে যায়..",Non Hate,,
meme_1352.jpg,"বৌদি তোমার মনটা অনেক নরম...
আমার নরম মন দেখে তোমার ওইটা গরম",Non Hate,,
meme_1353.jpg,"তুমি তো বিয়ের আগে বলেছিলে বিয়ের পরে আমাকে খুব ভালবাসবে...
তখন কি আর জানতাম, তোমার বিয়ে আমার সাথেই হবে?",Non Hate,,
meme_1354.jpg,"খেলা হবে নাকি?
খেলবো বলেই তো... ছোটভাইকে সজাক রেখে এখনো বসে আছি...",Non Hate,,
meme_1355.jpg,"তুমি খেলা দেখাতে নিয়ে যাবে বলে
আমাকে নিয়ে হোটেল রুমে আসলে কেন?",Non Hate,,
meme_1356.jpg,"সব মেয়েরা শুধু ভালোবাসা চায় না...
কিছু কিছু মেয়ে ওইটাও চায়....!!!",Non Hate,,
meme_1357.jpg,"পার্টনারের নাম তো দুরের কথা
বিয়া করলে বলবোই না যে বিয়া করছি",Non Hate,,
meme_1358.jpg,"আচ্ছা তুমি আমায় সব সময় রানী বলে ডাকো কেন?
চাকরানী বলে ডাকলে তোমার খারাপ লাগবে তাই..!!",Non Hate,,
meme_1359.jpg,"পার্টনারের নাম তো দুরের কথা
বিয়া করলে বলবোই না যে বিয়া করছি",Non Hate,,
meme_1360.jpg,"ভালো হতে চাইছিলাম,
কিন্তু কালো হয়ে যাচ্ছি।",Non Hate,,
meme_1361.jpg,"ফ্যানের বাতাসও মায়ের বকার মতো হয়ে গেছে,
গায়ে-ই লাগে না।",Non Hate,,
meme_1362.jpg,শূন্য বিছানার চেয়ে 'দুষ্টু বউ' অনেক ভালো,Non Hate,,
meme_1363.jpg,"কিসের ক্যারিয়ার!
তুমি কেক বানাবা আমি ডেলিভারি করব।",Non Hate,,
meme_1364.jpg,"রোদে পু;ড়ে চেহারা কালো হতে পারে,
কিন্তু মন আমার ধবধবে সাদা।",Non Hate,,
meme_1365.jpg,"বলেছিলো ব্ল্যাক লাভার...
কিন্তু ওইটা চায় গোলাপী",Non Hate,,
meme_1366.jpg,"আমি ভাই দেখতে এমনিতেই কালা
গরমের ডর দেখাইও না",Non Hate,,
meme_1367.jpg,"কারো আছে টাকার গরম, আবার কারো আছে রূপের,
আমার কোনোটাই নাই, তাই মাথা গরম!",Non Hate,,
meme_1368.jpg,"আমার মাথাটা একটু টিপে দিবা? খুব ব্যথা করছে..!!
আচ্ছা আমি যখন ছিলাম না তখন কে মাথা টিপে দিত?
তুমি যখন ছিলে না, তখন আমার মাথা ব্যথাও ছিল না..!!",Non Hate,,
meme_1369.jpg,"কি হলো এত চুপচাপ কথা বলছো না যে?
দুর্যোগে গ্লাস দিয়েই খাও তাহলে বিয়ে করেছিলে কেন?",Non Hate,,
meme_1370.jpg,"স্বামীর নাম মুখে নিতে লজ্জা লাগে,,
অথচ রাতের বেলায় স্বার্মীর পাখিটা মুখে নিতে লজ্জা লাগেনা..",Non Hate,,
meme_1371.jpg,"কি হলো মুখে নাও
কিন্তু আজতো আমার নিরামিষ, মাংস মুখে নিতে পারবোনা
ধুর পাগলি কলা তো নিরামিষ হয়",Non Hate,,
meme_1372.jpg,"আজকে আমাদের প্রথম রাত..
নিজের সম্বন্ধে কিছু বল..
আমি এমনিতে খুব ভালো শুধু ছোটবেলায় খুব সাইকেল চালাতাম।",Non Hate,,
meme_1373.jpg,"হাত ধরার দায়িত্ব তোমার...
আর পা কাঁধে তোলার দায়িত্ব আমার",Non Hate,,
meme_1374.jpg,"তোমাকে না একটা জিনিস আনতে বললাম...
হ্যাঁ এনেছি তো.. এই নাও...
আমাকে দিতে হবে না... তুমি লাগিয়ে নাও",Non Hate,,
meme_1375.jpg,"আমার তোমাকে ভালো লাগে...
লাগুক,, তাতে আমার কি?
",Non Hate,,
meme_1376.jpg,"নিচে কি পড়ে আছ?
চপ্পল...",Non Hate,,
meme_1377.jpg,"শাড়ি পড়লে যে আপনাকে বউ বউ লাগতেছে বলে প্রশংসা করে,
সে চায় আপনি তার বউ হন!",Non Hate,,
meme_1378.jpg,"আজ পিছন দিয়ে গাড়ি চালাবো...!!
ছাড়ো... সকাল দেখে আমার পেট খারাপ..",Non Hate,,
meme_1379.jpg,"এলাকার মধ্যে প্রেম করার সুবিধা হলো
BF কে লুঙ্গী পড়া অবস্থায় ও দেখা যায়",Non Hate,,
meme_1380.jpg,"খেয়ে ছেড়ে দেবে না তো?
না, রেখে রেখে সারাজীবন খাবো...!!",Non Hate,,
meme_1381.jpg,"চলনা করি...
প্রটেকশন এনেছো?
ভুলে গেছি...
একটা কাজ করো...
লেমিনেশান করিয়ে নাও...",Non Hate,,
meme_1382.jpg,"তুমি এখন আমাকে একটুও ভালোবাসো না..
না না চারটে বাঁচে তো অনলাইন থেকে অর্ডার করে এনেছিলাম..।।",Non Hate,,
meme_1383.jpg,"বলতো পৃথিবীর সবচেয়ে ছোট পাখি কোনটা?
তোমার টা",Non Hate,,
meme_1384.jpg,"বৌদি তোমার চা-টা খুব দারুণ হয়..!!
তোমার ও",Non Hate,,
meme_1385.jpg,"অনেকে আবার চার আঙুল ঢুকিয়ে দেয়...
বোতল থেকে ঘি বের করার জন্য।",Non Hate,,
meme_1386.jpg,"ছেলে শুটকি'র গন্ধ নিতে পারে না,

কিন্তু ঐখানে মুখ দিয়া নাকি ড্রীম..!!",Non Hate,,
meme_1387.jpg,"তুমি দেখতে এতো ভালো...
তোমার আইস ক্রিম কেনো এতো কালো?
দেশি আইসক্রিম কালোই হয়...",Non Hate,,
meme_1388.jpg,"একটা কথা বলবো?
হ্যাঁ,, বলে ফেলো আজ সব মনের কথা..

বিয়ের পরেও যদি আমূল দুধ দিয়ে চা খেতে হয় তাহলে বিয়ে করে লাভ কি?",Non Hate,,
meme_1389.jpg,"মা আমি আইস ক্রিম খাবো

না বাবা ঠান্ডা লেগে যাবে...

আচ্ছা মা.. আমি সোয়েটার পরে খাবো...",Non Hate,,
meme_1390.jpg,"শুয়ে শুয়ে কেঁদেও শান্তি নাই,
কান দিয়ে পানি ঢুকে যায়...",Non Hate,,
meme_1391.jpg,"চলো না, আমি তোমারটা খাই, তুমি আমারটা
ছিঃ... তুমি কি বাজে..
আরে, আমিতো লুডোর ঘুঁটির কথা বলছিলাম",Non Hate,,
meme_1392.jpg,"মা, পায়ে ব্যথা পেয়েছি... কি করবো এখন?
Status লাগিয়ে দে...",Non Hate,,
meme_1393.jpg,"পৃথিবীতে এমন কোন জায়গা নেই যেখানে আমি যাইনি...
কোনদিন শশুর বাড়ি গিয়েছিস?",Non Hate,,
meme_1394.jpg,"দুধ খেলে যদি বুদ্ধি বাড়তো,
তাহলে বিবাহিত পূরুষরা সবচেয়ে বেশি বুদ্ধিমান হতো ।।",Non Hate,,
meme_1395.jpg,"আজ কালকের ভালোবাসা মানেই
পুকুর কে করবে খাল আর তিলকে করবে তাল",Non Hate,,
meme_1396.jpg,"যদি তোকে কোনো ছেলে নূপুর দেয় তাহলে ভেবে নিবা...
ওই তোর পা নিজের কাঁধে উঠিয়ে ওটার আওয়াজ শুনতে ইচ্ছুক।।",Hate,Personal Offence,Individual
meme_1397.jpg,"আমি অনেক হট
বয়স কত তোমার?
১৩ বছর
জ্বর আসছে মনে হয়।",Non Hate,,
meme_1398.jpg,"আমাকে ১ হাজার টাকা ধার দিবা?
আমার কাছে এখন নেই...
আচ্ছা তাহলে আমি এখন আমার থেকে খরচ করছি তুমি পরে দিয়ে দিও..",Non Hate,,
meme_1399.jpg,"সব কষ্ট তো ছেলেরা করে...
মেয়েরা তো শুধু শুয়ে থাকে...",Hate,Gender,Community
meme_1400.jpg,"আচ্ছা,,, সকাল বেলায় মেয়েরা ঘুম থেকে উঠে েচােখ কোচলায় কেনো?
কারণ তাদের কোচলানের মতো বি*চি নেই..",Hate,Gender,Community
meme_1401.jpg,"বন্ধ বলছিল,, ওর বউ নাকি বাড়ির সব কাজ করে... ওর মার কোন কাজ করতে হয় না..
বিয়ের চুলকানি উটসে তোর?",Non Hate,,
meme_1402.jpg,"আমি কখনো আইফোন ইউজ করেনি কিনে দেও?
তুমি তো কখনো মা হওনি বানিয়ে দিব!",Hate,Personal Offence,Individual
meme_1403.jpg,"কি হয়েছে?
বুক ব্যথা
ডাক্তার দেখাও...
 দেখিয়েছি....
কি বলেছে ডাক্তার?
Wow....",Non Hate,,
meme_1404.jpg,"সালামি একমাত্র আমি আমার ননদকেই দিবো,

এবার দেখেন যা ভালো বুঝেন..!",Non Hate,,
meme_1405.jpg,"No জামাত No শিবির
আমি শুধু আমার বিবির",Hate,Personal Offence,Individual
meme_1406.jpg,"বয়ফ্রেন্ডের Birthday, কি দেয়া যায় বলতো?
লাগাতে দিয়ে দে...",Non Hate,,
meme_1407.jpg,"আজকে আমাদের বাসররাত
আমি ঘোমটা উঠাচ্ছি
এইসব ফালতু কাজ আমি করে নেবো তুমি শুধু আমার জন্য তোমার টা উঠাও",Non Hate,,
meme_1408.jpg,"কুতুব মিনার কোথায় অবস্থিত?
জানিনা স্যার!!
গাধা কোথাকার, বেঞ্চের উপর দাঁড়া,
স্যার, কুতুবমিনার কই দেখতে পাচ্ছি না তো!!",Non Hate,,
meme_1409.jpg,"তুমি এতো রোগ পাতলা কেন?
চিকন চালের ভাত খাই তো তাই..",Non Hate,,
meme_1410.jpg,"মানুষ আপনাকে জ্ঞান দিতে চাইবে,
আপনি শুধু সালামি চাইবেন।",Non Hate,,
meme_1411.jpg,"আইডির রিচ ধরে রাখার চেয়ে...
বেডা ধরে রাখা অনেক সোজা!",Non Hate,,
meme_1412.jpg,"বাড়িতে আসতে এত দেরি হল কেন?
ফার্মেসিতে প্রচুর ভিড় ছিল তাই",Non Hate,,
meme_1413.jpg,"তার প্রেমে অন্ধ হয়ে গিয়েছিলাম,
সে কানা ভেবে ছেড়ে চলে গেছে..!",Non Hate,,
meme_1414.jpg,"বৃষ্টি হলে মাঠের খেলা বন্ধ হয়ে যায়...
আর খাটের খেলা শুরু হয়ে যায়..!!",Non Hate,,
meme_1415.jpg,"ভাই, চাঁদরাতের আগে ড্রেস পাবো তো?
টেইলর:",Non Hate,,
meme_1416.jpg,"সালামি হিসেবে নিজের মন ছাড়া
আপাতত দেবার মতো কিছুই নেই",Non Hate,,
meme_1417.jpg,"তুমি যে বললে এর আগে কোন মেয়ের সাথে সম্পর্ক ছিলে না তাহলে এত ভালো কি করে করলে...!
আমি এত ভালো করেছি সেটা তুমি কি করে বুঝলে",Non Hate,,
meme_1418.jpg,"চলনা করি...
প্রটেকশন এনেছো?
না
একটা কাজ করো.. একদম
লেমিনেশন করিয়ে নাও... তোমার তো বার বার ইচ্ছে করে..!!",Non Hate,,
meme_1419.jpg,"সারাদিন:
ওগো, কিগো
রাতে:
বাবাগো",Non Hate,,
meme_1420.jpg,"বাড়িতে আসার সময় কিছু আনতে হবে?
আসার সময় ফার্মেসি হয়ে এসো তাহলে হবে..!!",Non Hate,,
meme_1421.jpg,"কিরে বান্ধবী, এখন তো তোর বিয়ে হয়ে গেছে।
এখন তো খুব শান্তির ঘুম ঘুমাচ্ছিস...
শান্তিতে অনেক পাচ্ছি বান্ধবী কিন্তু পাঁচ রাত ধরে ঘুমাতে পারছিনা",Non Hate,,
meme_1422.jpg,"পড়ালেখা আর ভাল্লাগেনা, কারো বাসায় বউ দরকার হলে ম্যাসেজ দিয়েন..!..",Non Hate,,
meme_1423.jpg,"তোমার নাকি বিয়ে ঠিক হয়েছে... তা ছেলে কি করে?
আপনার সাথে কাকু রাতে যা করে",Non Hate,,
meme_1424.jpg,"রান্না কেমন হয়েছে?
এখন ঘুমোতে যাবো... এখন ঝগড়া না করলেই নয়?",Non Hate,,
meme_1425.jpg,"আমি যে তোকে শাড়িটা দিলাম ওইটা পরেছিলি?
আর বলো না মা,, আজকে তিন দিন হলো বিয়ে হলো..
আজকে প্রথম শাড়ি পড়ার সুযোগ পেলাম",Non Hate,,
meme_1426.jpg,"তুমি দেখতে এত ভালো
তাহলে তোমার আইসক্রিম কেনো এতো কালো?",Non Hate,,
meme_1427.jpg,"স্বামীর নাম মুখে নিলে দোষ
অথচ স্বামীরটা মুখে নিলে কোন দোষ নেই...",Non Hate,,
meme_1428.jpg,"বাঁশবাগানের মাথার উপর চাঁদ উঠেছে ওই,
খেলবো আমার ইচ্ছে মতো বৌদি তুমি কই!",Hate,Personal Offence,Individual
meme_1429.jpg,"কীভাবে বসবে?
একদম এইভাবে..",Non Hate,,
meme_1430.jpg,"কোথায় গিয়েছিলে?
বাজারে গিয়েছিলাম বেগুন আনতে...
কিন্তু তোর নাম বেগুনে এলার্জি?",Non Hate,,
meme_1431.jpg,"জানো কাল রাতের বেলা থেকেই বিয়ের আংটি খুঁজে পাচ্ছি না !!
ভালো করে দেখো তোমার ভিতরেই হবে।।",Hate,Personal Offence,Individual
meme_1432.jpg,"একটু ফর্সা হচ্ছিলাম...
আর গরম পরে গেলো!",Non Hate,,
meme_1433.jpg,"প্রেম করলে ভয় পাবার কি আছে?
মোবাইলে আমার নাম কি দিয়ে সেভ করেছ?
সুমন রাজমিস্ত্রি",Non Hate,,
meme_1434.jpg,"গতকাল রাতে তুমি ঘুমিয়ে ঘুমিয়ে আমাকে গালাগাল দিচ্ছিলে কেন?
তুমি ভুল বুঝেছো!
কি ভুল বুঝেছি?
যে আমি ঘুমিয়ে ছিলাম!",Non Hate,,
meme_1435.jpg,"স্বামী-স্ত্রীর ঝগড়া কখনো সিরিয়াসলি নিবেন না,
ওরা রাতে আবার এক হয়ে যায়..!!",Non Hate,,
meme_1436.jpg,"লাইফে সত্যি কারের ভালোবাসা থাকলে আর কি লাগে?
একটা খালি রুম...",Non Hate,,
meme_1437.jpg,"চল মা আজকে আমরা বাইরে কোথাও খেতে যাই
তুই বাইরে বস... আমি খাবার নিয়ে আসছি...",Non Hate,,
meme_1438.jpg,"বুকে পাথর চাপা দিয়ে মেনে নিয়েছি
এই ঈদেও কাপল পিক তোলা হবে না",Non Hate,,
meme_1439.jpg,"তেলের যা দাম,
নিজের চরকায় থুথু দিন!",Non Hate,,
meme_1440.jpg,"ঘুম পান নয়,
দুধ পান করুন..!!",Non Hate,,
meme_1441.jpg,"ড্রেস পছন্দ হইলে ইনবক্স করি,
দাম শুনে সিন করি না!",Non Hate,,
meme_1442.jpg,ইনকাম যত বেশি তরমুজ তত্ত লাল!,Non Hate,,
meme_1443.jpg,"হনুমান আর মেয়েদের মধ্যে মিল কোথায় জানিস তারা দুজনেই কলার জন্য মারামারি করে,
ঠিক তেমন ছেলে আর ইঁদুরের মধ্যেও মিল আছে কারণ দুজনেই ফুটো খুঁজে বেড়ায়।",Hate,Gender,Community
meme_1444.jpg,"তোর টা দেখা...
তোর টা দেখা...
তুই আগে দেখা তার পর আমি আমার টা দেখাবো..
এই নে দেখে... এইবার তোর টা দেখা..",Non Hate,,
meme_1445.jpg,"অনেকদিন পর এসেছে... কি খাবে বলো ঠাকুরপো
লে ঠাকুরপো",Non Hate,,
meme_1446.jpg,"আমরা হানিমুনে গিয়ে কি করবো বেবি?
আমার কথা জানিনা কিন্তু তোমাকে এইভাবে শুইয়ে রাখবো..!!",Non Hate,,
meme_1447.jpg,"মার্কেটে গেলে শুধু সাদা জামা পছন্দ হয়,
বুঝলাম না বিধবা টিধবা হয়ে গেলাম নাকি..!",Non Hate,,
meme_1448.jpg,"আপনার স্বামী কিভাবে মারা গেলেন?
বিষ খেয়ে..
তাহলে শরীরে এতো আঘাতের চিহ্ন কেনো?
খেতে চাইছিলো না..!!",Hate,Personal Offence,Individual
meme_1449.jpg,"করতে পারবা?
পারবো না কেনো...একটু পরেই দেখবা ভেড়ার মতো চিল্লাবা..",Non Hate,,
meme_1450.jpg,"লাইফের Decision গুলা ভুল নিলেও,
স্টোরিতে Music গুলা ভেবে চিন্তেই দি..",Non Hate,,
meme_1451.jpg,"যার কাছে পৃথিবীর সব দুঃখ বলা যায়, তার কাছেই তার দেয়া দুঃখ বলা যায় না!",Non Hate,,
meme_1452.jpg,"তুমি আমার বন্ধুর সাথে ব্রেকআপ করলে কেন?
পিচকারিতে বেলুন না লাগিয়ে রং খেলতে এসেছিল তাই..",Non Hate,,
meme_1453.jpg,"নিজের থেকে চিকন মানুষ দেখলে
মনে অনেক শান্তি লাগে ভাইই",Hate,Personal Offence,Individual
meme_1454.jpg,"মাইন'ষের ঈদ বাজেট শুনলে মনে হয়,
তারা মার্কেটে জায়গা-জমি কিনতে যাইবো!",Non Hate,,
meme_1455.jpg,"এমন কোন জায়গা আছে যেখানে মেয়ে এবং ছেলে উভয়েরই চুল কোঁকড়া থাকে...?
ছিঃ..ছিঃ.. কত বাজে চিন্তাভাবনা তোর ....
এতে বাজে চিন্তাভাবনার কি আছে,,, আমি তো আফ্রিকার মানুষদের কথা বলছিলাম..!!",Non Hate,,
meme_1456.jpg,"বৌদি, বাসর রাতে কি কি করতে হয়?
আরে পাগল তোর কিছু করতে হবে না যা করার ওই করবে তুমি শুধু পা দুটো উঠিয়ে রাখবি",Hate,Personal Offence,Individual
meme_1457.jpg,"বাড়িতে কেউ নেই, চলে এসো
আবার! এক্ষুনি তো ফিরলাম তোমার বাড়ি থেকে
ওহ সরি! ভুল করে তোমায় ফোন লেগে গেছে",Non Hate,,
meme_1458.jpg,"কি হয়েছে তুই কাঁদছিস কেন?
খুব ব্যথা করছে বৌদি...!!
আরে পাগল প্রথমবার সবারই
ওইরকম একটু ব্যথা করে",Non Hate,,
meme_1459.jpg,"বয়ফ্রেন্ডের জন্য পাঞ্জাবি কিনার পর পাঞ্জাবিটা দিতে পারেন-নি, ব্রেকাপ হয়ে গেছে!
এরকম পাঞ্জাবি কম দামে বিক্রি করলে জানাবেন",Non Hate,,
meme_1460.jpg,"বিকাশ, নগদ, রকেট, উপায়, ব্যাংক একাউন্ট সবই আছে,
শুধু সালামি পাঠানোর কেউ নাই!",Non Hate,,
meme_1461.jpg,"বয়ফ্রেন্ডের Birthday, কি দেয়া যায় বলতো?
লাগাতে দিয়ে দে...",Non Hate,,
meme_1462.jpg,"বৌদি.. তোমার বর কি তোমকে রাতে কোলে নেয়?
শুধু কি কোলে নেয় রে বোন... কোলে নিয়ে তো প্রতিরাতে নাচায়..!!",Non Hate,,
meme_1463.jpg,"খারাপ জিনিস দিয়ে দোকানদার আমাকে ঠকিয়েছে, আর কখনো ওই দোকানে যাবো না!
এরকম বলো না, আমি তো এখনও শ্বশুরবাড়ি যাই!",Hate,Personal Offence,Individual
meme_1464.jpg,"আপু দৈনিক ৫-৭ টা স্টোরি দিয়েন না প্লিজ!
আপনি সুন্দর তবুও দেখতে বিরক্ত লাগে",Non Hate,,
meme_1465.jpg,"জানিস তোর বৌদির জ্বালায় রাতে ঘুমোতে পারি না.. সারারাত নাক ডাকে..!!
শুধু কি নাক ডাকে রে ভাই... তুই অফিসে চলে গেলে আমাকেও ডাকে..",Non Hate,,
meme_1466.jpg,"বাবু কল দাও
ইফতারের টাইম হয়েছে, যাও ইফতার করো
বাবু তুমি কল দিয়ে আযান না দিলে আমি ইফতার করবো না!",Hate,Religious,Community
meme_1467.jpg,"খুব ঠান্ডা পড়েছে আর ওয়েদারটাও খুব রোমান্টিক চলোনা আজ করি...
করার ইচ্ছে তো আমারও কিন্তু আমার ওইটা খুঁজে পাচ্ছিনা দুদিন ধরে",Non Hate,,
meme_1468.jpg,"প্রেমে পড়া বারণ আমি নিউমার্কেট' তুমি 'আড়ং""!",Non Hate,,
meme_1469.jpg,"আমার অর্ধেক জীবন গেলো,
মোবাইল সাই'লেন্ট রাখার জন্য গা'লি খেতে খেতে!",Non Hate,,
meme_1470.jpg,"শুনছো, জানালায় একটা পর্দা লাগাতে হবে..
কেনো? কি হয়েছে?
পাশের বাড়ির ছেলেটা আজকাল খুব ঝাড়ি মারছে..
একদিন ভালো করে দর্শন দিও, জীবনে আর ফিরে তাকাবে না",Non Hate,,
meme_1471.jpg,"বাবা বাবা আমি আমি ঠাকুমাকে বিয়ে করবো..!!
চুপ কর হারামজাদা... ওইটা আমার মা হয়...
আর তুমি যে আমার মাকে বিয়ে করেছ তখন?",Hate,Abusive,Individual
meme_1472.jpg,"জানো আমাদের গ্রামের বাড়িতে আমার বাবা প্রথম রেডিও এনেছিল...
নিজের মায়ের সম্বন্ধে এমন বলতে নেই",Hate,Personal Offence,Individual
meme_1473.jpg,"বৌদি আজকে কিন্তু লাগাতে দিতে হবে.!
ছিঃ ... এভাবে বলো না
আরে আমি তো আবির লাগানোর কথা বলছিলাম

আচ্ছা... তাহলে
প্যাকেট নিয়ে আসো..কিসের প্যাকেট?
আবিরের প্যাকেট..
",Non Hate,,
meme_1474.jpg,"আর কখনো ৪বিয়ে করার হাদিস শুনাবা?
না!
",Non Hate,,
meme_1475.jpg,"এভাবে কি দেখছো?
কিছু না, তোমার ছোট ভাইকে গরম করার চেষ্টা করছি",Non Hate,,
meme_1476.jpg,"ভাই আপনিতো Black লাভার
তাহলে বিড়াল কেন গোলাপি চান...",Non Hate,,
meme_1477.jpg,"-এই যে মুটি এদিকে আয়!
দেখ, ভদ্রভাবে কথা বল!
মাননীয়া চর্বিযুক্ত ম্যাডাম, এদিকে আসুন !!",Hate,Personal Offence,Community
meme_1478.jpg,"রাতে এমন চিল্লাস কেন?
দিদি স্বরবর্ন ভুলে গেছিলাম, তাই আমার বর স্বরবর্ণ শেখায়..",Non Hate,,
meme_1479.jpg,"প্রেম না করেও শুনতে হয় প্রেম করি
কিছুদিন না দেখলে বলবে পালিয়ে গেছি",Non Hate,,
meme_1480.jpg,"এই শোনো তোমার কাছে কি ঠান্ডা করার ঔষধ আছে..?
আছে তবে প্রথমে গরম হবে তারপর ঠান্ডা হবে।",Non Hate,,
meme_1481.jpg,"ঠোঁটে যখন ঠোঁট..
হাত তখন কোথায়?",Non Hate,,
meme_1482.jpg,"বিয়ের আগে বাবা মা করতে দিতো না
আর বিয়ের পরে এখন বাচ্চারা",Non Hate,,
meme_1483.jpg,একটা মেয়েকে ২০/৩০ টা শাড়ি কিনে দিতে মন চাচ্ছে।,Non Hate,,
meme_1484.jpg,"তোমাকে রাণী করে রাখব-বলা ছেলেটাও ঈদের শপিং
করে বাবার টাকায়;",Non Hate,,
meme_1485.jpg,"আলুরচপ পিয়াজু, বেগুনি",Non Hate,,
meme_1486.jpg,"যারা আমার ঘনঘন পোস্ট করাতে বিরক্ত হয় না,
শুধু তারাই সালামি পাবে।",Non Hate,,
meme_1487.jpg,"১টা ডিম কত টাকা?
৭ টাকা...
পাশের দোকানে তো ২৫ টাকা।
ওর মুরগির চরিত্র ভালো না..",Hate,Personal Offence,Individual
meme_1488.jpg,"হোটেল রুমে নিয়ে আসলি কেনো আমাকে?
কেন আবার কি... ওইটা করার জন্য,...
যখন জঙ্গলের মধ্যে কাজ সরা যায় তখন টাকা খরচ করে রুম ভাড়া করার কি দরকার ছিল?",Non Hate,,
meme_1489.jpg,"আমার ছেলেকে তুই বেবি বলে ডাকিস কেন?
ছেলে আপনার কিন্তু বাচ্চা আমার
কেনো তুই জন্ম দিয়েছিস তাকে?
না কিন্তু দুধ তো আমিও খাওয়াই ওকে ...",Hate,Personal Offence,Individual
meme_1490.jpg,"তোমাক আমার ফ্যামিলি মানবে না!
আসো কট খাই....!",Non Hate,,
meme_1491.jpg,"বেবি,, আঙ্গুল বের করে তোমারটা ঢুকাও না ...
ওইটা আঙুল না বেবি... আমারটাই ঢুকানো",Non Hate,,
meme_1492.jpg,"বিয়ের আগে থাকে ফুল!
আর বিয়ের পর হয়ে যায় ফুলকপি...",Non Hate,,
meme_1493.jpg,"একটা ex ও নাই
যাকে মনে করে Sad Song শুনে কান্না করব..!",Non Hate,,
meme_1494.jpg,"ছা'ই'ড়া যাবি তো যা না?
'তোমারে বিয়ে করলে বাচ্চা তারছিড়া হইবে' এইডা কেমন কথা?",Hate,Personal Offence,Individual
meme_1495.jpg,ওই কি রে! ওই কি রে! মধু! মধু!,Non Hate,,
meme_1496.jpg,"বৌদি.. তোমার বর কি তোমকে রাতে কোলে নেয়?
শুধু কি কোলে নেয় রে বোন... কোলে নিয়ে তো প্রতিরাতে নাচায়..!!",Non Hate,,
meme_1497.jpg,"রাতে ঘুমের মধ্যে দুই/তিন বার,
ওই'কিরে' ওই'কিরে' মধু-মধু"" বলে ফেলছি;
বাসার মানুষ এখন পাবনায় কল দিলো।",Non Hate,,
meme_1498.jpg,"তুই একলাই যদি একুশটা স্টোরি দেস
বাকিদেরটা দেখমু কহন?'",Non Hate,,
meme_1499.jpg,"আমার মাথাটা খুব ব্যাথা করছে একটু টিপে দেবে?
বুক ব্যথা করেনা তোমার?",Non Hate,,
meme_1500.jpg,"সমনে ঈদ
মুখে ব্রন তো উঠবেই!!",Non Hate,,
meme_1501.jpg,"বাবাজীবন, অনেকদিন পর বাড়িতে এলে... চা খাবে না কোল্ড ড্রিঙ্কস খাবে?
যতক্ষণ চা না বানানো হচ্ছে, তখক্ষণ কোল্ড ড্রিঙ্কসই নিয়ে আসুন, ওটাই খায়..
তুমি বড্ড হারামী আছো, বাবাজীবন",Hate,Abusive,Individual
meme_1502.jpg,"বেবি, তোমার মনটা খুব নরম...
হাত সরা বা/ল ওইটা মন না..!!",Non Hate,,
meme_1503.jpg,"বলো আমার জান বসন্তী, মজা পেয়েছ?
অনেক মজা পেলাম কুত্তা, আলো জ্বালিয়ে দেখে...
আমি বসন্তী না, তোমার মাসি।",Hate,Abusive,Individual
meme_1504.jpg,"এই তুমি ওই লোকটার বউ এর দিকে তাকিয়ে আছো কেনো?
একটু আগে ওই লোকটা তোমার দিকে তাকাচ্ছিল তাই এখন প্রতিশোধ নিচ্ছি!",Non Hate,,
meme_1505.jpg,"সাপ যতোই ফনা তুলুক
গর্ত থেকে বেরোলেই নেতিয়ে পড়বে",Non Hate,,
meme_1506.jpg,"করতে পারবা?
পারবো না কেনো...একটু পরেই দেখবা ভেড়ার মতো চিল্লাবা..",Non Hate,,
meme_1507.jpg,"তুমি বিয়ের আগে কত্তবার আই লাভ ইউ বলতে, কিন্তু এখন বলো না কেন?
নির্বাচন শেষ, তাই প্রচারও শেষ!",Non Hate,,
meme_1508.jpg,"তুমি আমার বন্ধুর সাথে ব্রেকআপ করলে কেন?
পিচকারিতে বেলুন না লাগিয়ে রং খেলতে এসেছিল তাই..",Non Hate,,
meme_1509.jpg,"স্ত্রীর চেয়ে স্বামীর মৃত্যুর হার বেশী কেনো?
কারন দেশে প্রচুর স্ত্রীরোগ বিশেষজ্ঞ রয়েছেন, কিন্তু কোন স্বামী রোগ বিশেষজ্ঞ নেই!",Non Hate,,
meme_1510.jpg,"বাড়িতে কেউ নেই, চলে এসো
আবার! এক্ষুনি তো ফিরলাম তোমার বাড়ি থেকে
ওহ সরি! ভুল করে তোমায় ফোেন লেগে গেছে",Non Hate,,
meme_1511.jpg,"যে মেয়ের যত বদনাম,
তার তত ভালো জায়গায় বিয়ে হয়!",Hate,Personal Offence,Individual
meme_1512.jpg,"শূন্য বিছানার চেয়ে
একটা দুষ্ট বউ অনেক ভালো",Non Hate,,
meme_1513.jpg,"আজকে তোমাকে খুশি করেই ছাড়বো
তোমার যাদব এত ক্ষুদ্র খুশি আমার পোষায় না",Non Hate,,
meme_1514.jpg,"আমি তোমার বমি বমি ভাব হওয়ার কারণ হতে চাই...
তোকে দেখলেই আমার বমি পায়..",Hate,Personal Offence,Individual
meme_1515.jpg,তোমাকে বিয়ে না করা পর্যন্ত আমার মাথা ঠান্ডা হবে না,Non Hate,,
meme_1516.jpg,"ছাড়ো কেউ দেখে ফেলবে..!!
আগে আমি তো দেখি তারপর অন্যদের দেখিও",Non Hate,,
meme_1517.jpg,"জীবনে প্রাইভিসি বলতে কিছু নেই!
'বাথরুমে এতক্ষণ কি করছিলি?'
এটারও উত্তর দিতে হয়!",Non Hate,,
meme_1518.jpg,"তোমার কথায় উঠবো আর বসবো..
কিন্তু আমি বললে তোমাকে শুয়ে পড়তে হবে..",Non Hate,,
meme_1519.jpg,"দুধ দিয়ে কাল সাপ পুষে ছিলাম!
সাপ কখনো ঋণ রাখে না"" দুধ যেমন খেয়েছি, কলা ও তেমন দিয়েছি!
",Non Hate,,
meme_1520.jpg,"একটা জাপানী তেল দিন তো
এই বয়েসে একটাতে কাজ হবেনা দাদু আরো লাগবে
না বাবা আমার বেশি খাড়া করার দরকার নেই, খালি হিসু করার সময় যাতে জুতোতে না পরে তাই এই ব্যবস্থা!",Non Hate,,
meme_1521.jpg,"একটা মাথার বালিশ জানে মেয়েদের দুঃখের কথা
আর একটা পাশবালিশ জানে একটা ছেলের উত্তেজনার কাহিনী!",Non Hate,,
meme_1522.jpg,"""বউ আর বাইক""
যত পুরানো হয় তত সাউন্ড বাড়'তে থাকে!",Non Hate,,
meme_1523.jpg,"আমি কালো না, আমার চেহারার ব্রাইটনেস কম",Non Hate,,
meme_1524.jpg,"ডাক্তারবাবু, আমার সমস্যা হচ্ছে, আমি কিছুক্ষন পর পর সব ভুলে যাই...
কতদিন থেকে তোমার এই সমস্যা?...
এইটাও ভুলে গেছি...",Non Hate,,
meme_1525.jpg,"স্মৃতিশক্তি বাড়ানোর জন্য বাদাম কিনে এনেছিলাম..
কিন্তু কিনে এনে কোথায় রেখেছি সেটাই ভুলে গেছি..",Non Hate,,
meme_1526.jpg,"বড় বাপের পোলায় খায়
ঠোঙ্গায় ভইরা লইয়া যায়",Non Hate,,
meme_1527.jpg,"কোন একটা ভালো পাসওয়ার্ড বলোতো?
আমার নু- নু""
লেখা আসছে, আপনার পাসওয়ার্ড অনেক ছোট আছে।।",Hate,Personal Offence,Individual
meme_1528.jpg,"টাকায় বাড়ে সুদ!
আর ভালোবাসায় বাড়ে_____",Non Hate,,
meme_1529.jpg,"তোমার বাড়ি কোথায়?
তোমার বুকে..",Non Hate,,
meme_1530.jpg,"৭টা আইডি দিয়ে ওরে পটাচ্ছিলাম,
ও ৭ বারই পটে গেছে!",Non Hate,,
meme_1531.jpg,"মনে আছে? তুমি বিয়ের আগে আমাকে গিফট, দামী সোনার গহনা দিতে.
হুম মনে আছে..
তো এখন দাও না কেনো?
তুমি কোনোদিন দেখেছো, ছিপে মাছ উঠার পর ওই মাছকে খেতে দিতে?",Non Hate,,
meme_1532.jpg,"আমি তোমার মন চুরি করবো
তা তো করবেই, দেখেই তো চোরের মত লাগে",Hate,Personal Offence,Individual
meme_1533.jpg,"তুমি আমার বন্ধুর সাথে ব্রেকআপ করলে কেন?
পিচকারিতে বেলুন না লাগিয়ে রং খেলতে এসেছিল তাই..",Non Hate,,
meme_1534.jpg,"সাদা আবির ভেবে বৌদির ওখানে রং লাগিয়ে আসলাম
পরে জানতে পারলাম ওইটা নাকি ব্লিচিং পাউডার ছিল",Non Hate,,
meme_1535.jpg,"চল মা আজকে আমরা বাইরে কোথাও খেতে যাই
তুই বাইরে বস... আমি খাবার নিয়ে আসছি...",Non Hate,,
meme_1536.jpg,"তুমি বিয়ের আগে কত্তবার আই লাভ ইউ বলতে, কিন্তু এখন বলো না কেন?
নির্বাচন শেষ, তাই প্রচারও শেষ",Non Hate,,
meme_1537.jpg,"তুমি আমাকে কাজের মেয়ে বানিয়ে রেখেছ! , তোমার তো সৌভাগ্য কাজের মেয়ে হয়েও মালিকের সাথে একই বিছানায় ঘুমাও!",Hate,Personal Offence,Community
meme_1538.jpg,"হোলি আর প্রেম শুরুতে ভালো লাগে,
পরে রং তুলতে আর প্রেম ভুলতে গাঁড় ফাটে!",Hate,Abusive,Individual
meme_1539.jpg,"রাস্তা ঘাটে অপরিচিত লোকের দেওয়া কিছু খাবেন না,
তবে বিড়ি হলে সেটা অন্য ব্যাপার!",Non Hate,,
meme_1540.jpg,"একদম রং লাগাবি না আমার গায়ে, আমার কিন্তু সেন্সিটিভ স্কিন! সারা বছর মুখে এত আটা ময়দা মাখো সেই বেলায় কিছু না আর হোলির দিনই মনে পড়ে মামনি তোমার সেন্সিটিভ স্কিন?",Non Hate,,
meme_1541.jpg,"বাইরে বেরোনোর সময় ঠাকুরকে প্রণাম করে বের হবে, কাজ ভালো হবে!  বিয়ের দিনও প্রণাম করেই বেরিয়েছিলাম! কোনো লাভ হয়নি..",Non Hate,,
meme_1542.jpg,ভোটার: এত দুর্নীতির পরেও আপনারা ভোট চাইতে আসেন কিভাবে? লজ্জা লাগে না? প্রার্থী: লজ্জা ? হেইডাতেও প্রিজারভেটিভ দেওয়া আছে,Hate,Political,Organization
meme_1543.jpg,সৃষ্টি ফজিলাতুন্নেছা মতিন কুমুদিনী আমি* হাসান,Hate,Gender,Community
meme_1544.jpeg,"গোলাপ গোলাপি যৌবন, আমার ঠান্ডা হয় না কেন।",Non Hate,,
meme_1545.jpg,এত ভার নিয়েও চলা যায় নাকীরে ওয়াড়া ??,Hate,Gender,Community
meme_1546.jpg,ইছলামী বিগ্যানের আরও একটি যুগান্তকারী আবিষ্কার! সঙ্গমকালে অন্য মেয়েকে কল্পনা করা স্বামীর বীর্য থেকে স্ত্রী গর্ভবতী হয়ে পড়লে সন্তান হবে সমকামী - খ্যাতনামা ইরানী ইছলামবিদ,Hate,Religious,Community
meme_1547.jpeg,"কান খুলে শুনে রাখ, হিন্দুস্তান শুধু হিন্দুদের জয় শ্রীরাম",Hate,Religious,Community
meme_1548.jpg,ভাসানী ভাসানী ভাসানী ভাসানী ভাসানী মাওলানা ভাসানী বিজ্ঞান ও প্রযুক্তি বিশ্ববিদ্যালয়,Non Hate,,
meme_1549.jpeg,রং তং খেলে উঠে স্নান করে নেবার পরে যখন ছেলেপুলে এসে আরেক রাউন্ড রং মাখিয়ে দিয়ে যায়,Non Hate,,
meme_1550.jpg,"বিক্ষোভ দেখানো 'বামপন্থী' ছাত্রদের পুলিশ দিয়ে নৃশংসভাবে পেটানো। 'তিনদিন ধরে ঘেরাও করব ওকে, পাগলামি ছাড়িয়ে ছাড়ব' , উপাচার্যকে হুঁশিয়ারি অনুব্রতর! 'বামপন্থী' ছাত্রদের ফ্যাসিবাদ বিরোধী লড়াইয়ে সহমর্মিতা দেখিয়ে নিজের রাজনৈতিক ফায়দা তোলা",Hate,Political,Organization
meme_1551.jpg,তোমার মধ্যে কী প্রতিভা আছে যার জন্য তোমাকে তৃণমূলে নেবো? সততা আমার মধ্যে একটুও নেই চুরি চিটিংবাজীতে আমি সিদ্ধহস্ত আজই জয়েন করে নাও.....,Hate,Political,Organization
meme_1552.jpeg,এই নেন আপু পানি খান ইনবক্সে ছেলেদের নাচাইতে নাচাইতে তো ক্লান্ত হয়ে গেছেন ,Hate,Gender,Community
meme_1553.jpg,রাষ্ট্র জনগন,Hate,Political,Organization
meme_1554.jpg,জানু তোমার মনে আছে আমি বিয়ে আর বৌভাতের দিন কি রঙের শাড়ি পড়েছিলাম ? রেল লাইনে সুইসাইড করতে এসে কেউ কি দেখে কোন ট্রেন আসছে আর যাচ্ছে,Hate,Gender,Community
meme_1555.jpg,"হাদিস ইছলামের নবী বলসে, আজান শুরু হইলে পর শয়তান সশব্দে পাদ মারে, যাতে আজানের শব্দ তারে শুনতে না হয় । (বুখারি, খণ্ড ১, বই ১১, হাদিস ৫৮২)",Hate,Religious,Community
meme_1556.jpeg,হলিউডের সুন্দরী অভিনেত্রী ক্রাইম পেট্রলের কাজের মাসী,Hate,Gender,Community
meme_1557.jpg,হ্যা ভাই কানতেছি কারণ আম্মু বাসায় বেড়াতে আসা মেহমানের বাচ্চাকে আমার খেলনা দিয়ে দিসে,Non Hate,,
meme_1558.jpeg,"তোর সবচেয়ে ভালো লাগে কি করতে? স্যার, ছবি আঁকতে। ছবি একে কি করবি? সুদীপ্ত সেন কে ছবি বিক্রি করে বড়লোক হব",Non Hate,,
meme_1559.png,যখন টয়লেটে কেউ লাইট অফ করে দেয় আলো... আলো আমি কখনো খুঁজে পাবো না,Non Hate,,
meme_1560.jpeg,ভালো মানুষ কখনোই চায় না যে তার দ্বারা অন্যের ক্ষতি হােক তেমনই ভাবে আমিও চাই না আমার জন্য কেউ পাগল হোক ,Non Hate,,
meme_1561.jpeg,আজ আমরা রান্না করবো হাসের দুধ আব ছাগলের ডিম দিয়ে শাহবাগীদের ঘিলু ভুনা ,Hate,Religious,Community
meme_1562.jpg,"কিস ডে কিস দিবি না কপিলা ? তুই ব্লাশ করস না, তোর মুখে গন্ধ",Non Hate,,
meme_1563.jpg,হ্যালো পুলিশ কাকু পাশের বাসার আনকেল গত রাতে আন্টিকে খুব মারছে,Hate,Gender,Community
meme_1564.jpg,*যখন ফাকবয় জানতে পারে তার ফাদে পড়া মেয়েটাও বারোভাতারী *ফাকবয়: ওরে মাগি !,Hate,Gender,Community
meme_1565.jpeg,"না বাচক বাক্যকে হ্যা বাচক বাঁকে পরিণত করো, "" এটা কোনো ভাবেই সম্ভব নয়"" ""এটা শুধু জি বাংলা সারেগামাপার মঞ্চেই সম্ভব""",Non Hate,,
meme_1566.jpg,চেয়েছি বুব পেয়েছি লেবু মমতাদি,Hate,Gender,Community
meme_1567.jpeg,দোস্ত রিলেশন কেমন চলে আলহামদুলিল্লাহ আল্লাহর রহমতে ভালোই শয়তান,Hate,Religious,Community
meme_1568.jpg,গ্রাম ইনস্টাগ্রাম,Hate,Gender,Community
meme_1569.jpg,*গরিব ছেলেকে বিয়ে করেও সুখী থাকা মেয়ে সুখী থাকার কারন*,Hate,Gender,Community
meme_1570.jpeg,"পাকিস্তান সন্ত্রাসবাদীদের আখড়া তাই এখন কোনো দেশ পাকিস্তানে ক্রিকেট খেলতে চাইছে না, পাকিস্তানকে নিয়ে একদম উল্টোপাল্টো বলবেন না, পাকিস্তান আমাদের বাপ হয়",Hate,Political,Organization
meme_1571.jpg,"আচ্ছা আংকেল, জিব্রাইল প্রতিদিন ওহী নিয়ে আসে, কিন্তু আমরা কেউ তাকে দেখি না কেন? আপনি একাই দেখেন! ব্যপারটা সন্দেহজনক | সোনামণি, এমন কোন উল্টাপাল্টা প্রশ্ন করবা না যাতে ঈমানের ক্ষতি হয় | বুঝলা?",Hate,Religious,Community
meme_1572.jpg,কখনো ছেড়ে দিও না সেই হাত যে হাত তোমাকে বড় করেছিল !,Non Hate,,
meme_1573.jpg,যখন বাপের কাছে বিড়ি খাইতে গিয়া ধইরা খাইছিলাম,Non Hate,,
meme_1574.jpg,"জঙ্গি হানা নিয়ে মমতার বিস্ফোরক প্রশ্ন, আগেই পাকিস্তানকে দোষারোপ কেন আচ্ছা একটু জবাব দেবেন , আপনাকে দেখে কোন ডাক্তার ?",Hate,Political,Organization
meme_1575.jpg,"নবীজি বলেছে, ঋতুস্রাবের সময় ব্যবহৃত কাপড়, মৃত কুকুর ও অন্যান্য দুর্গন্ধময় দ্রব্যাদি মিশ্রিত পানি বস্তুত বিশুদ্ধ ও সেই পানি দিয়ে অজুও করা যায় । (আবু দাউদ, বই ০০১, হাদিস ০০৬৬)",Hate,Religious,Community
meme_1576.jpeg,পঞ্চায়েত ভোটে দিদিকে জেতানো হয়ে গেছে  এবার দাদার রাজ্যে লেবার খাটতে যেতে হবে,Hate,Political,Organization
meme_1577.jpeg, শয়তানের ধোকায় পড়ে তোমাকে ভালোবেসে ছিলাম তুমিও ধোঁকা দিলে ,Hate,Gender,Community
meme_1578.jpeg,রোদ হচ্ছে বৃষ্টি হচ্ছে খেঁকশিয়াল আজ আমাকে বিয়ে করতেই হবে ,Non Hate,,
meme_1579.jpg,যুদ্ধ জয়' লিখিতভাবে কৃষকদের সমস্ত দাবি মেনে নিল কেন্দ্র আন্দোলন প্রত্যাহারের সিদ্ধান্ত কৃষকদের এরা দুঃখ পেয়েছেন এদের থেকেও আরও বেশি দুঃখ পেয়েছে নিচের দুজন,Hate,Political,Organization
meme_1580.jpg,ঘখন আপনি প্রপোজ করেন তুমি কী সারাজীবন আমার সাথে থাকবে? ঘখন ভাইপো প্রপোজ করে তুমি কী আমার জন্য সোনা পাচার করবে?,Hate,Political,Organization
meme_1581.jpg,প্রতিরক্ষা খাতে খরচ আরও বৃদ্ধি করা হয়েছে এবং শিক্ষা খাতে খরচ কমিয়ে দেওয়া হয়েছে। সরকারি ক্ষেত্রে উচ্চবর্ণদের বেশী ফি দিতে হচ্ছে সংখ্যালঘুদের তুলনায়।,Hate,Political,Organization
meme_1582.jpeg,চাদে অবতরণ করলেন পিসির বিজ্ঞানী রাকেশ রোশন ,Hate,Political,Organization
meme_1583.jpeg,"আজকে রাতে আসিস, দুধ দিয়ে পায়েশ করে খাওয়াবো।",Hate,Gender,Community
meme_1584.jpeg,স্পিডে লেকচার ভিডিও দেখে সময় বাঁচিয়ে পরীক্ষায় ফেল করে এখন বাস চালাচ্ছি,Non Hate,,
meme_1585.jpeg,পুরো সপ্তাহব্যাপী সালামি চেয়ে চেয়ে অবশেষে কেউ একজন যখন বিকাশে ২ টাকা সালামি পাঠায় আমি কারো কাছে যা পাই নে তুমি তা দেবে কেন ,Non Hate,,
meme_1586.jpg,০.০০৬৯ সেকেন্ডের জন্য দরজা লাগানোর পরে বাংলাদেশের পরিবারের সদস্য: মা বাবা ছোট ভাই,Non Hate,,
meme_1587.jpg,"""ইহুদি-খ্রিস্টানদের তৈরি ফেইসবুক চালাস কেন?"" বলা ভাইয়াটা যখন জানতে পারে অ্যালগরিদম ছাড়া ফেইসবুকই তৈরি হতো না আর অ্যালগরিদমের আবিষ্কারক হলেন মুসলিমরা",Hate,Religious,Community
meme_1588.jpg,বছরের পর বছর বেকার থাকার পর ২৫০০ টাকা বেতনের সিভিক টিচার নিয়োগ হওয়ার পরে বাবাগো বাচলুম,Non Hate,,
meme_1589.jpeg,"পিএইচডি করা বেকার ছেলেটি যখন টিউশন পড়াতে যায়, পকেটে এনার ছবিটা রাখে এই হাসি মুখটা দেখে মনের জোর ফিরে পায়।",Non Hate,,
meme_1590.jpg,বিয়ে বাড়িতে জামাইয়ের জুতা চুরি করছে কে বলে চিল্লাতে থাকা জামাইয়ের বন্ধুরা এদিকে জুতা চুরি করে কোথায় লুকিয়ে রাখছি ভুলে গিয়ে গিয়ে বসে থাকা আমি,Non Hate,,
meme_1591.jpg,"কিবলামুখী সিজদা ছাড়া, মুমিন, ছওয়াব পাবা? বুজতারি না সিজদা দেখে - কোন দিকে যে কাবা!",Hate,Religious,Community
meme_1592.jpg,"নাস্তিক হবার অনুভূতিটি অনেকটা সেই শিশুর মতো: পুরো ক্লাসে একমাত্র সে-ই জানে, স্যান্টা ক্লজ বলে কিছু নেই এবং সে ধৈর্য ধরে অপেক্ষা করতে থাকে, কবে তার সহপাঠীরা বেড়ে উঠবে",Hate,Religious,Community
meme_1593.jpeg,পিসিকে গাড়ি চাপা দিয়ে খুনের অভিযোগ ভাইপোর বিরুদ্ধে এ কেমন হেডলাইন ,Hate,Political,Organization
meme_1594.jpeg,"মেয়েরা বলে সব ছেলেরা বাজে, তাহলে মেয়েরা কার জন্য সাজে?",Hate,Gender,Community
meme_1595.jpeg,সেহেরি খাওয়ার জন্য এলার্ম দেই আর সেই এলার্ম যখন দুপুর তিন টায় বাজে আপনার আর দরদ দেখাতে হবে না বেইমান এর বেইমান,Non Hate,,
meme_1596.jpg,"যখন একজন নাস্তিক বলে, আমি প্রমাণ ছাড়া কিছুই বিশ্বাস করি না! কিন্তু সে বিবর্তনবাদে বিশ্বাস...",Hate,Religious,Community
meme_1597.jpg,"আমি স্বচক্ষে না দেখলে কিছুই বিশাস করি না ! তুমি আমার বাবা , এটার প্রমাণ কী? ওপারে ভালো থাকিস ! সালা !",Hate,Religious,Community
meme_1598.jpg,-মেহমান আসছে... যা দোকান থেকে কিছু নিয়ে আয় কিছু :,Non Hate,,
meme_1599.jpeg,যখন আপনি পরের সেমিস্টারে কোপ দেওয়ার কথা বলে প্রথম টিটিতেই ১০ এ ০১ পান,Non Hate,,
meme_1600.jpg,টাকা দলের' জেরায় মুখ খুলছেন অর্পিতা ওর কাছে আমি কিছুই লুকাইনি...,Hate,Political,Organization
meme_1601.jpg,এটা আবার কি? এক বছর থেকে পড়ে থাকতে থাকতে জং পড়ে গেছে। গত কুরবানীর পর আর বাজানো হয় নি... পশু ! জবাই অমানবিক,Hate,Religious,Community
meme_1602.jpeg,তারে জিগাইলাম কি চাও সে বিদ্যুৎ চাইলো আমারে চাইলো না,Non Hate,,
meme_1603.jpg,সমকামীদের একটা সুবিধা হল তাদের পায়খানা কখনো কষা হয় না,Hate,Gender,Community
meme_1604.jpg,কি বস গ্রহণের আগে সবার খাওয়া হয়ে গেছে তো?,Non Hate,,
meme_1605.jpg,"পঞ্চায়েত ভোট আসছে... মাসিমরা আমাকে চিনতে পারছেন তো? কেন চিনতে পারবোনা! কতবার টিভিতে হাত পেতে টাকা নিয়ে ""থ্যাংক ইউ"" বলতে দেখেছি",Hate,Political,Organization
meme_1606.jpg,ভারত রাষ্ট্র ভারত এবং চীনের সাধারণ মানুষ চীন রাষ্ট্র,Hate,Political,Organization
meme_1607.jpg,বেচারাম তখন সিপেএম করতো,Hate,Political,Organization
meme_1608.jpg,"জীবনে প্রথম প্রেমটা রিয়েল হয়, আর সেটা ও হয় এক বারোভাতারি মালের সাথে",Hate,Gender,Community
meme_1609.jpeg,এইভাবে ছবি আমরাও তুলতে পারতাম কিন্তু তোমার গুলো তো ছোট,Hate,Gender,Community
meme_1610.jpeg,স্কেল দিয়ে বাঁকা লাইন টানি আর তুমি আমার থেকে সোজা রিপ্লাই আশা করো,Non Hate,,
meme_1611.png,আমি মরা পর্যন্ত তোমাকে ভালবাসবো মরার পর ভালোবাসবো না কেনো?,Non Hate,,
meme_1612.jpeg,"মাটিতে গোবর থাকলে সেখানে ঘাস অনেক লম্বা হয়, সেটা মেয়েদের মাথার চুল দেখলেই বোঝা যায়।",Hate,Gender,Community
meme_1613.jpg,খাদ্যের প্রয়োজন কার বেশি?,Hate,Religious,Community
meme_1614.jpg,যখন তুমি ক্লাসে ঘুমাই যাও এবং ঘুম জেগে দেখো বোর্ড এতগুলো লেখা,Non Hate,,
meme_1615.jpeg,পুরো সমতল বানিয়ে দিবি ভাই জেহাদীদের ক্যাম্পগুলোকে,Hate,Religious,Community
meme_1616.jpg,ঘাটাইলের মেয়েরা নিজেকে যা ভাবে আসলে তারা যেমন,Hate,Gender,Community
meme_1617.jpg,প্রতি বছর দুই মিলিয়ন শিশু দেহব্যবসায় নামতে বাধ্য হয় এবং আল্যা যা করে নিশ্চয়ই ভালোর জন্যই করে,Hate,Religious,Community
meme_1618.jpeg,সন্দেশখালিতে শুভেন্দুকে আটকাবার জন্য তৈরি থাকা দিদির পোষা পুলিশ লে শুভেন্দু ,Hate,Political,Organization
meme_1619.jpg,সুইসরা তো মসজিদের মিনার নির্মাণের বিরুদ্ধে ভোট দিলো! এখন একটা কাজ করা যায়: আরব দেশগুলোতে খ্রিষ্টানদের অধিকার কেড়ে নেয়া হোক । খ্রিষ্টানদের অধিকার? আরব দেশগুলোতে?,Hate,Religious,Community
meme_1620.png,"বলতো সততার সর্বোচ্চ সীমা কি? স্যার, পরীক্ষার হলে বসে নকল করার চিরকুট খুলে মুখস্ত করে নিয়ে তারপর পরীক্ষার খাতায় লেখা!",Non Hate,,
meme_1621.jpg,স্কুল আপনার মেয়ে কোনটা? ক্যামনে কই?,Hate,Religious,Community
meme_1622.jpg,আদর্শ বউ তো সেই যে বাসর রাতে কিছু না বলতেই ধন চুষা শুরু করবে,Hate,Gender,Community
meme_1623.jpg,ওয়াও দুধ চা* *হু খাঁটি দুধ দিছি কাপ দুটোও বেশ বড় মন ভরে খাইয়া যাহ **তাহরে রুমে চল *দাঁড়া দরজা খুলে দিচ্ছি,Hate,Gender,Community
meme_1624.jpeg,"যতদিন রবে এই দুই মন্ত্রী ক্ষমতায় আসীন, ধীরে ধীরে বাংলাদেশ থেকে ইসলাম হবে বিলীন! শিক্ষামন্ত্রী নাহিদ, তথ্যমন্ত্রী ইনু। আনতে ফিরিয়ে ইসলামের শেই সোনালি সুদিন, দুই নাস্তিক মন্ত্রীর অপসারণে জোর আওয়াজ দিন।",Hate,Religious,Community
meme_1625.png,"বলোতো, বায়ুমণ্ডল কাকে বলে? মণ্ডল বাড়ির উপর দিয়ে যে বায়ু প্রবাহিত হয় তাকেই বায়ুমণ্ডল বলে।",Non Hate,,
meme_1626.jpg,যখন মা বলে কাঁদলে আরো মারবো,Non Hate,,
meme_1627.jpg,ভ্যাট দিবে বিশ্ববিদ্যালয় কর্তৃপক্ষ ছাত্র-ছাত্রী নয়!! দুধ দিরে খামারিরা ! গরু ছাগল নয় !!,Hate,Political,Organization
meme_1628.jpg,"ইছলামী প্রচার ইছলামী বাস্তবতা (লন্ডন, ৭ জুলাই, ২০০৫)",Hate,Religious,Community
meme_1629.jpg,বিশ্বাস করেন স্যার গার্লসের ঘাটপাড়ে যারে বিড়ি খাইতে দেখছেন সেটা আমি ছিলাম না,Non Hate,,
meme_1630.jpg,"বহু মূল্যবান কাঠ পাচারের অভিযোগ, অবশেষে গ্রেফতার তৃণমূল নেতা পাশাং লামা চাল, ত্রিপল, ত্রাণ, কয়লা, বালি, গরু, সোনা তো ছিলই.... এবার কাঠ!? ওদের কিন্তু কোনো ছুঁতমার্গ নাই! যা জোটে তাই নিয়েই সন্তুষ্ট থাকে।",Hate,Political,Organization
meme_1631.jpeg,"বাহাদুর খালি নেপালি হয় না খোকা, যারা এই ঠান্ডায় রোজ ভোরে ঠান্ডা জলে স্নান করে তারাও বাহাদুর।",Non Hate,,
meme_1632.jpeg,ঘুম নাই রাতে তুমি নাই সাথে,Non Hate,,
meme_1633.jpeg,"টানা পাঁচদিন ধরে যোগাসন, বিশ্বরেকর্ড চেন্নাই এর যুবতির.. খবরটা পড়ার পর - মা, আমায় ডিস্টার্ব করো না। টানা ছয়দিন শবাসন করে ২০১৮ এর প্রথম বিশ্বরেকর্ডটা আমি ই করবো।",Non Hate,,
meme_1634.jpg,না খেয়ে রয়েছি কারণ ফ্রেন্ডলিস্টের ২য় ব্যাক্তি আমাকে বিরিয়ানি খাওয়ায় নি,Non Hate,,
meme_1635.jpeg,সন্ত্রাসবাদী কোনো ধর্ম হয় না সন্ত্রাসবাদী,Hate,Religious,Community
meme_1636.jpg,"আচ্ছে দিন ঠিক কবে আসবে? বিকাশ কি আদৌ হবে? আসার কোনো সম্ভবনাই নেই, তথ্য বলছে, গত ৭০ বছরে এতো অশিক্ষিতদের নিয়ে আগে কোনদিন ক্যাবিনেট তৈরি হয়নি !",Hate,Political,Organization
meme_1637.jpeg,নতুন পার্লামেন্ট দেখে যাদের ফাটছে তাদের এখানে বসিয়ে দিবি বুঝলি,Hate,Political,Organization
meme_1638.jpeg,শীতকালে ফ্লোরে পা লাগাতাম না স্যান্ডেল পড়ে হাঁটতাম আর এখন ফ্লোরে শুয়ে থাকি,Non Hate,,
meme_1639.jpg,স্কুল লাইফের মত আর কোনো লাইফ নেই বলে পোস্ট করা আমার বন্ধু আজ পর্যন্ত কখনও তাকে স্কুলে না দেখা আমি,Non Hate,,
meme_1640.jpg,প্রশ্ন তোমাদের নৈতিকতা কতোটুকু প্রশস্ত? নাস্তিক,Hate,Religious,Community
meme_1641.jpg,এই রোমান্টিক ওয়েদারে সিঙ্গেল সম্প্রদায় আর কত রাত একা থাকবো ? আর কত রাত একা থাকবোওও !,Non Hate,,
meme_1642.jpeg,স্টাইল করে বাসে ওঠার সময় বমি করে বাস থেকে নামার সময়,Non Hate,,
meme_1643.jpeg,আমি তোমার মন চাই দেহ না কেনো তোমার পাখি কি দাড়ায় না,Hate,Gender,Community
meme_1644.jpg,বারাকপুর কমিশনারেটের পুলিশ জেনে রাখুন; আমরা বাংলা চালাই... আলাদা করে বলতে হবে না সবাই জানে চোলাই ছেরে গোটা বাংলাটা আপনরাই গিলেছেন।,Hate,Political,Organization
meme_1645.jpeg,আদুভাই যখন জানতে পারে বর্তমান শিক্ষা ব্যবস্থায় ৭ম শ্রেণিতে কোনো পরীক্ষা দেয়া লাগে না,Non Hate,,
meme_1646.jpeg,জীবন যুদ্ধে তপ্ত মরুপথে অনেক ঘাত প্রতিঘাত পায়়ে মুড়িয়ে  দুঃখ যন্ত্রণা কষ্টের কষাঘাতে জর্জরিত ভগ্ন হৃদয় নিয়ে দীর্ঘ পথ পাড়ি দিয়ে এসেছি তোমাদের ভালোবাসার মোহনায় ,Non Hate,,
meme_1647.jpeg,নীলক্ষেতে বই কিনতে যাওয়ার পর দোকানদার মামাদের প্রতিক্রিয়া,Non Hate,,
meme_1648.jpeg,তুমি আমাকে বিয়ের পরেও ভালোবাসবা এটা আবার কেউ জিজ্ঞেস করে অবশ্যই জান আচ্ছা ২০ তারিখে আমার বিয়ে তুমিও এসো,Non Hate,,
meme_1649.jpeg,জুনিয়রদের পড়ালেখা নিয়ে জ্ঞান দেওয়া সিনিয়র যখন নিজেই ড্রপ খায় ,Non Hate,,
meme_1650.jpg,*আমি আমার দুঃখী মন প্রিয় বন্ধুদের সাথে ৫ মিনিটের আড্ডা,Non Hate,,
meme_1651.jpeg,মায়ের বিদায়ের আজ ১৫ দিন ,Hate,Religious,Community
meme_1652.jpg,"দোয়া হচ্ছে হস্তমৈথুনের মতো: যে করে, সে তৃপ্তি পায়, কিন্তু যার কথা ভেবে করা হয়, তার কোনও কাজেই লাগে না",Hate,Religious,Community
meme_1653.jpeg,মসজিদ থেকে ইফতার করে এসে আবার বাসায় ইফতারী করার পর আমার খাদক বন্ধু জীবন যুদ্ধে কয়েক ধাপ এগিয়ে গেলাম,Non Hate,,
meme_1654.jpeg,ইজরায়েলকে সার্পোট করি তাহলে দাড়িয়ে না থেকে গাভী গুলোর পা শক্ত করে বেধে ফেল ,Hate,Religious,Community
meme_1655.jpg,জেঠ্যু একবার হবে নাকি ? বেল্ট দিয়ে ছাল ছাড়াতে ডাকছে না কী চা টা খেতে ডাকছে ?,Hate,Gender,Community
meme_1656.jpg,যা পাখি উড়তে দিলাম তোকে খুঁজে নে অন্য কোনো বাসা,Hate,Gender,Community
meme_1657.jpeg,আর কিছুদিনের মধ্যেই বাংলার মানুষ পুনরায় সেই ঐতিহাসিক দৃশ্য দেখতে চলেছে,Hate,Political,Organization
meme_1658.jpeg,এই প্রথমবার কেউ বলল না যে বাংলাদেশের এই উষ্ণ তাপমাত্রার জন্য একমাত্র বিএনপি দায়ী,Hate,Political,Organization
meme_1659.jpeg,এক ঘণ্টা ধরে চোষার পরও যখন সরকারি চাকরিওলা কাকুর কিছু দাড়ায় না ,Hate,Gender,Community
meme_1660.jpg,কনফিউশান অনেক বড় কনফিউশান রাতে ফ্যান অফ করে ঘুমাবো নাকি ফ্যান অন করেই ঘুমাবো !,Non Hate,,
meme_1661.jpeg,"এই হল বাংলার নুডিস্ট, বেশ্যা দ্যা গ্রেট খাসিনা",Hate,Political,Organization
meme_1662.jpg,তাই দুপুর বেলাতে ঘুমিও,Non Hate,,
meme_1663.jpeg,আগে জানতাম পৃথিবীতে মোট ৭ টি রঙ একদিন লিপস্টিক কিনতে গিয়ে শুনলাম লালের মধ্যেই নাকি ২৭ কালার,Non Hate,,
meme_1664.jpg,মেয়েদের প্রোফাইল পিকচার বাস্তবে মেয়েরা যা ছেলেদের প্রোফাইল পিকচার ছেলেরা বাস্তবে যা,Hate,Gender,Community
meme_1665.jpg,"সব ধর্মই ঘোষণা দেয়, ""বাকি ধর্মগুলো ভুয়া"" আমরা তাদের সকলের সঙ্গে একমত",Hate,Religious,Community
meme_1666.jpg,বাসর ঘরে ঢুকে চিন্তায় পড়ে গেলাম কারন সবাই এবার জেনে যাবে আমি সেক্স করেছি,Non Hate,,
meme_1667.jpeg,আয় তোরে বলি দেওয়া দেখাই ,Hate,Religious,Community
meme_1668.jpeg,দীর্ঘ ৪০ বছর সিঙ্গেল থাকার পর যখন বিয়ে হয় সরকারি কাকু ২০ বছরের মেয়ে ,Hate,Gender,Community
meme_1669.jpeg,তোরা স্টুডেন্ট ক্রেডিট কার্ড দিয়ে লোনের জন্য আবেদন করেছিস তো না স্যার তার জন্য বাড়ির দলিল জমা দিতে হবে কয়লা চোরটার শেষে গরীবের জমির উপর নজর পড়লো,Hate,Political,Organization
meme_1670.jpeg,প্রোজেক্ট সুপারভাইজার যখন এমন কিছু বানিয়ে নিয়ে যেতে বলে যেটা পৃথিবীতে এক্সিস্ট করেনা এবং আপনি ও আপনার টিমমেট দশ মাস দশ দিন সময় নিয়ে প্রোজেক্ট শেষ করে ফেলেন,Non Hate,,
meme_1671.jpg,নিত্য প্রয়োজনীয় দ্রব্যমুল্যের উর্ধ্বগতি অথচ শুয়োরের বাচ্চাগুলো কত নিশ্চিন্তে ঘুমাচ্ছে,Hate,Political,Organization
meme_1672.jpeg,গরমের সময় কারেন্ট হারামজাদা ভ্যানিশ হইয়া গেসে,Non Hate,,
meme_1673.jpg,"অচেনা 'ঐক্য' বড়তলায়, থানার সামনে একসঙ্গে অবরোধে বিজেপি, সিপিএম, কংগ্রেস অবাধ ও শান্তিপূর্ণ ভোট হচ্ছে আর সিপেম, কংগ্রেস, বিজেপি জোট করে কুৎসা করছে... ওরে বোকাদাদা, ওটা অবাধ সন্ত্রাসপূর্ণ হবে...",Hate,Political,Organization
meme_1674.jpg,"আমরা জানতাম ওরা মামা-ভাগ্নি, এসেই দরজা বন্ধ করে দিত' অয়ন-স্বেতার সম্পর্ক লিয়ে মুখ খুললেন... শে তো আমাদেরও সবাই কাকু ভাইজি বলে জানতো",Hate,Political,Organization
meme_1675.jpg,"নিজেদেরকে টিব্যাগের মতো চোবানো বন্ধ করুন আপনাদের পাপমুক্তি ঘটছে না, কোনও ফ্লেভারও যোগও হচ্ছে না নদীতে",Hate,Religious,Community
meme_1676.jpg,একটা কথা বলি? কী বলবি বল ধর্ম যার যার উৎসব সবার তাহলে শরীর যার যার কিন্তু মাইরের অধিকার সবার,Hate,Religious,Community
meme_1677.jpeg,"বাবা-মা এর সঙ্গে ঠাকুর দেখতে বেরোলেই দুনিয়ার সব হট মেয়েদের দেখা যায়, বন্ধুদের সঙ্গে বেরোলে কোথায় যেন সব হাওয়া হয়ে যায়।",Non Hate,,
meme_1678.jpeg,আমি হুট করেই কোনো ভুল সিদ্ধান্ত নেই না রাত জেগে চিন্তা ভাবনা করে তারপর ভুল সিদ্ধান্ত নেই ,Non Hate,,
meme_1679.jpeg,স্কুলছাত্রীকে তুলে নিয়ে বিয়ে করলেন ৭৭ বছর বয়সী আওয়ামী লীগ নেতা ,Hate,Political,Organization
meme_1680.jpg,সুখের সন্ধান** যাহা চায়** আমার পরান** সুখ না পাওয়া** আমি **,Non Hate,,
meme_1681.jpeg,সেকেন্ড ইয়ার শেষে ক্যাপশনে ৫০% ইঞ্জিনিয়ার লিখে ছবি পোষ্ট করে যখন পরবর্তী পাঁচ বছরেও ইঞ্জিনিয়ারিং পাশ করতে পারেন না ,Non Hate,,
meme_1682.jpg,*যখন তোমার আম্মু তোমার বন্ধুর খাওয়া এক্সের সাথে তোমার বিয়ে দেয়*,Hate,Gender,Community
meme_1683.jpeg,"তো অবশেষে বিদেশেই যাচ্ছো, কোন দেশে শুনি রোমানিয়া রোমানিয়া কেনো? ঐইটা তো গরীব দেশ ঐখান থেকে ইতালিতে পলামু",Non Hate,,
meme_1684.jpg,ছাত্রলীগের দেশপ্রেম মূলক ১০টি কাজ,Hate,Political,Organization
meme_1685.jpg,চা খোরের যখন মাথা ব্যাথা করে...,Non Hate,,
meme_1686.jpg,"হ্যালো গাইচ, ইফতারির ছবি ষ্টোরিতে না দিলে কি রোজা হবে?",Non Hate,,
meme_1687.jpeg,"আমি চাইলে চুটকি মেরে তোকে উড়িয়ে দিতে পারি, এত যদি দম তো জয় শ্রী রাম বলে দেখা",Hate,Religious,Community
meme_1688.jpeg,রাতের ঘুম হারাম করে বন্ধুকে মুভ অন করার মোটিভেশন দেওয়ার পরদিনই যখন নতুন রিলেশনে চলে যায় চুদে চাটনি বেকার খাটুনি,Non Hate,,
meme_1689.jpg,বড়লোক* পিঁপড়া*,Hate,Gender,Community
meme_1690.jpeg,দেড় ঘন্টার রাস্তা মেট্রো রেল দিয়ে ১৫ মিনিটে চলে আসলাম টিকেট কাটতেই এক ঘন্টা লাগছে,Non Hate,,
meme_1691.jpg,শিক্ষক: তোমাদের মধ্যে ১৭ রোল কার ? নিয়ে যাওয়ার জন্য বাসা থেকে অভিভাবক এসেছে | লে নার্সারি শিক্ষার্থী:,Non Hate,,
meme_1692.jpg,কি এ ভাবে ফটো তুলার মানুষ আছে..... নাকি আমার মতন সন্ন্যাসী হয়ে আছো,Non Hate,,
meme_1693.jpeg,কিছু তো ব্যাপার ছিল বাঙালি মানুষের মধ্যে তারা ধর্ষন হতো খুন হতো পরিযায়ী শ্রমিক হতো চাকরি প্রার্থীরা পুলিশের কেলানি খেত তবু ও পিসির চটি চেটে সাফ করে ফেলতো,Hate,Political,Organization
meme_1694.jpg,"সবাইতো ভালবাসা চায় কেউ পায় কেউ বা না পায় তাতে, বাড়িওয়ালার কি আসে যায়...?",Non Hate,,
meme_1695.jpg,বাথরুমে এতক্ষণ কি করছ? বিয়ে-শাদি দাও না বাথরুমে তো সময় লাগবেই,Non Hate,,
meme_1696.jpg,ব্রাহ্মণ্যবাদীদের ঘৃণা করবেন না ওদের ভালোবাসুন,Hate,Religious,Community
meme_1697.jpeg,"ভাগ্যের পায়ে পরাব বেড়ি, কে আপন কে পর। বরযাত্রীদের খাবার দিতে দেরি, রাগে ছাদনাতলা ছাড়লেন বর",Non Hate,,
meme_1698.jpg,আল্লার দরবারে লাখ লাখ শুকরিয়া আল্লা মহান! আল্লা দয়ালু!! আমি আর কী কমু!!!,Hate,Religious,Community
meme_1699.jpg,*মেয়েরা ফেসবুকে অ্যাকাউন্ট খুলার আগে ফেসবুকে অ্যাকাউন্ট খুলার পরে,Hate,Gender,Community
meme_1700.jpg,ভালো থাকবেন সুস্থ থাকবেন আর হ্যাঁ... ভুলেও ক্রাশের সামনে মাস্ক ছাড়া যাবেন না যেন,Non Hate,,
meme_1701.jpg,গফ - তুমি আজ পর্যন্ত কখনো আমাকে চকোলেট খাওয়াও নি। পরের দিন বফ:,Hate,Gender,Community
meme_1702.jpg,আর কতো আন্দোলন এবারতো থামুন! তাইতো বলছি আর কতো এবার ক্ষমতা ছেড়ে নামুন!,Hate,Political,Organization
meme_1703.jpg,"প্রার্থনার চূড়ান্ত মুহূর্তে আপনের চেহারা দেখলে মনে হয়, কোষ্ঠকাঠিন্য আক্রান্ত অবস্থায় আপনে টয়লেটে বইসা রইসেন।",Hate,Religious,Community
meme_1704.jpg,ছোট ভাই নাচতাছে কারন দুপুরের খাবার পর তার দুই রোজা হয়ে গেছে,Non Hate,,
meme_1705.jpg,"সরকারি অনুষ্ঠানে আমাকে ডেকে এনে ""জয় শ্রী রাম"" স্লোগান তুলে আমাকে অপমান করা হয়েছে। আমি এর প্রতিবাদে কোনো বক্তৃতা দেবো না। ""আমরা সবাই অযোধ্যায় রাম মন্দির গড়তে টাকা দেবো""",Hate,Political,Organization
meme_1706.jpeg,এমন কালো জাদু করব আমার পোস্টে রিয়্যাক্ট না দিয়ে যেতে পারবে না,Non Hate,,
meme_1707.jpeg,আসসালামু আলাইকুম মাওলানা সাহেব ঐ ব্যাটা আমি মাওলানা সাহেব হমু ক্যান তোর ফেসবুক আইডি নাম তো আরবিতে লেখা তাই ভাবলাম খাইচ রে আইজী নাম চেইঞ্জ করা লাগবে ,Non Hate,,
meme_1708.jpg,বই মেলায় আমার লেখা বই পাওয়া যাচ্ছে !! কিনবেন সবাই । মরন হবে কত দিনে ??,Hate,Political,Organization
meme_1709.jpg,রমজানের পর আর তোমাকে মসজিদে দেখিনা যে,Hate,Religious,Community
meme_1710.jpg,সেই ঐতিহাসিক লুক যখন রাস্তা দিয়ে ডাবকা কোন বৌদি হেঁটে যায়,Hate,Gender,Community
meme_1711.jpg,"আব্বু, জিনিয়াস একজন ছেলে পেলে কেমন অনুভূতি হয়? আমিতো জানিনা তোমার দাদুকে বলো বশির আঙ্কেল আসলেই জিনিয়াস",Non Hate,,
meme_1712.jpg,১ অনিক আমাকে আর কতো খাবে? খেয়ে খেয়ে তো সব শেষ করে দিলে ২ আচ্ছা ভাবি আর খাচ্ছিনা! অনেক খাওয়া হয়ে গেছে,Hate,Gender,Community
meme_1713.jpg,আস্তিক নাস্তিক,Hate,Religious,Community
meme_1714.jpeg,দিদি অসাধারণ স্থানে,Hate,Political,Organization
meme_1715.jpg,যেভাবে ম্যাকবুকে পিসি গেমস খেলবেন,Non Hate,,
meme_1716.jpg,লাভ জিহাদ হিন্দু মেয়েরা সাবধান অরাজনৈতিক ধর্মীয় সেচ্ছাসেবক সংগঠন রাষ্ট্রীয় হিন্দু জাগৃতি মিশন,Hate,Religious,Community
meme_1717.jpeg,"যখন আমি ফুল ফর্মে থেকেও রাশিয়ায জয় করতে পারিনি, তখন এদের পক্ষে রাশিয়াতে বিশ্বজয় করার চান্স খুব কম",Non Hate,,
meme_1718.jpeg,তোমার রোরিং লাগছে আমি ন্যুড পাঠাবো তোমারটা অনেক দেখছি তোমার বান্ধবীদেরটা পাঠাও,Hate,Gender,Community
meme_1719.jpg,"চাঁদপুরে স্ত্রীকে কু-প্র*স্তা*ব দেয়ায় স্বামী তার বন্ধুকে আট খন্ডে বিভক্ত করেছে বন্ধু, আজ থেকে বন্ধুর বউ মানে, বন্ধুরই বউ",Non Hate,,
meme_1720.jpg,তাকে তিনবারেও শান্ত করতে না পারা আপনি* আপনার হর্ণি গফ*,Hate,Gender,Community
meme_1721.jpeg,"হে ভগবান হয় একটু বৃষ্টি দাও নাহলে দুটো উট দাও, কি কালারের উট নিবি?",Non Hate,,
meme_1722.jpg,ভারতে যদি আরও ৫ টন ইলিশ পাঠানো হত তাহলে মনে হয় বাংলাদেশের ইলিশ দাম কম হত,Hate,Political,Organization
meme_1723.jpeg,মজা করে গে বলা বন্ধু যখন আসলেই আমার স্পর্শকাতর জায়গায় ছোয়ার চেষ্টা করে তখন তুই তাইলে আসলেই গে,Hate,Gender,Community
meme_1724.jpeg,রমজানের পর আর তোমাকে মসজিদে দেখি না যে ,Non Hate,,
meme_1725.jpeg,বারোভাতারীর ভবিষ্যত,Hate,Gender,Community
meme_1726.jpeg,সূর্য কোনোদিনও বাবা হতে পারবে না  সূর্য তো রাত্রে বেলা ওঠে না ,Hate,Gender,Community
meme_1727.jpeg,সস্ত্রীক কোটি কোটির সম্পত্তি দুই সংস্থায় বিনিয়োগও কেয়েক কোটির জানালেন ফিরহাদ হাকিম এতে অর্থ রোজগার করলেন কি করে আমি খুব পরিশ্রমী ব্যক্তি দিনরাত ঘাম ঝরিয়ে রোজগার করেছি,Non Hate,,
meme_1728.jpeg,ক্রিসমাসের কি পরিকল্পনা? পার্ক স্ট্রিটে যাবো। তাই নাকি আর কি করবে? ভালো রেস্টুরেন্টে অভিযাত্যপূর্ণ ডিনার। ওগুলো তো স্ট্যাটাস আপডেট দেবে। আসলে কি করবে? বন্ধুর ফ্ল্যাটের ছাদে ওল্ড মঙ্ক এবং চানাচুর খাবো।,Non Hate,,
meme_1729.jpg,সেহেরির সময় হয়েছে আপনারা সবাই ঘুম থেকে উঠুউউউউউন,Non Hate,,
meme_1730.jpg,তুমি কি ভার্জিন ? চোখে পোকা ছাড়া আজ পর্যন্ত কিছু ঢোকেনি ।,Hate,Gender,Community
meme_1731.jpeg,বঙ্গবাসীর কাছে ২০১১ এর পর থেকে প্রতিদিনই এপ্রিল ফুল,Non Hate,,
meme_1732.jpeg,"আমি চাইলে এক মিনিটেই মুখ্যমন্ত্রী হতে পারি,  কিন্তু আমার কোনো ইচ্ছে নেই। আমিও চাইলে এক মিনিটেই অস্কার পেতে পারি, কিন্তু আমার কোনো ইচ্ছা নেই।",Non Hate,,
meme_1733.jpg,যখন টানা ৩ ঘন্টা পাবজি খেলে মোবাইলকে ৫ মিনিটের জন্য রেস্ট দেই মোবাইল: আপানার আর দরদ দেখাতে হবেনা... বেইমান এর বেইমান,Non Hate,,
meme_1734.jpeg,দুই শিশুর উপর দাড়িয়ে আছেন আমজাদ। মূর্ছা গেছে শিশুরা।,Hate,Religious,Community
meme_1735.jpeg,কষ্ট তো তখনই লাগে যখন কাজ শেষে সারাদিন পর বাসায় ফিরে দেখি কারেন্ট নাই কলে পানি ও নাই,Non Hate,,
meme_1736.jpg,কিরে কাঁদছিস কেনো কি হলো তোর !! জনি দাদার ভিডিও দেখছিলাম দাদাবাবু ধরে ফেলেছে তারপর কি হলো? তারপর আমাকে জনি দাদার মত খুব মারলো তাই কাঁদছি,Hate,Gender,Community
meme_1737.jpeg,কি মেয়ে মাথা নষ্ট লাগা যাদু ,Non Hate,,
meme_1738.jpg,গোবর গোবর সবজায়গায়,Non Hate,,
meme_1739.jpg,আপার প্রাইমারির প্যানেলের জন্য অপেক্ষারত চাকরিপ্রার্থী,Hate,Political,Organization
meme_1740.jpg,বিভিন্ন রং এর কিছু ঘোড়া,Non Hate,,
meme_1741.jpg,ধূমপান করলে হৃৎপিন্ড ফুসফুস কিডনি র রোগ এবং ক্যানসার হয় ধূমপান করলে যৌন ক্ষযতা কমে যায়,Non Hate,,
meme_1742.jpg,যখন আম্মু মাইর দেওয়ার পরে বলে কান্না করলে আবার মাইর খাবি ৫ বছর বয়সী আমি:,Non Hate,,
meme_1743.jpg,সারাদিন ইসলামি পোস্ট করা ফ্রেন্ডকে যখন ১৪ ফেব্রুয়ারিতে জিএফ / বিএফ নিয়ে পার্কে লুতুপুতু করতে দেখি কনফার্ম জান্নাতি,Hate,Religious,Community
meme_1744.jpeg,দুই হাতে সংসারের কাজ করতে করতে আমার হাতগুলোই ছোটো হয়ে গেছে। কেমন করে বুঝতে পারলা? মেপে রেখেছিলা নাকি? আগে আমি যখন ব্যায়াম করতাম তখন আমার হাত পায়ের আঙ্গুল পর্যন্ত পৌঁছাত। কিন্তু বিয়ের পর এখন শুধু হাঁটু পর্যন্ত পৌঁছায়,Hate,Gender,Community
meme_1745.jpg,পিসি- সবাই মিলেমিশে ভাগ করে খাও একা খাবো সেটা হবে না আমি খেতে তো মানা করছি না। *তিনু নেতা,Hate,Political,Organization
meme_1746.jpg,"বিশ্বব্রহ্মাণ্ড সৃষ্টি করেছে আপনার আল্যা এটুকু বললেই চলবে না, বরং বলুন, কীভাবে সে সৃষ্টি করেছে সবকিছু। সবিস্তারে। তথ্যপ্রমাণসহ।",Hate,Religious,Community
meme_1747.jpeg,কানাডার ভিসা লাগে নি তাই এখনে কিছু বিক্রি করব না,Non Hate,,
meme_1748.jpeg,৬ দিনের এক কন্যাসন্তানকে দত্তক নিয়েছেন চিত্রনয়িকা পরীমণি,Non Hate,,
meme_1749.jpg,আমার শরীর আমার অধিকার। আমি যেটা ইচ্ছে সেটা পরবো যদি নগ্নতাকে সভ্য ধরা হয় | তবে বন্য পশুরা সবচেয়ে বেশী সভ্য,Hate,Gender,Community
meme_1750.jpg,নে খামকি এক গ্লাস পানি খেয়ে নে ক্লান্ত হয়ে গেছিস তো বফ পাল্টাতে পাল্টাতে,Hate,Gender,Community
meme_1751.jpg,যখন আমরা গালফ্রেন্ডের মুখে ললিপপ চুষতে দেই,Hate,Gender,Community
meme_1752.jpg,পড়া মুখস্ত করতে ৩০মিনিট লাগলেও সেটা ভুলতে ৩ সেকেণ্ড ই যথেষ্ট!,Non Hate,,
meme_1753.jpeg,"যেসব মেয়েরা বলে, আমার পেছনে দিন রাত ছেলেরা পড়ে থাকে। মামনি থাম, ধর্মতলার ফুটপাথে সস্তায় জিনিস পাওয়া যায় বলেই সারাক্ষণ ভিড় লেগে থাকে।",Hate,Gender,Community
meme_1754.jpeg,দেবাংশু নামের বদলে আপনার পাড়ার লোকেরাই যখন আপনাকে ছাপ্পাংশু বলে ডাকে   ,Hate,Political,Organization
meme_1755.jpg,রাতে গরুর গোস্ত দিয়ে ভাত সকালের গরুর গোস্ত দিয়ে নাস্তা আমি* দুপুরের গরুর গোস্ত দিয়ে ভাত,Non Hate,,
meme_1756.jpg,আলাহর কাছে শুকরিয়া আদায় করছি কারণ এত মাত্রার ভূমিকম্প হওয়ার পরও বেচে আছি,Non Hate,,
meme_1757.jpeg,তালিবানদের হাতে বন্দুক তলোয়ার এবং কামান থাকলেও ওরা করোনাবিধি মেনে মুখে মাস্ক পরে হামলা করেছিল তালিবানদের নোবেল শান্তি পুরস্কার দেওয়ার দাবি জানাচ্ছি আমার পক্ষ থেকে সরকারী চাকরির অফার রইল,Hate,Political,Organization
meme_1758.jpg,ছেলেরা আমার জন্য পাগল সবাই আমার পিছনে পিছনে ঘুরে! কারণ বাজারে সস্তা পণ্যের চাহিদা বেশি!,Hate,Gender,Community
meme_1759.jpg,বন্ধু তোর ভাবীরে কল দিয়ে বল আমি বাইক এক্সিডেন্ট করে হসপিটালে আছি,Non Hate,,
meme_1760.jpeg,জনগণের কোনো ধর্ম হয় না যতক্ষণ মক্কা মদিনায় বোমা ব্লাস্ট হচ্ছে মসজিদ ভাঙ্গা হচ্ছে আমরা বিশ্বাস করতে পারবো না মশাই,Hate,Religious,Community
meme_1761.jpeg,যখন এই এলাকা থেকে চেয়ারম্যান একটা মাত্র ভোট পায় ,Hate,Political,Organization
meme_1762.jpg,শার্ট ছোট হলে বাড়ে টেনশন স্কার্ট ছোট হলে বাড়়ে অ্যাটেনশন!,Hate,Gender,Community
meme_1763.jpg,হিংস্র বাঘ সেক্সি বাঘিনী,Hate,Gender,Community
meme_1764.jpeg,"এক পটিতা অরেক পটিতার পাশে দাড়াইয়ে, দুজনেই চামড়া ব্যবসা করে জীবিকা নির্ভয় করে। পরিমাণিকে সত্তা ও সাহসী মেয়ে বলে পাশে দাড়লেন তসলিমা নাসরিন।",Hate,Gender,Community
meme_1765.jpg,*আম্মু আর কয়টা সেমিস্টার লাগবে ভার্সিটি পাশ করতে *আমি মনে করো সংখ্যাটি,Non Hate,,
meme_1766.jpg,দোকানে আবির আর নীল রং ছিল । নীল রং কিনেছি হলি খেলব বলে ! কিন্তু হলি খেলার জন্য তো সবাই আগে আবিরই কেনে ! সবাই আবির কেনে না লক্ষন,Non Hate,,
meme_1767.jpeg,বাবু আমি অনেক শুকিয়ে গেছি বুঝা যাচ্ছে না কাপড় খুলে পিক দাও,Hate,Gender,Community
meme_1768.jpeg,আমি জিলাপি বাদে সবই বানাতে পারবো জিলাপির প্যাচ দিতে পারি না জিলাপি লাগবে না তুমিই তো আমার জিলাপি তোমার মধ্যে যেই প্যাচ জিলাপিও হার মানবে ,Hate,Gender,Community
meme_1769.jpg,"তুই একা না ভাই, পরিক্ষার হলে গেলে আমরোও তারিখ ভুলে যাই",Non Hate,,
meme_1770.jpg,বিজেপি মুখপাত্র তাজিন্দর পাল বাগা:- যারা হিটলারের মতো আচরণ করবে; তাদের মৃত্যুও হিটলারের মতো হবে হিটলারকে আদর্শ হিসেবে মেনে চলা আরএসএস:-,Hate,Political,Organization
meme_1771.jpg,রায়হান ভাইকে নিয়ে পোস্ট দিয়ে নিউজফিড ভরিয়ে ফেলা লোকজনঃ এই রায়হান ভাইকে না জানা আমিঃ,Non Hate,,
meme_1772.jpg,সেই বিব্রতকর মুহূর্ত : যখন ফেসবুক চালানোর সময় পিছন থেকে কেউ উকি দিয়ে দেখে...,Non Hate,,
meme_1773.jpeg,আরবি বাঙালিদের ভাই ফোটা ভাই ভাই ফোটা ভাই ফোটার উপহার,Hate,Religious,Community
meme_1774.jpeg,আমার রিক্সা কিনা হয়ে গেছে এবার তোমার ফেইল করার পালা,Non Hate,,
meme_1775.jpg,ইছলামের পাঁচ স্তম্ভ জিহাদ ঘৃণা হত্যা বৈষম্য প্রতিশোধ,Hate,Religious,Community
meme_1776.jpg,যখন কেউ কাল্পনিক চরিত্রদের নিয়ে মজা করে যখন সাধারণ মানুষের জীবন নিয়ে মজা করে,Hate,Political,Organization
meme_1777.jpg,বর্ষসেরা সৎ লোকেদের সভাঘর তৃণমূল ভবন তিনু ভবন,Hate,Political,Organization
meme_1778.jpeg,আজ পাকিস্তানের স্বাধীনতা দিবস আর আজই  কণ্যাশ্রী দিবস তাই তো ভাবি এত টান কেন ,Hate,Political,Organization
meme_1779.jpeg,"আমরা দুধের সাইজ জিজ্ঞেস করলেই দোষ, ডর্জি তো খাতায় লিখে রাখে।",Hate,Gender,Community
meme_1780.jpeg,"গীতা পাঠের থেকে ফুটবল খেলা ভালো, কারণ গীতা পাঠ করে কেউ কোনোদিন বড়লোক হয়নি.. কিন্তু ফুটবল খেলে অনেকেই বড়লোক হয়েছে। যেমন মেসি, রোনালদো এবং আরও অনেকে।",Hate,Religious,Community
meme_1781.jpg,বন্ধু অর্ধেক বিড়ি খেয়ে বাকি অর্ধেক যখন আমাকে দেয় পড়ে যখন যানতে পারি ওর করনা আছে,Non Hate,,
meme_1782.jpeg,তুমি বিয়ের আগে কেনো বলোনি রানী নামের আর একটা বৌ আছে তোমার বলেছিলাম তো রানীর মতো রাখবো ,Non Hate,,
meme_1783.jpg,ভ্যাক্সিন? না ভাই; আয়ুর্বেদ এর নাম করে চুতিয়া বানাতে হলে বলিস,Hate,Religious,Community
meme_1784.jpg,১ কিরে রিফাত কী অবস্থা ২ ভালো তুই কেমন ৩ আরে ঐটাতো রিফাত একটু মাইরা আসি ১ কোন কুমতার বাচ্চারে ২ ভাই আপনি কে ৩ আমি কিছু দেখি নাই,Non Hate,,
meme_1785.jpeg,কম্বলের ভিতর লুকিয়ে থাকা আমি ! মশারির ভিতর সারা রাত আমাকে খুঁজতে থাকা দুষ্টু মশা ,Non Hate,,
meme_1786.jpg,দুই চোখে বর্ণ দেখতে না পাওয়া ব্যক্তিদের বর্ণান্ধ বলে ধর্মকে দুই চোখে দেখতে না পারা ব্যক্তিরা এই তথ্য জানার পর:,Hate,Religious,Community
meme_1787.jpg,আমার পরীক্ষার খাতা,Non Hate,,
meme_1788.jpeg,তৃণমূলকে জানোয়ারের দল কটাক্ষ অভিজিতের অভিজিত স্যার মানলাম আপনি ভগবান তুল্য লোক তাই বলে জানোয়ারদেরকে তৃণমূল বলে তাদের অপমান করবেন না,Hate,Political,Organization
meme_1789.jpeg,বাঙ্কবাবুরা ঠগ জোচ্চোরদের লোন না দিয়ে আমাদের দিন। শোধ করতে না পারলে গলায় দড়ি দিয়ে প্রায়শ্চিত্ত করে যাব। কিন্তু টাকা মেরে পালিয়ে যাব না। গরিব তো তাই আত্মসম্মানটা টনটনে।,Non Hate,,
meme_1790.jpg,রোনালদোকে সতর্ক করল পুলিশ বাংলাদেশি পুলিশ: আওয়ামী লীগের চামচামি কইরাই কুল পাইনা! আবার সতর্ক করবো কারে!,Hate,Political,Organization
meme_1791.jpeg,ফেরাউনের ভূমিকা পালন করছে হাসিনা,Hate,Religious,Community
meme_1792.jpeg,পুরো ছাল ছাড়ানো মুরগির মতো ফিগার বানিয়েছিস তো.. থ্যাংকস বাবাইদা।,Non Hate,,
meme_1793.jpg,আগে এখন,Hate,Gender,Community
meme_1794.jpeg,"যখন মেয়েরা দেখতে পাই তার মতো একই ড্রেস পরে এবং একটা মেয়ে এসেছে এবং তাকে এই ড্রেসে বেশি রোগআ লাগছে, ঢং দেখে মরে যাই",Hate,Gender,Community
meme_1795.jpeg,রাইসির মৃত্যুতে আলহামদুলিল্লাহ নাকি ইন্নালিল্লাহ পড়বো,Hate,Religious,Community
meme_1796.jpeg,বিয়ে করার পর একটি কুসুম আহ্লাদে আটখানা বিয়ে করার পর অন্য কুসুম আল্লাহ দে আটখানা,Hate,Religious,Community
meme_1797.jpg,সারা বছর থাকে ল্যেংটা রমজান মাসে আইসা দেয় ঘোমটা,Hate,Gender,Community
meme_1798.jpeg,আমারে দেখতে কি নুনুর মতো কেন ওস্তাদ এইয়ে বাস একটু থামাইলেই যাত্রীরা আমারে কয় বাড়া বাড়া,Non Hate,,
meme_1799.jpg,ভিডিও কলে এসে যখন তোমার বন্ধুরা তোমাকে দেখিয়ে দেখিয়ে খাবার খায়,Non Hate,,
meme_1800.jpg,"""অল্প শিক্ষিত হলে হবেন আস্তিক | আর উচ্চ শিক্ষিত হলে হবেন নাস্তিক।"" (আসিফ মহিউদ্দীন)",Hate,Religious,Community
meme_1801.jpg,বের হলেই চাকরি বেতন ১২ হাজার টাকা,Non Hate,,
meme_1802.jpg,"ছিদ্র ছোট তো তাই ঢুকতেছে না ! তেল দিয়ে দিবো ! দেও তোমার ইচ্ছা ! এবার ঢুকছে ! হুম পুরাটা ঢুকছে বাল, মানুষ এতো ছোট আংটি কিনে !",Hate,Gender,Community
meme_1803.jpg,"যদি একটি মেয়েকে বিয়ে করেন, তাহলে সে আপনার সাথে ঝগড়া করবে! তার কাছে আপনার কদর থাকবে না! যদি দুইটি মেয়েকে বিয়ে করেন তাহলে তারা একে অপরের সাথে ঝগড়া করবে! আপনার কদর বাড়বে!",Hate,Gender,Community
meme_1804.jpg,"নাস্তিকতার কর্মপদ্ধতি পতিতা, অবাধ যৌনচার অন্ধ নাস্তিক নাস্তিকতা ইহুদি,,খৃষ্টান,, চিটার,, বাটপার",Hate,Religious,Community
meme_1805.jpeg,তোদের ধর্মে মেয়েরা বোরকা পরে কেন মেয়েরা রসগোল্লার মতো নরম এবং সুস্বাদু তাই ঢাকা দিয়ে না রাখলে মাছি বসে নষ্ট করে দিবে,Hate,Religious,Community
meme_1806.jpeg,টাকা পয়সা হাতের ময়লা তাই হাতে আসা মাত্রই খরচ করে হাত পরিষ্কার করে ফেলা আমি ,Non Hate,,
meme_1807.jpeg,ওইদিন লিটন কে ট্রল কে করছিল আমি না তুই,Non Hate,,
meme_1808.jpeg,"এই হলো ঠাকুর, এই হলো প্যান্ডেল, আর এই হলো আকাশের অবস্থা। কিউট না?",Non Hate,,
meme_1809.jpeg,ইমিডিয়েট সিনিয়র যখন ইমিডিয়েট জুনিয়়রকে পিচ্চি বলে ডাকে,Non Hate,,
meme_1810.jpeg,একটা কথা সব সময় মনে রাখবে পড়াশোনা করে যে মাথা নাড়া করে সে ,Non Hate,,
meme_1811.jpg,"পিসি হুমকি দিয়ে; ধমকি দিয়ে, ঢপ দিয়ে দুর্নীতি ঢাকার হাজার চেষ্টা করার পরেও *দুর্নীতি",Hate,Political,Organization
meme_1812.jpg,পড়ালেখা করিনি তাই গাড়ি ও ঘোড়ায় চড়তে পারছি না,Non Hate,,
meme_1813.jpg,"বিধানসভায় বিজেপি বিধায়কদের নিয়ে মুখ্যমন্ত্রীর ঘরে শুভেন্দু... ঘরে ঢুকেই মমতার পায়ে হাত শুভেন্দুর, অশোক লাহিড়ীকে মন্ত্রিত্বের প্রস্তাব দিলেন মুখ্যমন্ত্রী: সূত্র দেখতে পাচ্ছ বিনোদ... পঞ্চায়েত ভোটে খেলার নকশা কিভাবে তৈরী হচ্ছে",Hate,Political,Organization
meme_1814.jpeg,পড়াশোনা  করো ছোটভাই,Non Hate,,
meme_1815.jpg,প্রাইভেট না পড়ায় পিটিয়ে ছাত্রীর হাত ভাঙলেন শিক্ষক! প্রাইভেট না পড়া ছাত্রীগণঃ একি বিপদে পড়লাম!,Non Hate,,
meme_1816.jpeg,২৯ ফেব্রুয়ারি ৪বছর পর জন্মদিন আর বিবাহ বার্ষিকী পাওয়া লোকজন ,Non Hate,,
meme_1817.png,"আজ আমার এক বান্ধবী আসছে, রাতে থাকবে, তুমি আজ ডাইনিং রুমে শোবে। ঠিক আছে, কিন্ত একটা শর্ত!! আমার বান্ধবী আসলে তুমিও ডাইনিং রুমে শোবে, কেমন?",Non Hate,,
meme_1818.jpg,"পূজো মানেই শব্দদূষণ, প্রতিকার আছে কি ?",Hate,Religious,Community
meme_1819.jpg,জেলের মধ্যে আহত পার্থ; মুখে-বুকে চোট 'আঙ্কেল'-কে একবার দেখতে যেতে দাও,Hate,Political,Organization
meme_1820.jpeg,"সৎ সঙ্গ সর্গবাস, বারভাতারি নারীর সঙ্গে জীবনটাই বাঁশ।",Hate,Gender,Community
meme_1821.jpg,গরুর পুষ্টিকর দুধ পাথরের মূর্তির ওপরে ঢেলে অপচয় করে গরুর বর্জ্য পান করে স্বর্গীয় তৃপ্তি লাভ করে ধর্ম মানেই তুলনাহীন মস্তিষ্কবিকৃতি,Hate,Religious,Community
meme_1822.jpeg,ক্ষমা করে দিও আমাকে NNN চ্যালেঞ্জ দেওয়ার পরেও বন্ধুর দেওয়া লিংকে প্রবেশ করে নিজের ধরে রাখতে পারিনি,Non Hate,,
meme_1823.jpg,আয়মান সাদিক ব্যয়মান সাদিক পরমমান সাদিক শতকরামন সাদিক,Non Hate,,
meme_1824.jpg,গরম কালে আমরা শীত কালে আমরা,Non Hate,,
meme_1825.jpeg,একদিন একটি দাড়কাকের ইচ্ছা হয়েছিল পুচ্ছ লাগানো জন্য ময়ূর হওয়ার।,Hate,Political,Organization
meme_1826.jpeg,যখন ব্রাজিলের জয়়ের কারণে পরেরদিন সারাদেশে সরকারিভাবে ছুটি ঘোষণা করা হয় সবাই মিষ্টি খাওরে ,Non Hate,,
meme_1827.jpeg,"মোরা একই বৃন্তে দুটি কুসুম, হিন্দু মুসলমান।",Hate,Religious,Community
meme_1828.jpg,ফাক গার্ল চেনার উপায় চুল ছোট থাকে,Hate,Gender,Community
meme_1829.jpg,"মশাই এটা কি ছিলো?! ৬০,০০০ এর সাইড এফেক্ট",Hate,Political,Organization
meme_1830.jpg,বাইরে রোমান্টিক বৃষ্টি হচ্ছে জান বুঝচ্ছি আজকে খবর আছে,Hate,Gender,Community
meme_1831.jpg,আম্মু আমার কালো শার্ট টা পাইতাছিনা যদি আইসা আমি পাই তাইলে তর খবর আছে কিরে আমিও দেখি পাইতাছি না ফাইনালি ইনার পিস,Non Hate,,
meme_1832.jpeg,আপনার বাসায় কি আপনার সম্মান আছে ,Non Hate,,
meme_1833.jpg,"চিন্তার মুক্তির আন্দোলন কানিজ আমার যৌনসাথী| সে যখন চাবে, যার সাথে চাবে তার সাথেই সম্মতিতে যৌনকর্ম করতে পারবে | এমনকি মুক্তচিন্তায় নিজের ছেলের সাথেও কারণ আমাদের নাস্তিক্যধর্মে এসব বৈধ |",Hate,Religious,Community
meme_1834.jpeg,লোকটা শাটারের তালা খুলতে পারছিলো না আমি হেল্প করলাম দুপুরের নিউজে দেখি স্বর্ণের দোকানে চুরি সিসিটিভি ফুটেজে আমি তালা খুলতেছি ,Non Hate,,
meme_1835.jpg,যখন আপনি একটা সিগারেট ধরান আর ঠিক সেই সময় পরিচিত কেউ আসার কারনে ফেলে দিতে হয়,Non Hate,,
meme_1836.jpg,এই দুনিয়াতে এত প্রানী বিলীন হয় মশাডি বিলীন হয় না ক্যারে ?,Non Hate,,
meme_1837.jpeg,এইচএসসি খারাপ হওয়ায় যখন বাসা থেকে তোমাকে রিকশা কিনে দেয় এবং শুনতে পাও তোমার গফও ফেল মারসে ,Non Hate,,
meme_1838.jpg,ইছলাম মানে ইহকালে কোপাকুপি পরকালে পোকাপুকি,Hate,Religious,Community
meme_1839.jpeg,গরমে সব ভুলে গেছি শুধু মনে আছে মেয়ে ছেলে সব পারে শুধু রিক্সা ঠিক করতে পারে না ,Hate,Gender,Community
meme_1840.jpg,গ্রুপ স্টাডি কখন যে আড্ডায় পরিণত হবে ধরতে পারবেন না,Non Hate,,
meme_1841.jpg,"পুলিশের সঙ্গে ধস্তাধস্তি, উত্তেজনা, চাকরিপ্রার্থীদের বিক্ষোভ উত্তাল করুণাময়ী কী কিউট না!",Hate,Political,Organization
meme_1842.jpg,অখণ্ড ভারতবর্ষের প্রথম নিষিদ্ধ বই রঙ্গিলা রসুল পণ্ডিত চমূপতি এম. এ কেডায় কয় আমার ভিতরে মধু নাই ! ভাষান্তর জুপিটার জয়প্রকাশ,Hate,Religious,Community
meme_1843.jpg,যখন কোনো মেয়ে ভালো বিরিয়ানি রান্না করতে পারে... আম্মু এই যে ওকে আমার লাগবে,Non Hate,,
meme_1844.jpeg,"ও পিসি রে, পিসি রে, তুই অপরাধী রে, সব ক্ষমা করে দেবো প্লিস, একটা চাকরি দে।",Hate,Political,Organization
meme_1845.jpg,ইতিমধ্যেই মালিকের হাতে শোষিত হতে থাকা ভারত রাষ্ট্রের শ্রমিকরা ফ্যাসিবাদী বিজেপি সরকার নতুন শ্রম বিল,Hate,Political,Organization
meme_1846.jpeg,গাছ লাগান পরিবেশ বাঁচান বললেই লোকে গাছ লাগাবে না একবার শুধু মাতালদের কাছে রটিয়ে দিন গাছ লাগালে শুকনা ফ্রি দেখবেন দুদিনে পৃথিবী জঙ্গল হয়ে গিয়েছে,Non Hate,,
meme_1847.jpg,দীর্ঘ ৪০ বছর সিঙ্গেল থাকার পর যখন বিয়ে হয় সরকারি কাকু ২০ বছরের মেয়ে,Hate,Gender,Community
meme_1848.jpg,পুরুষ মহিলা ১২ ভাতারি,Hate,Gender,Community
meme_1849.jpeg,সকালবেলা ঘুম থেকে উঠার পর ছেলেদের বান্টু ,Non Hate,,
meme_1850.jpg,লোকটা শুধু নবান্নে জানতে গিয়েছিল.. ডিলিট পেতে গেলে দু ফসলী নাকি তিন ফসলী জমি দিতে হবে বিশ্ববিদ্যালয়কে?,Hate,Political,Organization
meme_1851.jpg,"নাস্তিক ভাইলোগ, শুনেন, যদ্দিন পর্যন্ত আপনেরা আচোদা টাইপ টুপি পরা শুরু না করবেন, তদ্দিন পর্যন্ত আপনেরা মাইনষের শ্রদ্ধা পাইবেন না",Hate,Religious,Community
meme_1852.jpg,"তোদের আর কত বার বোঝাতে হবে ছেলে-মেয়ে একযোগেতে করলে পড়াশুনা, পড়ার সাথে বাড়ে প্রায়ই কামের উপাসনা ।",Hate,Gender,Community
meme_1853.jpg,আমার রুম আমি যেভাবে দেখি! আমার আম্মু যেভাবে দেখে!আমার বন্ধুরা যেভাবে দেখে!,Non Hate,,
meme_1854.jpg,সৌরভ গাঙ্গূলির বিরুদ্ধে অন্যায় হয়েছে আর আমাদের সাথে ন্যায় হয়েছে!?,Hate,Political,Organization
meme_1855.jpg,"আম্মুঃ তোর বয়সের সবাই টিউশনি করায়া টাকা কামায় আর তুই এখনো বাপের উপরে চলস , লজ্জা করেনা ? আমিঃ লজ্জা ? হেইডাতেও প্রিজারভেটিভ দেওয়া আছে",Non Hate,,
meme_1856.jpg,যখন তুমি পরীক্ষা আর বিছানা দু জায়গাতেই এ থাকতে চাও,Hate,Gender,Community
meme_1857.jpeg,এরকম একটা মেয়ে যদি আমার বেটার বউ হতো নাউযুবিল্লাহ ,Hate,Gender,Community
meme_1858.jpeg,তোমার চাটা দারুন হয় আর তোমার টাও ,Hate,Gender,Community
meme_1859.jpeg,মোদিজির বায়োপিকে ভিলেনের ভূমিকায় যাকে খুব ভালো মানাবে,Non Hate,,
meme_1860.jpg,"বোরকা পড়েছ কেন! নিশ্চয়ই দেখতে কুৎসিত কারন, আমি বোরকা না পড়লে তোমার নিজেকে কুৎসিত মনে হবে",Hate,Religious,Community
meme_1861.jpg,যখন কেউ বলে তোমার ভূড়ি বেড়ে গেছে...,Non Hate,,
meme_1862.jpg,সুষ্ঠু ভোটে ছাত্রলীগের অবদান বোঝাতে থাকা কর্মী নির্বাচনের আগে সামান্য পাদ মেরে জেলে যাওয়া বিএনপি নেতা,Hate,Political,Organization
meme_1863.jpg,"পুত্র সন্তান প্রত্যাশী দম্পতিদের জন্য সুখবর ! যৌনসঙ্গমের সময় বলতে হবে 'ইনশাল্যা', তাহলেই পুত্রসন্তান জন্ম নেবে। খোদ নবীজির বাতলানো তরিকা ! (বুখারি, খণ্ড ৪, বই ৫২, হাদিস ৭৪)",Hate,Religious,Community
meme_1864.jpg,চকোলেট বিক্রি করার পর প্রতিটা দোকানের মালিক এর অবস্থা,Non Hate,,
meme_1865.jpg,আলোচনাসভায় নেতাজী-কন্যা 'বাবা আরএসএস-র সঙ্গে এক পাও হাঁটতেন না',Hate,Political,Organization
meme_1866.jpg,চাকরি চলো চা'করি,Hate,Political,Organization
meme_1867.jpeg,টিভিতে গ্রিন টি খাইয়া যে ভাব বাস্তবে যেমন টেস্ট ,Non Hate,,
meme_1868.jpg,কোন ক্ষেত্রে তৃণমূল দূর্নীতি করেনি? শিক্ষা চাকরি স্বাস্থ সরকারি প্রকল্প,Hate,Political,Organization
meme_1869.jpeg,রমজান মাসে যখন গালি দিতে না চেয়েও বন্ধুদের জন্য গালি দিয়ে দিতে হয় ওরা আমাকে ভালো হতে দিলো না,Non Hate,,
meme_1870.jpeg,বেবি কথা শুনো মমতা আমার শুধু ফ্রেন্ড,Hate,Gender,Community
meme_1871.jpg,মেয়েদের কাছে সবচেয়ে প্রধান হচ্ছে তাদের স্বকীয়তা।,Hate,Religious,Community
meme_1872.jpeg,পাওনা টাকা ফেরত দেন ভাই অনেক অভাবে আছি ,Non Hate,,
meme_1873.jpg,আরেকটি উপাসনালয় নির্মাণে মুক্তহস্তে দান করুন এটাতে সোনা রাখার জায়গা আর নেই,Hate,Religious,Community
meme_1874.jpg,যখন আমি বুঝতে পারি ছোটবেলায় ৩ বেলা খেয়ে ৩ টা রোজা রাখাটা ছিল আম্মুর সাজানো নাটক,Non Hate,,
meme_1875.jpeg,শুধু কালীপূজোর দিন বুড়িমার বাজি কিন্তু সারা বছর পিসিমার বাজি,Hate,Political,Organization
meme_1876.png,আপনার স্বামীর বিশ্রামের প্রয়োজন এই নিন কিছু ঘুমের ঔষধ এগুলা উনাকে কখন খাওয়াবো?? আরে নাহ!! এগুলা আপনার জন্য,Hate,Gender,Community
meme_1877.jpg,যখন মনে হয় স্যার আমাকে বলসে ক্লাস থেকে বের হয়ে যা কিন্তু যখন জানি স্যার আমার পিছনের জনকে বলসে,Non Hate,,
meme_1878.jpg,হ্যা বাবা মার মার এইভাবে কামড় মারতে হয় !,Non Hate,,
meme_1879.jpg,সারাবছর শবেবরাতের রাতে,Hate,Religious,Community
meme_1880.jpg,ঈদের অনেক শপিং করেছেন দেখি হ্যা ভাই চাকরির প্রথম বেতন পাইছি তো তাই বাবা; মা; ভাই বোন সবার জন্য কাপড় কিনছি মাশআল্লাই...,Non Hate,,
meme_1881.png,"এই ছেলে তোমরা কই ভাই-বোন? আমরা ২ ভাই, আমি আর আমার বড় ভাই কি করে তোমার বড় ভাই? জার্মানি করে! জব এর কথা জিজ্ঞেস করছি, ফুটবল টিম না!",Non Hate,,
meme_1882.jpg,"হ্যালো মা, ভুলে মানিব্যাগটা বাসায় রেখে আসছি আমার বালিশের নিচে তোমার কাছে একটু সেইফ কইরা রাখো",Non Hate,,
meme_1883.jpeg,যখন গার্লফ্রেন্ডকে শিক্ষা দেয়ার জন্য সাময়িক ব্রেকআপ করেন আর এই সুযোগে তার বেস্ট ফ্রেন্ড তাকে প্রোপোজ করে একটি চোর আমার মুরগী লইয়া গেছে ,Non Hate,,
meme_1884.jpeg,কাঁটার উপর কিভাবে দোষ দিই পা তো আমিই রেখেছিলাম,Non Hate,,
meme_1885.jpg,"যখন মুরুব্বিদেরকে কোনো রাজনৈতিক বিষয়ে কথা বলে হারিয়ে দেই, মুরুব্বীগণ -",Non Hate,,
meme_1886.jpeg,যখন দূর্ভাগ্যবশত সামনের ক্যামেরা খুলে যায় ,Non Hate,,
meme_1887.jpeg,পাকিস্তান সাপোর্ট করলে রাজাকার ইন্ডিয়া সাপোর্ট করলে দালাল ,Hate,Political,Organization
meme_1888.jpg,আমি গতকাল মেয়েটিকে বললাম বাসায় পৌছে কল দিতে মেয়েটার মনে হয় বাসা নাই,Non Hate,,
meme_1889.jpeg,এই শীতে স্নান যারা করবে না তাদের বডি স্প্রে দেওয়া হবে,Non Hate,,
meme_1890.jpeg,না আসে কল না আসে ম্যাসেজ বুঝিনা ফোন চালাই নাকি ক্যালকুলেটর চালাই,Non Hate,,
meme_1891.jpg,আমাদের কোন দোষ নেই দিদি জোর করে দাঁড় করিয়ে দিল ভোটে ! আরে ঢ্যামনিগুলো আগামি মহানায়িকা তোরাই হবি !,Hate,Political,Organization
meme_1892.jpeg,সবাই না বুঝলেও  আমি বুঝতেই পেরেছিলাম বন্ধু আইরনি  করছে,Non Hate,,
meme_1893.jpeg,পিসি হিন্দি ভাষিদের বহিরাগত বলছে এবং তাদের গালিগালাজ করে বিভাজনের রাজনীতি করছে দেখতে পাচ্ছেন তো এই সাম্প্রদায়িক বিভাজনের রাজনীতির ফল,Hate,Political,Organization
meme_1894.jpg,সুবিধাবাদী মুসলিম শক্তিসঞ্চয় ও প্রস্তুতি লড়াই-যুদ্ধ নিরংকুশ বিজয় শত্রুদের ক্ষমা করা,Hate,Religious,Community
meme_1895.jpeg,দোস্ত গিটার বাজাতে পারস প্রতি রাতে তো বাইরের দেশে ঘুরে গিটার বাজিয়ে গান বলি,Non Hate,,
meme_1896.jpeg,"মেয়েদের সাহসের পরিচয় তো এখান থেকেই পাওয়া যায়, ছেলেরা বিশাল বরযাত্রী নিয়ে তাকে নিতে আসে এবং মেয়ে একাই চলে যায়",Non Hate,,
meme_1897.jpg,বিজ্ঞানীরা মঙ্গলগ্রহে পানি খুজে পেলো আর আমি এখনো গার্লফ্রেন্ড খুজে পেলাম না,Non Hate,,
meme_1898.jpg,নাস্তিকরা যখন এলাকায় চলাচল করে যখন ফেসবুক ডুকে,Hate,Religious,Community
meme_1899.jpg,তুমি আমি আর,Hate,Gender,Community
meme_1900.jpg,জীবনের প্রথম প্রেম বারো ভাতারির সাথেই হয়,Hate,Gender,Community
meme_1901.jpeg,চপ ভেজে সংসার চালাচ্ছেন অ্যাথলেট গোপাল! ও কি মাওবাদী যে ওকে চাকরি দিতে হবে,Hate,Political,Organization
meme_1902.jpg,"বাচাদের সব কথাই শুনতে ভালো লাগে শুধু একটা কথা ছাড়া, তোমার মোবাইলে গেম আছে?",Non Hate,,
meme_1903.jpg,"অন্ধবিশ্বাস + অজ্ঞতা = ধর্ম এই সরল সমীকরণটি সবার মনে রাখা দরকার। পৌরাণিক কাহিনীপাঠ উপভোগ্য বটে, তবে ওই কাহিনীগুলো সত্যিকারের ঘটনা বলে বিশ্বাস করে নিজের জীবনটা দুর্বিষহ করে তোলার কোনও প্রয়োজন নেই ।",Hate,Religious,Community
meme_1904.jpeg,নীরজ চোপড়া আজ অবধি যত সোনার মেডেল জিতেছে তারচেয়ে বেশি সোনা আমার বৌ ব্যাগে নিয়ে ঘোরে অভিষেক,Non Hate,,
meme_1905.jpg,পঙ্গপাল বাংলাদেশে আসার পর যখন জানতে পারে পঙ্গপাল খাওয়া হালাল পঙ্গপাল- এ কি বিপদে পড়লাম!,Non Hate,,
meme_1906.jpg,অনুরাগ ঠাকুর দেখান তো... একটু সস্তার কিছু দেখান...,Hate,Political,Organization
meme_1907.jpg,বানিজ্য মেলা টাংগাইলা পিপলস,Non Hate,,
meme_1908.jpg,"স্নানের জল গায়ে ঢেলে দেওয়ার লোক চাই' , নয়া আবদার পার্থর আমি হেল্প করবো?!",Hate,Political,Organization
meme_1909.jpeg,ডাক্তার বলেছেন পাঁচ বছর রেস্ট নিতে,Non Hate,,
meme_1910.jpg,মাসের প্রথম সপ্তাহে মাসের শেষ সপ্তাহে,Non Hate,,
meme_1911.jpg,যখন বাবা; আমকে বন্ধুদের সাথে নাক ও মুখ দিয়ে ধোয়া বার করতে দেখে ফেলে।।,Non Hate,,
meme_1912.jpg,সারাদিন ল্যাবে মানসিক শ্রম ব্যয় করে সম্ভাব্য ভ্যাকসিন আবিষ্কার করা রাশিয়ার ডাক্তারেরা। ভ্লাদিমির পুতিন,Hate,Political,Organization
meme_1913.png,১২ : ৩০ বাইজা গেসেগা কিন্তু শালার পোলাপান এর পটকা ফুডানি শেষ হয় না,Non Hate,,
meme_1914.jpg,একসাথে সব কাজিনরা মিলে গ্রুপ পিকচার তোলার স্বপ্ন স্বপ্নই থেকে গেল,Non Hate,,
meme_1915.jpg,দুর্গা পূজোর প্যান্ডেল বানানো শুরু হয়েছে । সব প্যান্ডেলের রক্ষার দায়িত্ব নিতে হবে । কোন প্যান্ডেল গুলোকে রক্ষা করতে হবে ? যে প্যান্ডেল গুলোতে নীল সাদা রং দেখা যাবে ।,Non Hate,,
meme_1916.jpg,*ছোট ভাই *আব্বু *আমি *আম্মু *কনডমের অ্যাড,Non Hate,,
meme_1917.jpeg,হে ছাত্রলীগ ক্ষমা করো এ আমাদের লজ্জা ,Hate,Political,Organization
meme_1918.jpg,"রোজার শুরুর দিকে সিজনাল মুসল্লি আমি চলে এসেছি ৫ম রোজার পর সিজনাল মুসল্লি চলে যাচ্ছি, বিদায় নিতে এসেছি",Hate,Religious,Community
meme_1919.jpeg,এটা ইমরান দাদুর বউ না বিরিয়ানির হাঁড়ি? লাল কাপড়ে ঢাকা।,Hate,Political,Organization
meme_1920.jpg,বরের কথায় উঠবো আর বসবো বরের কথায় উঠবো আর বসবো,Hate,Gender,Community
meme_1921.jpeg,"বাংলাদেশে গিয়ে কি শিখলা? এখানের মেয়েরা গাঁজাখোর, ফাকবয় ছাড়া প্রেম করে না।",Hate,Gender,Community
meme_1922.jpg,আম্মা আমি প্রেগনেন্ট চুদসে এইটা একটা দুর্ঘটনা ছিলো মানে তুই বলতে চাস ! তুই রাস্তা দিয়া হাঁটতে গিয়া উষ্টা খাইয়া সোনার উপর পইড়া গেসিলি ???,Hate,Gender,Community
meme_1923.jpg,"পরীক্ষা দিয়ে প্রাথমিক টেট পাস করেছেন মমতা ব্যানার্জি, অমিত শাহ! সঙ্গে পুষ্পাও তুই পাস করলি কিভাবে?! সাদা খাতা জমা দিয়ে",Hate,Political,Organization
meme_1924.jpeg,আপু আপনি রান্নাঘরে না গিয়ে এখানে কি করছেন? ,Hate,Gender,Community
meme_1925.jpeg,আমি প্রতিজ্ঞা করছি আমার কাশ্মীরি পন্ডিত ভাইদের জন্য কিছু করবো ইয়ে হাম কর লেঙ্গে তুমি আলু সে স্বর্ণ বানাও,Hate,Religious,Community
meme_1926.jpeg,আমি মমতা দিদিকে পৃথিবীর অষ্টম আশ্চর্য ঘোষণা করার দাবি জানাচ্ছি,Non Hate,,
meme_1927.jpg,"তোমার যীশু কেক পেস্ট্রি দামী চকলেট খায়, আমার যীশু প্রায় রোজই আধপেটা থেকে যায়। তোমার যীশুর নরম বালিশ বিছানাজোড়া গিফট, আমার যীশু চায়ের দোকানে এবেলা-ওবেলা শিফট। তোমার যীশু উইশ করে হ্যাপ্পি ক্রিসমাস, আমার যীশু ধুচ্ছে আজও এঁটো জলের গ্লাস।",Hate,Political,Organization
meme_1928.jpg,স্যার যখন ক্লাসে কোনো প্রশ্নের উত্তর লিখতে বলেন এবং লেখার পর স্যার খাতা না দেখেই চলে যান:,Non Hate,,
meme_1929.jpg,রাজনীতি বুঝি না... শুধুমাত্র দুর্নীতি ভালো লাগে বলে তৃণমূলকে সাপোর্ট করি !,Hate,Political,Organization
meme_1930.jpeg,সকালে যারা রেপ করছিলো তাদের অভিলম্বে শাস্তি চাই রাতে একটা নুড ছবি পাঠাও মার্কসের ডিব্বি কেটে বলছি চোখের ক্ষিদে মিটিয়ে ডিলিট করে দেবো,Hate,Gender,Community
meme_1931.jpeg,দুপুরের সময় সন্ধ্যার সময়,Non Hate,,
meme_1932.jpg,আচ্ছা ভাই মোবাইলে তো এতদিন ক্লাস নিত তাইলে এখন ক্লাসে কেন মোবাইল নিতে দেয় না,Non Hate,,
meme_1933.jpg,গফের সাথে ডেটিং করে আসার পর বন্ধুকে আনারস খেতে দিয়েছিলাম দেখি এখন নড়াচড়া বন্ধ করে দিছে,Hate,Gender,Community
meme_1934.jpeg,তোরে না আমি কইছি শশী লজে যাবি না তুমি যে বোটানিক্যাল গার্ডেনের চিপায় যাও তখন কি আমি কিছু বলি,Hate,Gender,Community
meme_1935.jpg,কলকাতার রসগোল্লা সত্যিই খুব মিষ্টি,Hate,Gender,Community
meme_1936.jpeg,তোমার পড়াশোনা কেমন চলছে পড়াশোনা চলতে চলতে অনেক দূরে চলে গেছে বাবা ,Non Hate,,
meme_1937.jpg,চার বার হাতের কাজ করার পর ছেলেরা,Non Hate,,
meme_1938.jpeg,আমার দুটো চাকরির চিঠি এসেছে একটা চাপ ভাজার একটা ঘুগনি বিক্রি করার এই তো ডাবল  ডাবল চাকরি ,Non Hate,,
meme_1939.jpg,"স্যার, এতো কিছু থাকতে উনি হঠাৎ 'খেলা হবে দিবস' চালু করতে কেন গেলেন!? তুমি কি ভেবেছিলে উনি 'চাকরি হবে' 'শিল্প হবে' দিবস চালু করবেন!",Hate,Political,Organization
meme_1940.jpg,১০ বছর আগে ড্রাকুলা শুধুমাত্র ভার্জিন মেয়েদের রক্ত খেত এখন সব ড্রাকুলা রক্ত খেতে না পেরে মারা গেছে,Hate,Gender,Community
meme_1941.jpg,চুপ কর আর প্যান্ট খোল আমি পাখি না খুলব না কেন ? পাখিকে মারলে পাপ হয়,Hate,Gender,Community
meme_1942.jpg,রামপুরহাটের আগুনের ঘটনায় রাজনীতির কোনো যোগাযোগ নেই ঠিক যেমন সারদার সাথে আপনার কোনও যোগাযোগ কোনোদিন ছিল না!,Hate,Political,Organization
meme_1943.jpg,নেতাজি পেঁয়াজি,Hate,Political,Organization
meme_1944.jpg,"ছোটবেলায় আম্মু কপালে কালো টিপ দিয়ে দিত, যাতে কারো নজর না লাগে শালার টিপে এত কার্যকারিতা যে, বয়স এত হয়ে গেল তাও কোন মেয়ের নজরে পড়লাম না",Non Hate,,
meme_1945.jpg,"ইনি -বিনি -টাপা- টিনি- টানা- টুনি- টাসা পিসির সাথে ভাইপো গেছে, সেটিং হবে খাসা",Hate,Political,Organization
meme_1946.jpg,বয়ফ্রেন্ড হইলে ফাইভ স্টার হোটেলে চলো 'জাস্ট ফ্রেন্ড' পাটক্ষেতেও ভালো,Hate,Gender,Community
meme_1947.jpeg,চাঁদের পিক তুলে স্টোরি দিতে না পেরে জীবন যুদ্ধে পিছিয়ে গেলাম,Non Hate,,
meme_1948.jpeg,ভাই চাঁদরাতের আগে ড্রেস পাবো তো টেইলার,Non Hate,,
meme_1949.jpg,আম্মুর থিওরি দুধ খেলে মানুষ ফর্সা হয়,Non Hate,,
meme_1950.jpg,"বাতাস, ঝড় বৃষ্টি আমার ইন্টারনেট কানেকশন",Non Hate,,
meme_1951.jpeg,মানুষ হইয়া জন্মাইছি দুই একটা ভুল করবো না,Non Hate,,
meme_1952.jpg,লকডাউনের কারণে আমার জমায়া রাখা ৩ প্যাকেট বেন্সন আমি,Non Hate,,
meme_1953.jpeg,বিশ্বনবী মুসলমানদের কলিজার টুকরা হযরত মুহাম্মদ মোস্তফা ( সা:) আলাইহি ওয়াসাল্লাম এর কতুক্তিকারি নূপুর শর্মার ফাঁসি চাই ফাঁসি চাই ফাঁসি চাই ফাঁসি চাই,Hate,Religious,Community
meme_1954.jpg,যখন বন্ধু তোমার খাতা কপি করে লিখে পরীক্ষায় তোমার চেয়ে বেশি মার্ক পায় শালারপুত!,Non Hate,,
meme_1955.jpg,যখন কোন বাচ্চার মা বাবা দুজনেই ট্রেনে উঠে যায় কিন্তু বাচ্চা টা উঠতে পারে না,Non Hate,,
meme_1956.jpeg,যখন কারো ম্যাসেজের স্ক্রিনশট তাকেই ভুলে পাঠিয়ে দেই ,Non Hate,,
meme_1957.jpg,মানিক ভট্টাচার্য-এর পরিবার এখন,Hate,Political,Organization
meme_1958.jpg,প্রথম ছ্যাকা খাওয়া পর...! আমি: কেনো তুমি আই আই আই !,Non Hate,,
meme_1959.jpeg,টিভিতে দেখলাম সিগারেট খেলে ক্যান্সার হয় তাই ছেড়ে দিলাম টিভি দেখা,Non Hate,,
meme_1960.jpeg,"অই কি ভাবছো গো বলো একটু শুনি, ভাবছি যতনে গোড়া দুদু গুলো একদিন কোনো সরকারী কাকু টিপবে।",Hate,Gender,Community
meme_1961.jpg,গ্রামবাসীরা ক্ষেপে আগুন হয়ে আছে তাই গ্রামে গ্রামে দিদির দূত হিসাবে যাওয়া থেকে এটা অনেক কম রিস্কের কাজ,Hate,Political,Organization
meme_1962.jpg,ভাবে আছি কারণ স্কুলের সবচেয়ে সুন্দরী মেয়েকে প্রোপোজ করে আসলাম,Non Hate,,
meme_1963.jpeg,এক গাছ দিয়ে যেমন বাগান হয়না তেমনি এক বউ দিয়ে কখনো সংসার হয়না ,Non Hate,,
meme_1964.jpeg,শিক্ষা ব্যবস্থায় তো ডাইল ফালাইছে এখন করবে সমাজের উন্নতি,Hate,Political,Organization
meme_1965.jpg,ছেলেরা যখন বিয়ের অনুষ্ঠানে যায় কনের দিকে অন্যান্য মেয়েদের দিকে,Non Hate,,
meme_1966.jpeg,এখন আর আগের মত রাত জাগি না সন্ধ্যা তিন টা হলেই ঘুমিয়ে যাই ,Non Hate,,
meme_1967.jpeg,জুনিয়র সেই ভাই উফ নায়ক আগুন ভাই লে ভাই,Non Hate,,
meme_1968.jpeg,"পার্কে, মেট্রোতে, বাড়িতে, ধুর শালা কাশি চলে যাযই। কাশিতে, পাগলা গারদে যাযই। পাগলা গারদে, আশা করি এখানে কাপল নেই, কি দাদু লাগবে নাকি?",Non Hate,,
meme_1969.jpg,শুভ কয়লা বৈশাখ,Hate,Political,Organization
meme_1970.jpeg,বলব কী ভাই বৃষ্টি নেই বিক্রিও নেই ,Non Hate,,
meme_1971.jpeg,রাশিয়ার জয় কমিউনিজমের জয়। কিন্তু ওখানে তো কমিউনিস্টদের ঘাড় মেরে গেছে।,Hate,Political,Organization
meme_1972.jpeg,রমজান মাসের দাযিত্ব ব্যাবসায়ীদের হাতে বুঝিয়ে দেওয়ার পর বাংলাদেশ শাখার শয়তান প্রধান,Hate,Religious,Community
meme_1973.jpg,"বন্ধু্দের সামনে দিয়ে যখন আমার এক্স হেঁটে যায় - 'ঐ যে খা*কি যায় !""",Hate,Gender,Community
meme_1974.jpeg,"বাঙালি বাড়িতে যে সব মহিলাদের দেখা যায়, সেক্সি ননদ বেদি, স্ট্যাইলিস দিদি বোন, কাজের মাসি",Non Hate,,
meme_1975.jpg,"আম্মু জানো! আজকে আমাদের একটা স্যারকে এত সুন্দর লাগছিলো... উফ... এভাবে বলে না মামুনি, শিক্ষক বাবার সমান আম্মু তুমিনা সবসময় নিজেরটাই চিন্তা কর",Hate,Gender,Community
meme_1976.jpeg,"আজ জন্মদিন, দেখি বাড়ির বাইরে কতো লোক দাড়িয়ে আছে, একি চারদিক সুনসান তো, সবাই কোথায় গেলো? মিনহোয়াইল নবান্নর সামনে তুমি এয়েচো মীম চলছে না, চলবে না।। আমাদের দাবি মানতে হবে",Non Hate,,
meme_1977.jpg,যখন হাসানের ছেলে প্রেম করে কোনো নাগিনকে বিয়ে করে,Hate,Gender,Community
meme_1978.png,"এত রাতে কার সাথে ফোনে কথা বলিস? ফ্রেন্ড এর সাথে তাইলে জান জান করতেছিলি ক্যান? ফ্রেন্ড দের আপনি আপনি করে ডাকি... তাই বলতেছিলাম যান যান, ঘুমাইতে যান",Non Hate,,
meme_1979.jpeg,আমলকী খেয়ে পানি পান করার পর চাইলাম জল পাইলাম সরবত,Non Hate,,
meme_1980.jpeg,আমরা অরণ্য শাসন করি আমরা সমুদ্র শাসন করি আমরা আকাশ শাসন করি আমবা ভারত শাসন করি,Hate,Political,Organization
meme_1981.jpg,শহীদুল ভাইর বউকে নিয়ে রিসোর্টে যাওয়া পহেলা বৈশাখে মঙ্গল শোভাযাত্রা বের করা,Hate,Religious,Community
meme_1982.jpg,"যত কালো টাকা উদ্ধার হচ্ছে, দায় নিতে হবে কেন্দ্রকেই' , মন্তব্য অভিষেকের আমাদের ফ্ল্যাটে পাওয়া টাকার দায়ও কেন্দ্রের",Hate,Political,Organization
meme_1983.jpg,"-আলুর চপ আর বেগুনি যে আমি রাখসিলাম ঐগুলো কই? -ভাবলাম তুই খাবিনা, তাই বুয়াকে দিয়া দিসি",Non Hate,,
meme_1984.jpg,আল্যা পরম করুণাময় তিনি শুধু কাফিরহত্যার নির্দেশ দিয়েছেন,Hate,Religious,Community
meme_1985.jpeg,তোর পরিক্ষার প্রস্তুতি কেমন বেশি বেশি ছোট মাছ খাচ্ছি যেন দুরের সব ভালোভাবে দেখতে পারি ,Non Hate,,
meme_1986.jpeg,"ভাবা যায়, মেয়ের বয়স ১৬ না হওয়ার আগেই দুধের সাইজ ৩৬।",Hate,Gender,Community
meme_1987.jpeg,রাষ্ট্রপতির বিরুদ্ধে তৃণমোল্লা নেতার কুরুচিকার মন্তব্যের বিরোধিতা করে এত বড় চিঠি লিখলেন বাংলার বুদ্ধিজীবিরী   ,Hate,Political,Organization
meme_1988.jpg,কি ভাবলেন? ঘুগনি ঝালমুড়ি বিক্রি করে কোটিপতি হলেন? অডিটার নিয়ে গিয়ে ৭৫% ২৫% বুঝিয়ে আসবো,Hate,Political,Organization
meme_1989.jpg,পরীক্ষার রেজাল্ট প্রকাশের আগের দিনে আমিঃ একটা তসবি দিবেন আল্লাহ খোদার নাম লই,Non Hate,,
meme_1990.jpg,"জগদীস বসু নাকি আবিষ্কার করসে গাছের প্রাণ আছে! অথচ তার ১০০০ বছর আগে ইছলামের নবী বইলা গেছে, গাছ কথা কইতে পারে গাছ প্রাণহীন হইলে সেইটা সম্ভব হইতো? (বুখারি, খণ্ড ৫, বই ৫৮, হাদিস ১৯৯)",Hate,Religious,Community
meme_1991.jpg,দুপুর ২টায় ঘুম থেকে ওঠার পর* আমার ফ্যামিলি মেম্বারদের কাছে আমি: নবাব,Non Hate,,
meme_1992.jpeg,যখন আপনি ভোট দিতে বুথে গিয়ে দেখেন আপনার নামে ছাপ্পা দিতে অলরেডি লোক পৌঁছে গেছে,Hate,Political,Organization
meme_1993.jpeg,দশ বছর শুধু সরষে দানা ছড়িয়ে গেলেন বাংলায় ক্ষমতাই না থেকে ও ৫ হাজার কোটির শিল্প উদ্ভোদন করে গেলেন,Non Hate,,
meme_1994.jpeg,পতিতা নূপুর শর্মা কে কঠিন দোলাই দিলো শরিয়তপুরি,Hate,Religious,Community
meme_1995.jpg,"জুম্মার নামাজে দানবাক্স আমার সামনে দিয়ে যাওয়ার সময়, যখন আমি দানবাক্সে ধাক্কা দিতে সক্ষম হই ৮ বছর বয়সী আমি:",Non Hate,,
meme_1996.jpg,সরকারি হাসপাতাল সরকারি স্কুল সরকারি চাকরি,Hate,Political,Organization
meme_1997.jpg,বাংগালী ভাতে চুল পরলে ভাত খায় না! কিন্তু চুলের মাঝখানের নোনতা পানি ঠিকই চাটে,Hate,Gender,Community
meme_1998.jpeg,পুচু বিয়ের পরেও আমাকে এভাবেই ভালোবাসবে তো হ্যা তোমার বিয়ে কবে,Non Hate,,
meme_1999.jpg,উপরে ফিটফাট তলে তলে সাগর হয়ে যাক ।,Hate,Gender,Community
meme_2000.jpeg,বিজেপি বিরোধী জোটের নাম হল ইন্ডিয়া দেশে নামে জোটে নাম রেখেছি একবার যদি জিতে যাই দেশকে আবার ভাগ করবেন তাই তো ,Hate,Political,Organization
meme_2001.jpg,তুমি আমাকে কোনোদিন ভালোবাসলেই না আবার মিথ্যা কথা ? সেইদিন গলির মোরে ২০ মিনিট ধরে টিপলো কে ? তোর চাচা ?,Hate,Gender,Community
meme_2002.jpg,"সংলাপ গণতন্ত্রের নীতি অনুযায়ী, আমাদের নেতাদেরকে, আমাদের প্রচারমাধ্যমকে, এমনকি আমাদের ধর্মকেও সমালোচনা করবার অধিকার আমাদের আছে । ইসলামী নীতিও ঠিক সেরকম। আমাদেরও অধিকার আছে আপনাদের নেতাদেরকে, আপনাদের প্রচারমাধ্যমকে, এমনকি আপনাদের ধর্মকেও সমালোচনা করবার।",Hate,Religious,Community
meme_2003.jpeg,মা বোনেরা যদি দরকার হয় তাহলে কম কম রান্না করুন কম খান কিন্তু বিজেপিকে বাংলায় আসার ক্ষেত্রে সর্বশক্তি দিয়ে আটকান বেশি খাবো কীভাবে সবটুকু আপনার ভাইপোড়া কতমানি এবং তোলাবাজি করে খেয়ে নিয়েছে জনতা,Hate,Political,Organization
meme_2004.jpg,পাবলিক বিশ্ববিদ্যালয়* ১ম বর্ষ 8র্থ বর্ষ,Hate,Gender,Community
meme_2005.jpeg,"ছাদের নিচের তলার রুমটা আসলে রুম না ভাই, ওটা মাইক্রোওভেন",Non Hate,,
meme_2006.jpg,মাস্টারমশায় -রবীন্দ্রনাথ ঠাকুর,Hate,Gender,Community
meme_2007.jpg,উনি কওমি মাদ্রাসার হুজুর তাড়াতাড়ি সালাম দিন নাহলে,Hate,Religious,Community
meme_2008.jpg,"কুইজ: সাম্প্রতিক ঘটনাপ্রবাহ যেসব বর্বর জঙ্গি দলের সঙ্গে ডানদিকে উল্লেখিত ধর্মের প্রত্যক্ষ সম্পৃক্ততা আছে, সেগুলোর পাশে টিক চিহ্ন দিন আইসিস হামাস বোকো হারাম তালিবান আল-কায়েদা হেজবোল্লাহ শান্তির ধর্ম",Hate,Religious,Community
meme_2009.jpeg,গরু আমাদের কামধেনু মাতার অবতার তাই আমরা গরুকে খাই না খানকির ছেলে আমি ও তো তোদের ভগবান বিষ্ণুর অবতার আমাকে খেলি কেন তাহলে,Hate,Religious,Community
meme_2010.jpg,ওয়াশ রুম শিক্ষক ও ছাত্রীদের ব্যাবহারের জন্য শিক্ষক ছাত্রী,Hate,Gender,Community
meme_2011.jpg,দেখতে পাচ্চো বিনোদ দুর্নীতি আড়াল করতে কিভাবে রাম নবমীর মিছিল নিয়ে দুই দল মেতে উঠেছে...,Hate,Political,Organization
meme_2012.jpeg,ফুটবল ওয়ার্ল্ড কাপের থিম সং আর পুজাবার্ষিকী আনন্দমেলার মধ্যে মিল কথাই? দুটোই আগে খুব ভালো ছিলো এখন পুরো হিন্দীচুলের মতো হয়ে গেছে।,Hate,Political,Organization
meme_2013.jpg,যখন তুমি পাড়ার বৌদির প্রেমে পড়ো,Hate,Gender,Community
meme_2014.jpeg,রাগের মাথায় বয়ফ্রেন্ডরে কইলাম অন্য বেডির কাছে যা সত্যি সত্যি গেল গা এইডা কিছু হইলো ভাই,Non Hate,,
meme_2015.jpeg,আপনার বধের জন্য মা দুর্গা কে দায়ী করেন? নিজের অপদার্থতাকে দায়ী করি। অমরত্বের অফার নেবার আগে টার্মস এন্ড কন্ডিশন গুলো পড়ে দেখিনি তাই এই অবস্থা।,Hate,Religious,Community
meme_2016.jpg,১ম-৫ম শ্রেণী পর্যন্ত পরীক্ষার প্রস্তুতি ৬ষ্ঠ-১০ম শ্রেণী পর্যন্ত পরীক্ষার প্রস্তুতি কলেজ ও ভাসিটি পরীক্ষার প্রস্তুতি,Non Hate,,
meme_2017.jpg,জ্ঞাতিদের জবাই করতে চায় কুন হালায় দুনিয়াতে এতো এতো হিংস্র জানোয়ার থাইকতে গরুছাগলের মতো নিরীহ প্রাণীগুলান মুনের পশু হিসেবে কুরবানি করে কেনু ..?,Hate,Religious,Community
meme_2018.jpeg,নিউক্লিয়ার রকেট তৈরিতে ব্যস্ত ঢাবির চারুকলা অনুষদ মঙ্গল শোভাযাত্রার দিনে মঙ্গলগ্রহের উদ্দেশে রওনা দিবে এই রকেট,Hate,Religious,Community
meme_2019.jpg,মুসলমানির পর ডাক্তার যখন তোমার মা-বাবাকে তোমার খেয়াল রাখতে বলে- তুমি: আপনার আর দরদ দেখাতে হবে না... বেইমান এর বেঈমান,Non Hate,,
meme_2020.jpeg,হিজাবি গাভির সাদা দুধ।,Hate,Gender,Community
meme_2021.jpeg,ঝগড়ার সময় যখন অপরজনকে বলেন পারলে মাইরা দেখা এবং সে সত্যি সত্যি মেরে দেয়,Non Hate,,
meme_2022.jpg,মধু তোমার এই সজ্জিত রূপ বজায় থাকার রহস্য কী ? কাউকেই ভিতরে ফেলতে দিই না ।।,Hate,Gender,Community
meme_2023.jpeg,পাশে আছি ভাই এলাকার পাতিনেতা পাশে আছি ভাই,Hate,Political,Organization
meme_2024.jpg,আগে স্কূল-কলেজে কম নম্বর দিত ক্ষমতায় এসে আমিই নম্বর বাড়িয়ে দেওয়ার নির্দেশ দিই মমতা বন্দ্যোপাধ্যায় ক্লাস টু পাস করে ডাক্তারি !,Hate,Political,Organization
meme_2025.jpeg,দুই দিনের হুজুর বৈশাখী পূজারে ডাকো শিরক উপস সরি আমিই তো পুজা ডেকে ফেললাম ,Hate,Religious,Community
meme_2026.jpg,~ভিডিওটা ডিলিট করে দিবে তো? ~হ্যাঁ বেবি ~প্রমিস ~হ্যাঁ প্রমিস,Hate,Gender,Community
meme_2027.jpg,যখন কেউ নাস্তিকদের ভুল ধরে তখন নাস্তিকদের অবস্থা এমন হয় যখন কেউ ধর্মের ভুল ধরে তখন নাস্তিকদের অবস্থা এমন হয়,Hate,Religious,Community
meme_2028.jpg,"আল্যা যদি না-ই থাকবে, তাহলে হেডফোনের এই তারগুলোকে কে প্যাঁচালো, হে বোকচোদ নাস্তিকের দল?",Hate,Religious,Community
meme_2029.jpeg,অনলাইনে কিছুদিনের পরিচিত কোন সুন্দরী যখন আপনাকে নক দেয় আমি চিনি গো চিনি তোমারে ওগৌ বিদেশিনী ,Non Hate,,
meme_2030.jpeg,আমজনতা নৌকা নৌকা ,Hate,Political,Organization
meme_2031.jpg,"সর্বজ্ঞানে জ্ঞানী আল্যার বুজুম ফ্রেন্ড মুহাম্মদ সূর্যগ্রহণ দেইখা ডরাইয়া গেসিল। সে ভাবসিল, এইটা কিয়ামতের আলামত। (বুখারি, খণ্ড ২, বই ১৮, হাদিস ১৬৭)",Hate,Religious,Community
meme_2032.jpeg,"আব্বুর বানানো স্পেশাল বাঙি্রশরবত রুহ আফজা, ট্যাং ও অন্যান্য শরবত ",Non Hate,,
meme_2033.jpg,ফ্রেশার লাস্ট সেমিস্টার,Non Hate,,
meme_2034.jpeg,আম্মু যখন আমার কোনো পছন্দের জিনিস মেহমানের দুষ্টু বাচ্চাকে দিয়ে দেয় ,Non Hate,,
meme_2035.jpeg,সব কুটকুটি ঠান্ডা হয়ে যাবে মোদীজি যদি আগের রূপে ফিরে আসে,Hate,Political,Organization
meme_2036.jpeg,"দুনিয়া এতদিন ট্রেলার দেখল, এবার শুরু হবে সিনেমা।",Non Hate,,
meme_2037.jpg,মিথিলার ব্লাউজের হুক লাগিয় দিচ্ছেন স্বপন তারপরই চলে গেলেন বাথরুমে...,Hate,Gender,Community
meme_2038.jpg,বাঘ এবং বাঘের বাচ্চা (দয়া করে কেউ রাজনীতি খুঁজবেন না),Hate,Political,Organization
meme_2039.png,আমি দুইটা কারনে কিনবো না ১. এই ফোন বাঁকা হইয়া যায় ২. আমার এত টেকা নাই !,Non Hate,,
meme_2040.jpeg,ঐ আমি পাকিস্তানী রেণ্ডি,Hate,Gender,Community
meme_2041.jpg,অন্যদের অর্জন আমার অর্জন,Non Hate,,
meme_2042.jpeg,করোনা ভাইরাসের কারণে মেয়েটির বিয়ে ভেঙ্গে যাওয়ায় এই ভদ্রলোক তাকে সান্ত্বনা দিচ্ছে,Non Hate,,
meme_2043.jpg,ফর্সা সুন্দরী বাঙ্গালী মেয়ে বিসিএস ক্যাডার,Hate,Gender,Community
meme_2044.jpeg,"আমাদের একজন না হয়েও যেভাবে আমাদের হয়ে বদলা নেবার চেষ্টা করেছিল, সেটা ব্ল্যাক বাক সভ্যতার ইতিহাসের পাতায় চিরকাল স্বর্ণাক্ষরে লেখা থাকবে, কমরেড সাপ অমর রহে",Hate,Political,Organization
meme_2045.jpg,"যে-ব্যক্তি সেতু নির্মাণের চিন্তা না করে চিন্তা করে শুধু দেয়াল নির্মাণের কথা, তা যে-স্থানেই হােক না কেন , সেই ব্যক্তি খ্রিষ্টান নয়। -পোপ ফ্রান্সিস (বিশ্বে শিশুকামীদের বৃহত্তম সংগঠন ক্যাথলিক চার্চের প্রধান) ভ্যাটিকান সিটি দেয়াল দেয়াল দেয়াল দেয়াল ভ্যাটিকান সিটি",Hate,Religious,Community
meme_2046.png,আমি সারারাত তোমাকে নিয়ে ভাবি হারামি তাহলে দিনে কাকে নিয়া ভাবিস?,Non Hate,,
meme_2047.jpg,"যিশুকে যদি ২০ বছর আগে হত্যা করা হতো, খ্রিষ্টানেরা তাদের গলায় ক্রূশের বদলে ছোট্ট ইলেকট্রিক চেয়ার ঝোলাতো। - লেনি ব্রুস",Hate,Religious,Community
meme_2048.jpg,"আমার মৃত্যুর পর খেতে এসে মাংস, নিয়ে ঝগড়া করা আমার বন্ধুরা লে: আমার আত্মা ! শুয়োরের বাচ্চা তরা কি কোনো দিন মানুষ হবি নাহ",Non Hate,,
meme_2049.jpg,পুরান ঢাকার ইফতার খাওয়ার স্বপ্ন স্বপ্নই থেকে গেল,Non Hate,,
meme_2050.jpg,বিরিয়ানির প্যাকেট* সাপ্তাহিক মুসল্লী*,Hate,Religious,Community
meme_2051.jpg,হিন্দু মুসলমান,Hate,Religious,Community
meme_2052.jpeg,হোমওয়ার্ক না করার কারণে যখন শাস্তির জন্য অপেক্ষা করতে থাকেন কিন্তু শিক্ষক অসুস্থ থাকার কারণে ক্লাস নিতে পারে না ,Non Hate,,
meme_2053.jpeg,"ওরকম তাকিও না, আমি ক্যাবলা হয়ে যাই।",Non Hate,,
meme_2054.jpg,জানো আম্মু পাশের বাসার নতুন আন্টি এখনও স্বরবর্ণ পারেনা তুই কি করে জানলি? কাল রাতে শুনছিলাম আন্টি 'অ-আ' শিখছিলো,Hate,Gender,Community
meme_2055.jpeg,বছর শেষে সবাই যখন পাঠ্য বই জমা দিতে যায় ফাস্টবেঞ্চার এর বই বেকবেঞ্চার এর বই ,Non Hate,,
meme_2056.jpeg,নেক্সট টাইম সাউথ আফ্রিকায় তোকেই ক্যাপ্টেন বানিয়ে পাঠাবো,Non Hate,,
meme_2057.jpeg,অনেকদিন আইফোন চালানোর পর যখন হঠাং ১-২% ব্যাটারি হেলথ চলে যায় ,Non Hate,,
meme_2058.jpeg,বন্ধু বোঝাচ্ছে কেন সে আমাদের সাথে ট্যুরে যেতে পারবেনা ,Non Hate,,
meme_2059.jpg,এই গরমের দুপুরে যদি তুমি বেশি ভাত খেয়ে নাও,Non Hate,,
meme_2060.jpg,নাস্তিক মায়ের সাথে নাস্তিক সন্তান চাইলে সম্মতিতে সহবাস করতে পারবে,Hate,Religious,Community
meme_2061.jpeg,স্যার ভার্সিটি থেকে ঈদের ছুটি দেওয়া সত্ত্বেও আপনি সিলেটে থাকবেন হ্যা টিউশনের জন্যা নাকি স্যার এখানে গার্লফ্রেন্ড,Non Hate,,
meme_2062.jpg,আমরা কারা? আমরা বাংলা জাতীয়তাবাদী আমরা কী চাই? অবাঙালিদের প্রভাবমুক্ত বাংলা আমরা কি করবো? মারাঠি তামিল ইত্যাদি জাতীয়তাবাদীদের মতো হবো,Hate,Political,Organization
meme_2063.jpeg,ভাই শান্তির ধর্মে এমন ঘটনা ঘটলে এতক্ষনে এর মুন্ডু তা ফুটবল হয়ে যেত ভাই বাঙালি হিন্দুদের আত্মসম্মানবোধ তা মরে গেছে নিজেদের দেবদেবিদের নিয়ে এইরকম অপমান ও উপভোগ করছে,Hate,Religious,Community
meme_2064.jpg,"পার্থ চট্টোপাধ্যায়ের ঘনিষ্ঠের বাড়ি থেকে ২০ কোটি টাকা উদ্ধার র! ২০ কোটি? আপনি ভুলে যাচ্ছেন, ওনার মতন জনপ্রিয় ব্যক্তির এমন অনেক ঘনিষ্ঠ থাকে তাহলে মোট কতো কোটি হিসাব করুন...",Hate,Political,Organization
meme_2065.jpeg,ভোটের পরে কিন্তু আর কেন্দ্রীয় বাহিনী থাকবে না ভোটের পরে আপনিও কিন্তু আর মুখ্যমন্ত্রী থাকবেন না,Hate,Political,Organization
meme_2066.jpg,পত্রপত্রিকা কম্পিউটার মাইক টেলিভিশন স্মার্টফোন গাড়ী বিমানসহ কাফেরদের নানান আবিস্কারের সুফল ভোগ করেই সন্ত্রাসবাদী ইসলাম টিকে আছে।,Hate,Religious,Community
meme_2067.jpg,আচ্ছা মেয়েরা কোন মাসে কথা কম বলে?? ফেব্রুয়ারি মাসে। কারণ এই মাসে দিন ২টা কম থাকে,Hate,Gender,Community
meme_2068.jpg,এইডা কি করে আমার বাপে... আমি এত রেকর্ড ভাঙ্গমু কেমনে ???,Non Hate,,
meme_2069.jpg,"একজন বিশ্ববিদ্যালয় পড়ুয়ার জীবনের লক্ষ্যের ক্রমপরিবর্তন ভার্সিটি ভর্তির আগে ধুর এগুলা আর কি এমন কঠিন পড়া? এই লাইনে আমি বিশ্বসেরা হমু! ১ম বর্ষ একটু কষ্ট করা লাগবো দেখতেসি তয় ব্যাপার না, এই লাইনে আমি বাংলাদেশের সেরা হমুই হমু ২য় বর্ষ পড়া তো দেখি মোটামুটি কঠিন আছে, যে লাইনে পড়তেসি ঐ লাইনে বাংলাদেশের ১ নম্বর কোম্পানিতে জব পাইতেই হইবো ৩য় বর্ষ পড়া গুলা এত্তো কঠিন ক্যারে? যে লাইনে পড়তেসি ঐ লাইনের মোটামোটি ভাল জব পাইলেই চলবো ৪র্থ বর্ষ খোদা, ভালো রেজাল্টের খ্যাতা পুড়ি, শুধু পাস করাই দিও। আর লাইন বেলাইন বুঝি না, কোনরকম একটা জব পাইলেই চলবো পাশ করার পর ভাই ভাল লেভেলের জব লাগবো না, পিয়ন নাইলে ঝাড়ুদারের চাকরি হইলেও দেন!",Non Hate,,
meme_2070.jpg,ভাই দেখ আল্লাহর রস্তে আমাকে অমুকের জামাই বলাটা ছাড়,Non Hate,,
meme_2071.jpg,দাঁড়ান কমরেড। সুখটা ক্ষণিকের কিন্তু বিপ্লবটা চিরস্থায়ী। শ্রমিকদের ইউনিয়ন গড়ে তোলায় ফোকাস করুন।,Hate,Political,Organization
meme_2072.jpeg,বাবু বেশি খারাপ লাগলে একটু পানি খেয়ে নাও রোজা ভাঙ্গবেনা ,Non Hate,,
meme_2073.jpeg,আমার লেখা বই সফলতার একমাত্র চাবিকাঠি এই বই পড়লে আপনার সফলতা কেউ আটকাতে পারবে না পরের বার ভোটে দাড়ানোর আগে আপনার বই পড়বো তাহলে,Non Hate,,
meme_2074.jpg,"আপনার ঈশ্বর যদি সত্যি আপনাকে ভালোবাসে, আশা করি, আপনি তাকে কনডম পরতে বাধ্য করেন ।",Hate,Religious,Community
meme_2075.jpg,"বালুর ট্রাক দিয়া নিরাপত্যা দেয়, ভাইবার/হোয়াইটস অ্যাপ এ নিরাপত্যা ঝুঁকি! মনে হয় যেন বাংলাদেশে সার্কাস চলতেছে!",Hate,Political,Organization
meme_2076.jpeg,ফেসবুকে পেজের কমেন্ট বক্সে পন্যের দাম জিজ্ঞেস করা বিদ্যমান পেজের এডমিন,Non Hate,,
meme_2077.jpg,যখন তুুমি সারাদিন গরমে ক্লাস করে এসে দেখ যে বাসায় কারেন্ট নেই:,Non Hate,,
meme_2078.jpg,যখন তুমি পরীক্ষার হলে কপি করতে করতে ধরা পড়ে যাও ছাড়! আই তো চিন্তা করতাছি,Non Hate,,
meme_2079.jpeg,ইসবগুলের ভুষি ২২০০ টাকা কেজি আওয়ামী ধর্মের কেউ যদি এখন এসে বলে বিকল্প হিসেবে গরুর ভুষি খেতে ,Hate,Political,Organization
meme_2080.jpg,তুমি ছেলে নাকি ম্যাগী কেন বলতো ম্যাগি এর মতো তোমার ও দুইমিনিটে হয়ে যায় তাই বললাম,Hate,Gender,Community
meme_2081.jpg,কুমুদিনীর নাগিন হাসানের ছেলে বিন্দুবাসিনীর নিব্বি গফ,Hate,Gender,Community
meme_2082.jpeg,"বাবা, মোহনবাগান কে হারাতে কেমন লাগে? অনেকদিন ওদের হারাইনি তাই ভুলে গেছি, এসো একটু কেদে নি।",Non Hate,,
meme_2083.jpg,অর্থ থাকলে গর্তের অভাব হয় না গর্ত থাকলে অর্থের অভাব হয় না... হেডা থাকলে বেডার অভাব হয় না :3,Hate,Gender,Community
meme_2084.jpeg,সিরিয়াস কোনো কথা বলাব সময় আমার ভাষা আমরা এখন ইংরেজিতে পরিবর্তিত হবো ,Non Hate,,
meme_2085.jpeg,"আমরা বাঙালি হিন্দুরা দেশের স্বাধীনতার বীজ রোপন করেছিলাম, আর এখন নিজেরদের ভুলের জন্য শুধু কেদেই মরছি।",Hate,Religious,Community
meme_2086.jpg,বেদের মেয়ে জোছনা আমায় কথা দিয়েছে নিজের দুধ খাওয়ানোর কথা বলে আমায় গরুর দুধ খাইয়ে দিয়েছে,Hate,Gender,Community
meme_2087.png,এই ১ হালি বড় ইলিশের দাম কত? ২৪০০০ টাকা ফইন্নির ঘরের ফইন্নি তুই মাছ বেচতে আইছস না জুয়েলারি?,Non Hate,,
meme_2088.jpg,ভুলবশত স্যারকে ম্যাডাম বলে ফেলার পর গোটা ক্লাসের শিক্ষার্থী:,Non Hate,,
meme_2089.jpg,"নিজেরে যখনই আবাল মনে হবে তখন মনে কইরেন, আপনের চাইতে বহুত গুণ বেশি আবাল এই দুনিয়ায় আছে একশো কোটিরও উপ্রে, যারা বিশ্বাস করে তাদের নবী চাঁদরে দুই ভাগ করসিল",Hate,Religious,Community
meme_2090.jpeg,তোমার দূর্গা ত্রিশূল মারে মহিষাসুরের পেটে আমার দূর্গা ছাপ্পা মারেন পঞ্চায়েতের ভোটে,Hate,Political,Organization
meme_2091.jpeg,"দেখলেন তো মিশন শক্তি সফল হয়ে গেল, এ আর এমন কি, আমারও মিশন শক্তিগড় সাকসেসফুল, সেঁতা আবার কি মিশন? শক্তিগড়ের ল্যাংচা হাব করেছি কিন্তু আপনার মতো এত ফুটেজ খায়নি",Non Hate,,
meme_2092.jpg,জাতীয় পাঠ্য বইয়ে সৃজনশীলতা আনতে গিয়ে নাস্তিকতা ঢুকিয়ে দেওয়ার পর! আওয়ামিলীগ জনগণ :- আপনে আমাদের যতটা খারাপ ভাবেন আমরা কিন্তু অতটা খারাপ না,Hate,Political,Organization
meme_2093.jpg,তাবলীগ সহীহ মুসলিম বুখারী তাবলীগ মুন্তাখার হাদিস ফাযায়েলে আ'মাল,Hate,Religious,Community
meme_2094.jpg,টাকা দিয়ে জুয়া খেলা উচিৎ না বোঝানো আমার গার্লফ্রেন্ড সব কিছু হারিয়ে তাকে বাজিতে লাগানো আমি,Non Hate,,
meme_2095.jpg,এশিয়া কাপে বিরাট কোহলি নেই ডিকে আছে,Non Hate,,
meme_2096.jpeg,"কেন্দ্রের কাছে পশ্চিমবঙ্গ চার হাজার কোটি টাকা ধার করেছে, কবে শোধ হবে ম্যাডাম? সেটা আপনি পশ্চিমবঙ্গের মুখ্যমন্ত্রীকে জিজ্ঞাসা করুন, আমি বাংলার মুখ্যমন্ত্রী.. আমাকে এইসব জিজ্ঞেস করবেন না।",Hate,Political,Organization
meme_2097.jpeg,কাউকে না দেখে হিসু করতে বসা আমি বাগানে ফুল নিতে আসা আমার ক্রাশ ,Non Hate,,
meme_2098.jpg,স্যার আজকে গাছে ফুল ফুটছে এর মানে বুঝলা দ্যায়া কী স্যার? এর মানে আজ বসন্ত,Non Hate,,
meme_2099.jpeg,কিসের এতো কস্ট ভাই আপনার কলেজ যেয়ে দেখি আমি বাদে সবাই জোড়া জোড়া ,Non Hate,,
meme_2100.jpg,"আডবাণীর নেতৃত্বে বিজেপি এসে উদ্ধার করে! দাবি শুভেন্দুর| সিঙ্গুর আন্দোলন কোনও আন্দোলনই ছিল না, দাবি শুভেন্দুর এইভাবে সব বলে দিলে দুজনের কারোরই লাভ হবেনা",Hate,Political,Organization
meme_2101.jpeg,রাস্তায় বাবাকে দেখতে পেলে চেঁচিয়ে ডাকা আমি আর পাত্তা না দিয়ে চলে যাওয়া আমার বাবা,Non Hate,,
meme_2102.jpg,"আগে গেলে বাঘে খায়,পরে গেলে সর্ন পায়",Non Hate,,
meme_2103.jpg,বন্ধুরা যখন ট্রিট চায়: অভাবের সংসার! গার্লফ্রেন্ড যখন ট্রিট চায়: কোটিপতি পোলা আমি কোটিপতি পোলা!,Non Hate,,
meme_2104.jpg,"জীবন-শিক্ষা সিবিআইয়ের, আগেই তাপসের মোবাইল নিয়ে গাড়িতে রাখল এজেন্সি",Hate,Political,Organization
meme_2105.jpeg,মরুর দেশ ডুবাই নদীর দেশ বাংলাদেশ,Non Hate,,
meme_2106.jpeg,ছোটবেলায় ভুলে রোজার নিয়তের জায়গায় ইফতারের দোয়া পড়ে ফেলার পর,Non Hate,,
meme_2107.jpg,বর্ষসেরা অভিনেতা বিশ্বগুরু,Hate,Political,Organization
meme_2108.jpg,*আমার মা আমার ছেলে কোনো মেয়ের সাথে কথা বলেনা *আমি যার সাথে কোনো মেয়ে কথা বলতে চায়না,Non Hate,,
meme_2109.jpeg,বিশ্বকাপ কে জিতবে তা জানা যাবে আগামী মাসে কিন্তু আমার এখন থেকেই বারবার মনে হচ্ছে যেই ফাইনাল খেলুক না কেন দিন শেষে জিতবে নৌকাই,Hate,Political,Organization
meme_2110.jpeg,তুমি এভাবে প্রতিবাদ করলে আমি প্রত্যেক দিনই হরতাল ডাকবো ,Non Hate,,
meme_2111.jpg,এদিকে আয় মোদী। তোকে আমাদের অনুমতি ছাড়া জঙ্গল কাটার অধিকার দিচ্ছি।,Hate,Political,Organization
meme_2112.jpg,আন্টি ওরে নিয়ে যাই শহীদ মিনারে ফুল দিয়ে চলে আসবো,Non Hate,,
meme_2113.jpg,যখন লঙ্কায় আগুন লেগেছিল লঙ্কা হনুমান,Non Hate,,
meme_2114.jpg,আব্বু: পড়তে বস আমি: কারেন্ট আসুক আব্বু: তাইলে চল আমার সাথে নামাজ পড়তে আমি:,Non Hate,,
meme_2115.jpeg,জীবনে বুদ্ধি যতটুকু হয়েছে বাঁশ খেয়েই হয়েছে দুধ ডিম হরলিক্স কোনটাই কাজে আসে নি,Non Hate,,
meme_2116.jpg,তোর জন্য একটা মোবাইল কিনছি কি মোবাইল এই যে... মার শালারে...,Non Hate,,
meme_2117.jpg,ভালো করে দেখো মানুষটাকে যে সবসময় নামাজের জন্য সবাইকে দাওয়াত দেয়,Non Hate,,
meme_2118.jpg,বন্ধুকে মুকুট পড়িয়ে দিচ্চি কারনঃ বন্ধু ৭-৮ টা প্রেম করেও নিজেকে সিঙ্গেল দাবি করছে !,Non Hate,,
meme_2119.jpg,৫০ রাকাত নফল নামাজ পড়ার পর শরীর! ৪ রাকাত সালাতুল তাসবীহ পড়ার পর শরীর!,Non Hate,,
meme_2120.jpg,রাজনীতি করি না বুঝিও না... তবে দিদিকে ভালো লাগে! হাইলি সাস-পিসি-আস!,Hate,Political,Organization
meme_2121.jpeg,ইসস কতোই না ভালো হতো সকাল বেলার লুঙ্গির মতো যদি আমার ভাগ্যটাও খুলে যেতো,Non Hate,,
meme_2122.jpg,আমি ক্যাম্পাসে ঢুকার সময় তোমরা বলছিলে পাছাটা চল্লিশ ? ম্যাডাম আমরা তখন ৫ এর নামতা পড়ছিলাম,Hate,Gender,Community
meme_2123.jpeg,ক্রিকেট আবার কী জিনিস স্যাভেজ রিপ্লাই আর শোরুম উদ্বোধন করা লাগলে বইলেন ,Non Hate,,
meme_2124.jpg,তোমরা সবাই থাকো সুখে আগুন জলুক আমার বুকে,Non Hate,,
meme_2125.jpg,উচ্চ মাধ্যমিক মাধ্যমিক,Non Hate,,
meme_2126.jpeg,ভাগ্যিস পডাশুনা শিখেছিলাম নাহলে বিয়ে বাড়ী ভেবে ঢুকে পরতাম পাবলিক টয়লেট,Non Hate,,
meme_2127.jpg,*মেহমানকে রাগ দেখাচ্ছি* *কারণ তারা যাওয়ার আগে আমার হাতে ৫০০ টাকা ধরিয়ে দিলো*,Non Hate,,
meme_2128.jpg,"""মেয়েটি শপিং করতে চাইছে"" এইটা কোন পদ ? বিপদ !",Non Hate,,
meme_2129.jpg,ক্লাসে বাংলা রিডিং পরতে না পারা বন্ধুকে যখন দেখি বই মেলায় গিয়ে বই কিনতে! আমি : তুই তাইলে শিক্ষিত!,Non Hate,,
meme_2130.jpeg,আমাদের দেশে হবে সেই ছেলে কবে কথায় না বড় হয়ে কাজে বড় হবে ছেলে বড় হওয়ার পর ,Hate,Gender,Community
meme_2131.jpeg,দাদা দেশের জন্য যুদ্ধ করে প্রাণ দিয়েছে কিন্তু নাতনী পাকিস্তানি ড্রেস ছাড়া ঈদ করবে না,Hate,Political,Organization
meme_2132.jpg,এই নিন কোরআন গালাগালি দিতে বলেছে এমন একটি আয়াত দেখান কোরআনে নেই কিন্তু অন্য নাস্তিকদের বলতে শুনেছি এটা কোরআনের শিক্ষা তাই আমিও বলেছি,Hate,Religious,Community
meme_2133.jpg,"বিহার, উত্তরপ্রদেশ নয়, ১৮ বছরের আগেই মেয়েদের বিয়ের নিরিখে দেশে শীর্ষে পশ্চিমবঙ্গ আমি তো আগেই বলে দিয়েছি এগিয়ে বাংলা!",Hate,Political,Organization
meme_2134.jpeg,যেই উপরওয়ালা ওর মতো নিগা রে এতো সুন্দর বউ দিসে ওই উপরওয়ালা আমারও কিছু না কিছু একটা করবেই,Non Hate,,
meme_2135.jpg,পাশের বাসার আন্টি আমার সম্পর্কে কোনো গোপন কথা জেনে যাওয়ার পর* গোপন কথা: আমি ঘুরি সারা বাংলাদেশ...,Non Hate,,
meme_2136.jpg,এরা এদের মৃত্যুর জন্য নিজেরাই দায়ী অলিম্পিকের মেডেল থেকে মঙ্গলযান সব কৃতিত্বই এনার,Hate,Political,Organization
meme_2137.jpg,আমার ফেসবুক হোমপেইজের অবস্থা এখন,Non Hate,,
meme_2138.jpeg,তীব্র দাবদাহে হঠাৎ করে যখন কোন এলাকা বৃষ্টি হয় এলাকাব মানবতার শরবতওয়ালা ভিউস এ লালবাতি ,Non Hate,,
meme_2139.jpg,সমগ্র বাংলাদেশের শয়তান চাঁদপুরের শয়তান,Non Hate,,
meme_2140.jpeg,যখন আপনি ক্রিকেট খেলায় প্রথম বলেই আউট হয়ে যান কিন্তু পরে জানতে পারেন ওটা টেস্ট বল ছিল,Non Hate,,
meme_2141.jpeg,পিসি ভক্ত পিসির চটি,Hate,Political,Organization
meme_2142.jpg,আপনাকে দেখে তো মুসলিমই মনে হচ্ছে! তাহলে হিন্দুদের মণ্ডব দেখতে যান কেন?,Hate,Religious,Community
meme_2143.jpg,ওর মা নেই ওকে গ্রেফতার করা অনুচিত বলছিলাম ঘোষ বাবু; পিসি থাকলে গ্রেফতার করা যাবে,Hate,Political,Organization
meme_2144.jpg,*ভুঁড়িওয়ালা বিসিএস কাকু *সাদিয়া *সাদিয়ার উপর ক্রাশ খাওয়া আপনি ও আপনার সোনাপাখি,Hate,Gender,Community
meme_2145.jpeg,"বাংলাদেশীরা কালো কুৎসিত, দেখতে ইতর, চিন্তায় রুচিহীন আর স্বভাবে শুয়োরের বাচ্চা - জুলফিকার আলী ভুট্টো।",Hate,Political,Organization
meme_2146.jpg,ক্লান্ত শরীরে তারাতারি ঘুমাতে চাওয়া আমি* বাপজি আজকে বিদেশ যাইবেন না ?,Non Hate,,
meme_2147.jpg,৫ কোটি মানুষের ক্রয় ক্ষমতা ইউরোপের মতো: বাণিজ্যমন্ত্রী এদিকে বাংলার মানুষের বর্তমান অর্থনৈতিক অবস্থা - আল্লাহকে নাম পে কুছ দে দে বাবা,Hate,Political,Organization
meme_2148.jpeg,ঠিকমতো গরম টাকে উপভোগ করতে পারছি না মাঝে মাঝে কারেন্ট এসে বিরক্ত করতেছে ,Non Hate,,
meme_2149.jpeg,তুই বোকাচোদা।,Non Hate,,
meme_2150.jpg,এবার নজরে কাকু ৩ হাজার অযোগ্যর চাকরির বদলে পার্থকে দামি গাড়ি ভেট? চাকরি চুরিতে পার্থকে গাড়ি? কাকুকুকুকুকুকু,Hate,Political,Organization
meme_2151.jpeg,আপনারাই দেখুন এই ছেলেটা এত বড় হয়ে গেছে কিন্তু এখনও বেল্ট পরতে পারে না,Non Hate,,
meme_2152.jpg,ক্রাশকে প্রথমবার শাড়িতে দেখার পর,Non Hate,,
meme_2153.jpg,"""গাধার উক্তি"" দয়াকরে নাস্তিকদের গাধা বলে গাধা শ্রেণীকে অপমান করবেন না! আমরা গাধা হতে পারি, কিন্তু তাদের মতোন স্টুপিড নই! ধন্যবাদ",Hate,Religious,Community
meme_2154.jpg,তুমি অনেক ভালো আমার সব পোস্টে দাও- এই নাও একটু খাও- আজব তো! আমি খেতে বলছি বলেই খেতে হবে নাকি!,Non Hate,,
meme_2155.png,সেই রোববার হরতাল দিছে! আর কেউ হরতাল দেয় না কেরে? যাক ৩দিন হরতাল+ শুক্র-শনিবার আমার যে এতু খুশি লাগতাছে!,Non Hate,,
meme_2156.jpeg,তোমার কি লজ্জা লাগেনা এখন গরম ছাড়া কিছুই লাগছে না ,Non Hate,,
meme_2157.jpg,এতরাতে অনলাইনে কি কর? ঘুমাতে পারিনা সারারাত ধরে বুকের ভেতরটা হাহাকার করে,Non Hate,,
meme_2158.jpg,দোকানদার: কি লাগবে ? আমিঃ যেটা ব্যবহার না করার জন্য আপনার জন্ম হইছে দোকানদার:,Non Hate,,
meme_2159.jpg,"জীবহত্যাকে উৎসব বলে মনে করে যারা, তারা বর্বর এবং প্রাকৃতিক খাদ্যচক্রের অনিবার্যতার কারণে জীবহত্যা আর উৎসবের নামে জীবহত্যা যাদের চোখে অভিন্ন, তারা বোকচোদ বর্বর",Hate,Religious,Community
meme_2160.jpeg,চাঁদে যাচ্ছিনা কারণ নিজস্ব চাঁদ আছে,Non Hate,,
meme_2161.jpeg,১ বছর প্রেরণা মুলক ভিডিও বানান সমাজ আপনাকে দেখবে না ড্রাইভে ২ মিনিট ৩৪ সেকেন্ড এর ডিডিও আপলোড করেন সমাজ আপনাকে নিয়ে বিচার বসাবে,Non Hate,,
meme_2162.jpg,বর্তমানে মুসলমান বিধর্মী নাস্তিক,Hate,Religious,Community
meme_2163.jpeg,মেশিন সচল থাকা অবস্থায় হোচেমিন,Hate,Gender,Community
meme_2164.jpg,"প্রতিটা সেক্টরে দূর্ণীতি, দাঁড়ি রাখায় চাকরি হচ্ছে না,পর্দা করতে আন্দোলন করতে হচ্ছে, হকানে আলেমরা সব জেলে, পাঠ্য বইয়ে নাস্তিকা, দিন দিন ইসলাম মাটির সাথে মিশে যাচ্ছে! বাংলাদেশের মুসলিম :-",Hate,Religious,Community
meme_2165.jpg,"খাড়াইয়া পানি খাইতে নিষেধ করসে নবী কেউ ভুলে খাইয়া ফেললে বমি কইরা ফালাইয়া দিতে হবে। তয় নবী কিন্তু নিজেই পানি খাইতো খাড়াইয়া খাড়াইয়া। (সহীহ মুসলিম, বই ২৩, হাদিস ৫০২২-৫০২৩)",Hate,Religious,Community
meme_2166.jpeg,কেউ বুঝলোই না আমি বদলে যাচ্ছি না ভেতরে ভেতরে শেষ হয়ে যাচ্ছি,Non Hate,,
meme_2167.jpg,এটাই আমার প্রিয় গাড়ি...,Hate,Political,Organization
meme_2168.jpeg,লাজ শরমহীন আমি এমনেই প্রতিদিন তার প্রোফাইল চেক করি,Non Hate,,
meme_2169.jpg,"শিক্ষা-ফিক্ষা কিছুই হবে না, সব ডকে উঠবে' , স্কুল বন্ধ নিয়ে বললেন অনুব্রত কেষ্ট'দা স্কুল ডকে উঠে গেলে আমি কোথায় জগ নিয়ে ছোঁড়া ছুঁড়ি খেলতে যাবো?",Hate,Political,Organization
meme_2170.jpg,জাহান্নাম থেকে বাঁচার জন্য পর্দা করা প্রয়োজন! তুমি অলরেডি সেখানেই আছো সোনামণি,Hate,Religious,Community
meme_2171.jpg,আপনি যদি বামদিকে তাকান দেখতে পাবেন আপনার বন্ধুরা নতুন প্রেম করছে আপনি যদি ডানদিকে তাকান দেখতে পাবেন আপনার বন্ধুরা বিয়ে করছে আর আপনি যদি নিজের দিকে তাকান দেখতে পাবেন আপনি ৩ ঘণ্টা ধরে একই জায়গায় জ্যামে বসে আছেন,Non Hate,,
meme_2172.jpeg,"ছোট ছোট কাপড় পরে নিজেকে মডার্ন মনে করো, আর পাবলিক তোমাকে মাগী মনে করে মাগী।",Hate,Gender,Community
meme_2173.jpeg,মুসলিম মেয়ে হিন্দু ছেলে হিন্দু মেয়ে মুসলিম ছেলে ,Hate,Religious,Community
meme_2174.jpeg,স্বামী বিদেশ থাকলে মেয়েরা যে কত কষ্ট পায় তা কেউ বুঝবেনা,Non Hate,,
meme_2175.jpg,"একটা আঙ্গুল, দুইটা আঙ্গুল, তিনটা আঙ্গুল, যে কোন একটা বেছে নাও!",Hate,Gender,Community
meme_2176.jpg,"পৌরাণিক কাহিনী আজ যা ধর্ম, আগামীকাল তা কল্পগাথা",Hate,Religious,Community
meme_2177.jpeg,যখন কোনো বন্ধুকে ১ টার পর ১ টা সিগারেট খেতে দেখি  আর বেশি দিন নেই খাটে শুয়ে পরগে যা ,Non Hate,,
meme_2178.jpg,স্যার একটা কথা মাথায় ঘুরছে... বলে ফেল... উনি বেকারদের হটাৎ চা বিস্কুট ঘুগনির কারবার করতে বললেন কেন? গরু কয়লা বালি সোনা নিয়ে কারবার অলরেডি ভাইপো করছে...,Hate,Political,Organization
meme_2179.jpg,"তুই কি জানিস, দুনিয়ার এক বিলিয়ন মুসলিম প্রত্যেক বছর পুরা এক মাস ধইরা ভোজন-উৎসব চালায়? কারণ তারা জানতে চায়, গরীব আর ক্ষুধার্ত থাকতে কেমন লাগে। হুঁ, আমি জানতাম এইটা।",Hate,Religious,Community
meme_2180.png,আপা গণতন্ত্র মানে কি? বাংলাদেশে আইসা দেখে যান!,Hate,Political,Organization
meme_2181.jpg,সে যে বসে আছে একা একা.. তাতে আমার কি আমি যে শুয়ে আছি একা একা!,Non Hate,,
meme_2182.jpeg,পশ্চিমবঙ্গে সিপিএম তৃণমোল্লা মোদীকে হারাবার সময় সিপিএম তৃণমোল্লা,Hate,Political,Organization
meme_2183.jpg,পরিক্ষার টেনশন আমার মোবাইল আমি,Non Hate,,
meme_2184.jpg,বৃষ্টির জন্য বড় অবদান আমার ঐ ফাইজলামি পাইসোস? কেন? আমি মেঘ ধরে নাড়াচাড়া দিছিলামতো,Hate,Political,Organization
meme_2185.jpeg,শালাকে গরম তেলে ছাড়বো বহুত কষ্ট করে ধরেছি,Hate,Political,Organization
meme_2186.jpeg,দেখছিস তো বিনোদ ৩৪ বছর ক্ষমতায় থাকার সময় মানুষকে যেভাবে সিপিএম অত্যাচার করতো যাদবপুরের বড়ো বড়ো বিপ্লবী দাদারাও সেই একই অত্যাচার করে একটা ছেলেকে মেরে ফেললো ,Hate,Political,Organization
meme_2187.jpg,আমি চাই একদিন মোহনবাগান ব্রাজিল আর ইতালিকে হারিয়ে বিশ্ব চ্যাম্পিয়ন হোক!,Hate,Political,Organization
meme_2188.jpeg,রাজ্যে ৪১ লক্ষ চাকরি আশ্বাস মমতার বাংলায় ৪১ লক্ষ চাকরি হবে কিন্তু এতগুলো পোষ্টই তো নেই মা তাদের মাইনে কোথা থেকে দেবেন পঞ্চায়েত ভোট আসছে তো তাই ওদের দিয়ে ছাপ্পা মারার কাজ করাবেন,Hate,Political,Organization
meme_2189.jpeg,"কাদিস না অভিশেক নামের একটা বোঝা আমার ঘাড়েও আছে, আমি দুঃখটা বুঝি।",Non Hate,,
meme_2190.jpg,এসব দেখি কানার হাট বাজার,Hate,Gender,Community
meme_2191.jpeg,এরকম প্রথম ম্যাচ হেরে শেষবার বিশ্বকাপ জিতসিল আর্জেন্টিনা,Non Hate,,
meme_2192.jpg,ফ্যামিলির সবাইকে খাবার পরিবেশন করতে গিয়ে যখন ভাবীর বুক থেকে ওড়না পড়ে যায় দুষ্টু দেবর বি লাইক:,Hate,Gender,Community
meme_2193.jpeg,কিডনি বিক্রি করে মিয়ামি বনাম আল নাসের এর খেলা দেখতে আসার পর যখন জানতে পারে মেসি বা রোনালদো কেউই এই ম্যাচে খেলবে না,Non Hate,,
meme_2194.jpg,"গ্রাম থেকে শহরে ঘুরতে আসা চাচা ধানমন্ডি, বসুন্ধরা এলাকায় ওড়না ছাড়া মেয়েদের ঘুরাঘুরি করতে দেখার পর কেয়ামতের আলামত শুরু হয়ে গেসে",Hate,Gender,Community
meme_2195.jpg,থানা পাড়া মিমের বাসার সামনে দাড়াই থাকো কেন সারাদিন ?,Non Hate,,
meme_2196.jpeg,রেগুলার পট করী বন্ধুকে পটহেড এবং পটারহেড এর পার্থক্য বোঝানোর জন্যে যখন হ্যারি পটার সিরিজের কাহিনী শুনান কিন্তু এসব গাঁজাখোরি গল্প শুনে সে পাল্টা বলে তাহলে তো আমিও পটারহেড,Non Hate,,
meme_2197.jpg,এসএসসি তে ফেল করার পর যখন ব্যাটারি চালিত রিক্সা কিনতে চাই আব্বু: বাপরে...শখের তো কমতি নাই,Non Hate,,
meme_2198.jpeg,আমি ভেবে পাচ্ছিনা একটা ছেলে কতটা ভাগ্যবান হলে আমার মতো নিষ্পাপ বউ পাবে,Non Hate,,
meme_2199.jpeg,গ্রামের মুরুব্বি ১ আরে ধুর ও শহরের আধুনিক পোলা ধর্মের ব্যাপারে খোঁজ রাখে নাকি গ্রামের মুরুব্বি ২ হ ওরে ডাইকা হালকা একটা বুঝ দেই শব এ বরাত নিয়া নাকি আমরা বাড়াবাড়ি করি  শহরের আধুনিক আমি,Non Hate,,
meme_2200.jpeg,গতকাল একটা ভয়ংকর সপ্ন দেখেছি বন্ধু কী দেখেছিস স্বপ্নে আমার বিয়ে হয়ে যাচ্ছিল ,Non Hate,,
meme_2201.jpg,তুমি যদি এই কাজটি করে থাকো তাহলে তোমার শৈশব অনেক জোশ ছিলো,Non Hate,,
meme_2202.jpeg,গার্লফ্রেন্ড বয়ফ্রেন্ড জাস্টফ্রেন্ড লিভ টুগেদারের মত পশ্চিমা কালচার নরমালাইজ করার পর বাংলা নাটক ইন্ডাস্টি অই নেক্সট,Hate,Gender,Community
meme_2203.jpeg,"জানি মানব হত্যা মহাপাপ কিন্তু মেহেদী দেয়া তেঁতুল আচার খাওয়া,ফুল পছন্দ করার কারণে যখন কেউ জিজ্ঞেস করে তুই কি মেয়ে নাকি তখন আর কোন উপায় থাকে না ",Hate,Gender,Community
meme_2204.jpg,"দেশী পিচ্চিদের অবস্থা, যখন বলে... আপনার মোবাইলে গেমস আছে?",Non Hate,,
meme_2205.jpg,নেক্সট অ্যাটাক কারে করুম? হিন্দু খ্রিষ্টান এইসব বাদ দিয়া একসাথে মিলামিশা থাকলে কেমুন হয়?,Hate,Religious,Community
meme_2206.jpg,"পশু কুরবানী অমানবিক' - এটা মানুষকে গিলিয়েই ছাড়বো! দুষ্টু মুসলিমরা এখন 'পাঁঠা বলি' নিয়ে উল্টো প্রশ্ন তুলছে অন্যদিকে, বিফ-তো আমার খুবই পছন্দ!",Hate,Religious,Community
meme_2207.jpg,গায়ে হলুদের সময় বিয়ের সময় শাশুড়ির সামনে শশুরের সামনে দেওরের সামনে ফুলশয্যার পর,Hate,Gender,Community
meme_2208.jpeg,"দেশ বেচে এসেছি আড্ডা মারতে না, দেশ বেচা হয়ে গেলে বাড়ি চলে যাবো",Hate,Political,Organization
meme_2209.jpg,বোরখা - আমার নিজের চয়েস । লিঙ্গবৈষম্য,Hate,Religious,Community
meme_2210.jpeg,মা যখন বলে চায়ে এক চামচের বেশি গুড়া দুধ দিবি না আমার চামচ,Non Hate,,
meme_2211.jpg,"প্রবৃত্তিপুজা ""মানবতাবাদ""",Hate,Religious,Community
meme_2212.jpg,*দোকানের বেগুনি *বাসার বেগুনি,Non Hate,,
meme_2213.jpeg,এতো ভাব কিসের তোমার আমাদের রায়পুরাতেই এখন চলছে বাণিজ্য মেলা ভাব ভো একটু থাকবেই,Non Hate,,
meme_2214.jpg,রয়্যাল বেঙ্গল টাইগার অনুব্রত মন্ডল! মন্তব্য অভিনেতা বিধায়ক সোহমের এ কেমন বাঘ যার ঠিকানা তিহার জেল!?,Hate,Political,Organization
meme_2215.jpg,বান্ধবী প্রেম করছে শোনার পর : ছেলেটা কি অন্ধ?,Non Hate,,
meme_2216.jpeg,মদন মিত্র যতই চোর ডাকাত মাতাল হোক না কেন মানুষ হিসেবে তিনি খুব ভালো গতকাল বুদ্ধবাবুর নামে কত প্রশংসা করেছেন দেখলেন না ,Non Hate,,
meme_2217.jpg,অবিশ্বাসীদের করা সৎ কাজের মূল্য আল্লাহর কাছে আছে। (সূরা যিলযাল ৯৯:৭) অবিশ্বাসীদের করা সৎ কাজের মূল্য আল্লাহর কাছে নেই ! (সূরা আত তাওবাহ ৯:১৭),Hate,Religious,Community
meme_2218.jpeg,"আমাদের সকলের প্রিয় কানাইয়া দা আর নেই, তার অকাল মৃত্যু হলো, সিপিএম কর্মীদের কাছে",Hate,Political,Organization
meme_2219.jpg,"অনেক দিন পর রাস্তায় যখন ক্রাশকে দেখি: বুকে চিন চিন করছে হায়, মন তোমায় কাছে চায়।",Non Hate,,
meme_2220.jpg,দুইবার ভুমিকম্প হইসে ! একবার ও টের পাই নাই !,Non Hate,,
meme_2221.jpeg,যখন কাউকে সিঙ্গারা সমুচার সাথে পেঁয়াজ কামড়িয়ে খেতে দেখি  রাজার ছেলে মনে হয়,Non Hate,,
meme_2222.jpg,"ইছলামের নবী বলসে, সেজদায় গিয়া কেউ ইমামের আগে মাথা তুললে তার মাথারে আল্যা গাধার মাথা বানায়া দিবে অথবা তার শরীররে বানায়া দিবে গাধার শরীর । (বুখারি, খণ্ড ১, বই ১১, হাদিস ৬৬০)",Hate,Religious,Community
meme_2223.jpg,বাজারের সবচেয়ে* কমদামী গরু *আমার আব্বু,Non Hate,,
meme_2224.jpg,এরকম গন্ধ তো আমার বয়ফ্রেন্ড এর গা থেকেও পাওয়া যায় হ্যাঁ জানি,Non Hate,,
meme_2225.jpeg,একটা মেয়ে আমাকে দুই ঘন্টা ধরে বোঝালো যে মেয়েরা কথা কম বলে,Hate,Gender,Community
meme_2226.jpeg,সাদা জামা পরে খেতে বসা বিদ্যমান তরকারির ঝোল,Non Hate,,
meme_2227.jpeg,রমজানে যারা শ্বশুর বাড়িতে গিয়ে সরবত বানানোর জন্য পোস্ট দিছো তারা এই ঈদে চুপ কেনো ভুড়ি সাফ করতে যাবা না শ্বশুর বাড়ি,Hate,Gender,Community
meme_2228.jpg,বিশ্বকাপের জন্য একটা পতাকা কিনছিলাম কিন্তু ঝড়ের বাতাসে উইড়া গেছে,Non Hate,,
meme_2229.jpg,যখন কোনো মেয়ে অনেকদিন পর আমের আচার খায় আমিও এইভাবে আচার খাই,Hate,Gender,Community
meme_2230.jpeg,"পুজোর মুখেই নিম্নচাপের খাড়া, আছড়ে পড়তে পারে ঘূর্ণিঝড় তিতলি। দুর্গা আর পুজোর আনন্দ মাটি করতে চাই তিতলি, মেয়েরই মেয়েদের বড় শত্রু।",Hate,Gender,Community
meme_2231.jpeg,"বুঝলি আমরা তোদের আবার জল দেবো। আরে থ্যাংক ইউ দাদা। আর মেরো না, খুব ভয় লাগছে। আরে নেভি বলছে ওরাও একটা স্ট্রাইক মারবে। তাই জল দিচ্ছি যাতে নেভি ঢুকতে পারে বুজলি। ফাক!",Hate,Political,Organization
meme_2232.jpeg,বিরিয়ানি খেয়ে হজমি গুলি ব্যারাকপুরের লোকজন বিরিয়ানি খেয়ে বন্দুকের গুলি ,Non Hate,,
meme_2233.jpg,ইছলামত্যাগীদের হত্যা করো! ধর্ম-সমালোচকদের ফাঁসি দাও! নারীদের দোররা মারো! কাফেরদের দাস বানাও! সমকামীদের ফাঁসি দাও! বউকে পেটাও! শিশুবালিকাদের বিয়ে করো! মূর্তি ধ্বংস করো! শুনে মনে হচ্ছে বীভৎস এক ধর্ম! খবরদার! আমার ধর্মের প্রতি শ্রদ্ধা দেখান।,Hate,Religious,Community
meme_2234.jpg,চোর ধরার জন্য ক্যামেরা লাগাইছিলাম ক্যামেরাই চুরি হয়ে গেছে,Non Hate,,
meme_2235.jpg,যখন কোন মেয়ে আমার ডিপি তে লাভ রিয়েক্ট দেয় আমি-,Non Hate,,
meme_2236.jpeg,বলছিলাম রাইত জাইগা পছন্দের ক্লাবের খেলা দেখার দরকার নাই,Non Hate,,
meme_2237.jpeg,"বিশ্বজুড়ে প্রেমের দিবস, সবাই করছে প্রেম মিটিয়ে আশ, কিছু সৈন্য ছুটি পেলো আজ, মায়ের কোলে ফিরছে তাদের লাশ",Hate,Political,Organization
meme_2238.jpg,"তাকিয়া ইছলাম অনুমোদিত শঠতা ব্যবহারিক প্রয়োগ মুছলিমরা যখন সংখ্যায় স্বল্প... আমরা শান্তির ধর্মের প্রতিনিধি | মুছলিমদের সংখ্যা একটু বাড়লে.... ইছলাম বিশেষ মর্যাদা পাবার অধিকার রাখে। মুছলিমরা যখন সংখ্যাগরিষ্ঠ... ইছলামের পথে আসো, নাইলে খবরাছে",Hate,Religious,Community
meme_2239.jpeg,দেখ কুত্তার বাচ্চা তুই পারোস নাই কিন্তু নাহিদ ঠিকই পারসে বড় করতে,Hate,Gender,Community
meme_2240.jpeg,সব ধর্মের রক্ত আছে এই মাটিতে হিন্দুস্থান কারো বাপের নয় রাহুল গান্ধী রক্ত পরীক্ষা করার জন্য ক্লিনিক খুলে বসে নেই খান থেকে গান্ধী কী করে হয় কাগজ দেখা,Hate,Political,Organization
meme_2241.jpg,লোক লজ্জায় বলতে পারি না আম্মুর হাতের রান্নার চেয়ে আব্বুর হাতের রান্না অনেক মজা লাগে,Non Hate,,
meme_2242.jpeg,"মেয়েরা: মেধা দিয়ে ডিগ্রি অর্জন করতে হবে, ফুটো দেখিয়ে ডিগ্রি অর্জন করতে হবে।",Hate,Gender,Community
meme_2243.jpg,"যখন তুমি কিউট ইন্সটা কুইন হইতে যাইয়া ভাত পাও না, কিন্তু দুধ শো-অফ কইরা অনেক গুলা লাইক কামাই ফেলো",Hate,Gender,Community
meme_2244.jpg,"*সাম্রাজ্যবাদী বুর্জোয়া রাষ্ট্রের মুসলিম বিরোধী প্রচারণা বিদ্যমান* লিবারেল নাস্তিক এবং ""বিপ্লবী বামপন্থী"":",Hate,Political,Organization
meme_2245.jpg,ছোট ভাইয়ের সাথে মারামারির সময় যখন আম্মু চলে আসে,Non Hate,,
meme_2246.jpg,বাঙ্গির শরবত খাইয়ে ছেলে পটিয়ে নিলো সুমাইয়া নামের এক যুবতী!,Non Hate,,
meme_2247.jpeg,শিক্ষামন্ত্রী এদেশের হলেও কার্যক্রম চালানো হবে ওই পার থাকে ,Hate,Political,Organization
meme_2248.jpg,শুভেন্দু তো দিব্বি তৃণমূলে ছিল হটাৎ বিজেপিতে যেতে গেল কেন? ও যদি টিএমসি-তে থাকতো তাহলো ওকেও আজকে পাচিল টপকাতে হতো। সেয়ানাটা এটা আগে বুঝে দল টপকালো।,Hate,Political,Organization
meme_2249.jpeg,তুমি লেনিনের ফাদে পড়েছ বাবা গো,Hate,Political,Organization
meme_2250.jpeg,ছোটবেলা থেকে স্বপ্ন ছিল যে এমন কাউকে পাই যাকে পেলে সব ভুলে যাই তারপর জীবনে মোবাইল এলো,Non Hate,,
meme_2251.jpg,বেহেস্তী ব্যাংক মুক্ত হস্তে দান করুন অতঃপর,Hate,Religious,Community
meme_2252.jpg,আমি সমক![মী]তাকে করি তাহলে তোদেরকে থাপ্পড় ম![রা] আমার নৈতিক দায়িত্ব,Hate,Gender,Community
meme_2253.jpeg,সব পাগলীর ঠিকানা পাবনা হয়না কিছু কিছু পাগলীর ঠিকানা হয় পাগলের বুকে ,Non Hate,,
meme_2254.jpeg,গোস্ত খাওয়ার সময় সাদা পাঞ্জাবিতে ঝোল লেগে যাওয়ার পর আমার সর্বনাশ হইয়া গেছে ,Non Hate,,
meme_2255.jpeg,তখন মোদির বিএসএফ বাংলাদেশি অনুপ্রবেশ আটকাতে পারছে না কেন এখন বিএসএফ এর ক্ষমতা বাড়ানো কেন হলো মোদি তুই জবাব দে ঢ্যামনামোর একটা লিমিট থাকা উচিত দিদি,Hate,Political,Organization
meme_2256.jpg,"ইয়া মাবুদ, তুমি যদি আমার মোনাজাত শুইনা থাকো, আমারে কোনও সিগন্যাল দিয়া জানাও।",Hate,Religious,Community
meme_2257.jpeg,"বর্তমানে পশ্চিমবঙ্গে একমাত্র হোটেল যেখানে ফ্রেশ খাবার পাওয়া যায়, সেটি বাবার হোটেল।",Non Hate,,
meme_2258.jpg,যখন তুুমি রোযা রেখে গালি দিতে পারবেনা দেখে কারো পোস্টে তোমার হিন্দু বন্ধুকে মেনশন দিয়ে গালি দেওয়াও । ডান কাধের ফেরেস্তাঃ বাম কাধের ফেরেস্তাঃ,Non Hate,,
meme_2259.jpeg,"সন্ত্রাস প্রতিরোধে জনগণকে লাঠি বাশ দিলেন খুলনা রেঞ্জের ডিআইজি, এবার হিন্দুদের হাতে অস্ত্র তুলে দিলো খুলনা রেঞ্জের ডিআইজি! পুলিশ কি চায় দেশে দাঙ্গা লাগুক?",Hate,Religious,Community
meme_2260.jpg,"শুভ শিক্ষক দিবস স্যারজি... আচ্ছা রেস্টুরেন্টে চল মসা, মাছি ভাজা খাওয়াব...",Non Hate,,
meme_2261.jpg,"রাতে আব্বু বাসায় আসার পর, ছোট ভাই/ বোন: আব্বু ! ভাইয়া আমাকে",Non Hate,,
meme_2262.jpg,ইসলাম শান্তির ধর্ম কিন্তু শান্তি প্রতিষ্ঠার জন্য আগে ইসলাম কায়েম করতে হবে মডারেট মুসলিম,Hate,Religious,Community
meme_2263.jpg,দেখতে পাচ্চো বিনোদ উন্নয়নের নব জোয়ারে ব্যালট কেমন ভাসছে,Hate,Political,Organization
meme_2264.jpg,"হাসনাত রেজা করিম ও তাহমিদ হাসিব খানের মুক্তি চাই! জঙ্গি মুছলিম মডারেট মুছলিম বাংলাদেশে সম্ভাব্য জঙ্গির সংখ্যা কয়েক কোটি, এরা স্রেফ সুযোগ ও সাহসের অভাবে মডারেট",Hate,Religious,Community
meme_2265.jpg,"""ফেইসবুকে যেমন"" ""বাস্তবে যেমন""",Hate,Gender,Community
meme_2266.jpeg,আম্মুর সাথে শীতের মার্কেট করতে গেছিলাম এটা কিনে দিসে ,Non Hate,,
meme_2267.jpeg,২০ সেকেন্ডের ষ্টোরি আপলোড দিতে গিয়ে ২ ঘণ্টা যাবৎ পছন্দের গান খুঁজতে থাকা আমি ,Non Hate,,
meme_2268.jpeg,ক্লাবকে নিজের ফ্যামিলি বলা মানুষ যখন নিজের বাসায় যায় তোমরা কারা আমি এখানে কেনো,Non Hate,,
meme_2269.jpeg,কলাবিজ্ঞানীদের কাছে মূর্তির পেছনে বাঁশ ঢুকিয়ে মূর্তির থেকে মঙ্গল আশা করার বিজ্ঞান জানতে চাইলাম ,Hate,Religious,Community
meme_2270.jpg,"মানুষ ও বান্দরের মধ্যে চরম একটি পার্থক্য, আমাদের দাড়ি গজায় বান্দরের দাড়ি গজায় না তবে ছাগলের দাড়ি গজায় আতংকে আছি, কখন যে নাস্তিকরা বলে ওঠে, আমাদের পূর্ব পুরুষ ছাগল ছিলো, আমরা ছাগল থেকে বির্বতিত",Hate,Religious,Community
meme_2271.jpeg,তুই ভালো জমিতে জন্মানোর চান্স পাস নাই তাই তুই বাঙ্গি,Non Hate,,
meme_2272.jpg,যখন কেউ এসে বলে আজকে তো ভ্যালেন্টাইন্স ডে... তখন আমি :- তাতে আমার বাল ছেড়া গেলো,Non Hate,,
meme_2273.jpeg,"জুতা লুকিয়ে 10,000 টাকা পেয়ে খুশি হওয়া শ্যালিকা তার বাপের কাছে 10 লক্ষ টাকা বাইক এবং ফানিচার নিয়ে বসে থাকা জামাই বাবু  ",Non Hate,,
meme_2274.jpg,"ইসলাম মধ্যযুগীয়, সেকেলে... চল, প্রাগৈতিহাসিক সরীসৃপ নিয়া নববর্ষের মিছিল করি!",Hate,Religious,Community
meme_2275.jpg,যখন আপনি মেহেদী লাগাতে চান কিন্তু মেহেদী আপনাকে উল্টো লাগিয়ে দেয়,Hate,Gender,Community
meme_2276.jpg,২৩শে জানুয়ারিতে তিনু নেতা *সকালে *রাতে,Hate,Political,Organization
meme_2277.png,ওই... কি? এতো বালুর ট্রাক পাঠান কেন?? পারলে একটা আটা ময়দার ট্রাক পাঠান পার্লার খুইলা ফেলতে পারবো,Hate,Political,Organization
meme_2278.jpg,যখন কোন হর্নি দিদি পাড়ার ইনোসেন্ট ছোট ভাইদের থেকে মজা নিতে চায়,Hate,Gender,Community
meme_2279.jpeg,প্রেমিকের মন খারাপ কারণ তার প্রেমিক এক বেলা ভাত খায়নি জন্য অসুস্থ হয়ে মারা যেতে পারে ,Non Hate,,
meme_2280.jpeg,তোকে কতবার বলেছি আব্বু ফোন দিলে আশপাশ থকে উল্টাপাল্টা কথা বলবিনা ,Non Hate,,
meme_2281.jpeg,মানুষের মুখে শুনা জিন পরীকে যখন টিভির পর্দায় স্টেডিয়ামে দেখতে পান ,Non Hate,,
meme_2282.jpg,পটনা স্টেশনের টিভিতে পর্ন ভিডিয়ো চলল মিনিট তিনেক!,Hate,Political,Organization
meme_2283.jpg,"সিষ্টার, ক্রুশটা এখানে চেপে ধরুন। অবস্থা গুরুতর। জলদি ধূপাধার নিয়ে আসুন। আমি চার সিসি দোয়াযুক্ত পানি ইঞ্জেক্ট করছি।",Hate,Religious,Community
meme_2284.jpeg,আম্ফানে টাকা দিয়েছিস কী হিসেব চাইছিস আম্ফানে কেন্দ্র সরকার ৩৭০০ কোটি টাকা পাঠিয়েছিলো,Hate,Political,Organization
meme_2285.jpeg,হুমায়ুন আজাদের কবিতার বই কিনে এনেছিলাম বাবা অশ্লীল চটির বই ভেবে উদোম কেলিয়েছে,Hate,Gender,Community
meme_2286.jpeg,"বুকের উপর গুলি চালিয়েও বাঙালিকে উর্দু শেখাতে না পারা পাকিস্তান, মুভি সিরিয়াল দেখিয়ে বাঙালিকে হিন্দি শিখিয়ে ফেলা ভারত",Hate,Political,Organization
meme_2287.jpeg,ভারতে মুসলমান শহিদ করতে গুলি চালনা শিখছে হিন্দু মহিলা। বাংলাদেশে মুসলমান শহিদ করতে হিন্দু মহিলার হাতে বাশ তুলে দিচ্ছে পুলিশ,Hate,Religious,Community
meme_2288.jpg,প্লিজ এবার বিয়েটা করে নাও বয়স তো দিন দিন বেড়েই চলেছে মাই বিয়ে ইজ মাই বিয়ে নান অফ ইয়োর বিয়ে,Non Hate,,
meme_2289.png,আমারও সিক্স প্যাক অ্যাবস আছে যাতে কেউ নজর দিতে না পারে সেই জন্য ভুঁড়ি দিয়া ঢাইকা রাখি,Non Hate,,
meme_2290.jpeg,টিভিতে দেখায় মেয়েরা যেভাবে আম খায় বাস্তবে যেমন করে খায়,Hate,Gender,Community
meme_2291.jpg,*বিচি *চামড়া প্যান্টের চেন,Non Hate,,
meme_2292.jpg,চীনা অ্যাপ ভারতে ব্যবহার করা নিষিদ্ধ হলো; চীনের অর্থনীতি:-,Hate,Political,Organization
meme_2293.jpg,কোটি টাকার নিয়োগ 'দুর্নীতি' কুন্তল কমিশন নিয়েছেন ১০%| বাকি ৯০% কোন ঘাটে জমা করলো!!,Hate,Political,Organization
meme_2294.jpg,"হাদিসঃ- [উক্ত স্ত্রীর সৌন্দর্য ও উজ্জলতা এমন হবে যে,] পোশাক ও অলংকার ভেদ করে তার হাড়ের মজ্জা পর্যন্ত দেখা যাবে। বেহেস্তী সানি লিওন। ভেস্তে গিয়া কে এই হুরী থুক্কু হরর শো দেখতে চান হাত তোলেন, অন্যকেও হাত তুলতে বাধ্য করেন... আমরা দেইখা হাসতে হাসতে কুটি কুটি হই।",Hate,Religious,Community
meme_2295.jpg,"ক্লাস ক্যাপ্টেন: সবাই চুপ কর, নাহলে বোর্ডে নাম লিখবো । ব্যাকবেঞ্চার্স: তোমাল ততা কেউ তোতেও না !",Non Hate,,
meme_2296.jpg,একটা মেয়েকে প্রপোজ করসিলাম সে সাথে সাথেই 'হা' বলে দিসিলো কিন্তু সে 'হা' বলসিল তিনবার। হা হা হা ।,Non Hate,,
meme_2297.jpg,দোস্ত আজকের কনসার্ট কিন্তু অনেক জমজমাট হইছে হ্যা বন্ধু আতশবাজিগুলা অনেক সুন্দর সারাবছরের গ্লানি ভুলে গেলাম এখানে এসে,Non Hate,,
meme_2298.jpeg,"সেই চরম মুহূর্ত যখন সরস্বতী পুজোর প্যান্ডেলেক্রাশের সঙ্গে কাজ করার সময় বন্ধুরা বলে "" দেখ একসাথে দুজনকে দারুণ মানিয়েছে",Non Hate,,
meme_2299.jpeg,টিফিনের সময় যখন দেখি কোন বন্ধু বাসা থেকে নুড়ুলস নিয়ে আসে ওরে ম্যাগি,Non Hate,,
meme_2300.jpeg,ডাব খাবে নাকি আমার?,Hate,Gender,Community
meme_2301.jpeg,পরীক্ষার দিনটা ও যদি ভোটের মতো হতো পরিক্ষা দিতে গিয়ে দেখতাম আমার পরিক্ষা দেওয়া হয়ে গেছে,Hate,Political,Organization
meme_2302.jpg,"সবচেয়ে বোকা প্রানী কোনটা? গরু, নিজেরা পানি খায় আর মানুষকে দেয় দুধ",Non Hate,,
meme_2303.jpeg,মনে রাখবি যাদের তুই বন্ধু ভাবিস তারা সবাই কিন্তু তোকে বন্ধু ভাবে না ,Non Hate,,
meme_2304.jpeg,আগে ব্রা পরিধান করতো দুধ ঢাকার জন্য। আর এখন ব্রা পরিধান করে দুধের সাইজ ফুটে ওঠার জন্য।,Hate,Gender,Community
meme_2305.jpeg,আচ্ছা তুমি কি চাকরী যোগার করবা না হ্যাঁ করবো তো আর বেশিদিন না কতদিন এই ধরো আর এক জীবন,Non Hate,,
meme_2306.jpeg,তাকে বললাম আমার জীবন আলোকিত করে দাও সে আগুন ধরিয়ে দিলো,Non Hate,,
meme_2307.jpg,মুখ্যমন্ত্রীকে সাম্মানিক ডি-লিট দিয়েছে কলকাতা বিশ্ববিদ্যালয়ও,Hate,Political,Organization
meme_2308.jpg,আমি যদি কখনো হারিয়ে যাই তোমরা কী করবে ? বিজ্ঞাপন দেব পাকিস্তানের প্রধানমন্ত্রি ইমরান খাঁন এর বোন নিখোঁজ,Hate,Political,Organization
meme_2309.jpg,মা মা একটু পাওলি ডাম দাও ! চেটে চেটে খাবো ধ্যাত ল্যাওড়া !,Hate,Gender,Community
meme_2310.jpeg,ভোট দিতে গিয়ে যখন জানতে পারেন আপনার মৃত আত্মীয় কিছুক্ষণ আগে ভোট দিয়ে গেছে,Hate,Political,Organization
meme_2311.jpeg,মাইনসে কথা বললে কি সুন্দর প্রেম হইয়া যায় আর আমি মুখ খুললেই গেঞ্জাম লাইগা যায়,Non Hate,,
meme_2312.jpg,বিন মিয়া কওতো দেখি 'সাইক্লোন' কি? ইহা এক ধরণের লোন যা কিনা সাইকেল কেনার জন্য দেওয়া হয়!,Non Hate,,
meme_2313.jpeg,"ধর্ম কখনও খারাপ হয় না, খারাপ হয় মানুষ। আর খারাপ মানুষের কোনো ধর্মই হয় না।",Hate,Religious,Community
meme_2314.jpeg,পরীক্ষার খাতা দেখে অভিভাবক পরীক্ষায় পাশ করে খুশিতে থাকা আমি,Non Hate,,
meme_2315.jpg,যেহেতু আজকে ঈদে আমার অনেক প্ল্যান সেহেতু আজকে সারাদিন বৃষ্টি হতে হবে,Non Hate,,
meme_2316.jpeg,খুব কেয়ার করতেছিলো  ভাবছিলাম ভালোবাসে হয়তো পরে শুনলাম সবাইকেই কেয়ার করে,Non Hate,,
meme_2317.jpeg,"ভোটগণনা চলছে, নোটা সিপিএম টিএমছি বিজেপি",Hate,Political,Organization
meme_2318.jpeg,মামা খুব ডিপ্রেসড লাগতেসে কি করবো বুঝতেসিনা ব্রেইন ওয়াশ করে সাজেশন দেয়ার পর বন্ধু তোর জীবন তুই যা ভালো বুঝবি কর ,Non Hate,,
meme_2319.jpg,যখন তুমি টয়লেটে থাকো আর তখনই মোবাইলে কল আসতেই থাকে,Non Hate,,
meme_2320.jpeg,সারা বছর মানুষকে গোয়া মারা থেকে বিরত রাখুন কিন্তু নিজে একদিন গোয়া মারুন  সমাজ আপনাকে নিয়ে বিচার বসাবে,Hate,Gender,Community
meme_2321.jpg,"এর মালিক আম্মু, আমার ঘুম হারাম হওয়ার কারণ একমাত্র ওই হালা জুকার !",Non Hate,,
meme_2322.jpeg,আমার শরীরটা ছেলেদের মতো হলেও মনে মনে আমি একজন মেয়ে ,Hate,Gender,Community
meme_2323.jpeg,"পরকীয়া নিয়ে বচসা, প্রকাশে হাতাহাতিতে জোড়ালেন তৃনমূলের দুই নেতা নেত্রী এ হামারা কালচার হ্যায়",Hate,Political,Organization
meme_2324.jpeg,বিয়ে বাড়িতে যাওয়ার পর মেয়েরা যখন তার থেকে ও সুন্দরী কাউকে দেখে।,Hate,Gender,Community
meme_2325.jpg,"ভালো মানুষেরা করে ভালো কাজ, খারাপেরা খারাপ কাজ। কিন্তু ভালো মানুষকে দিয়ে খারাপ কাজ করিয়ে নিতে প্রয়োজন ধর্মের ।",Hate,Religious,Community
meme_2326.jpeg,গরীব ঘরে জন্ম নিয়ে রাস্তার ল্যাম্পের আলোয় পা দিয়ে পড়ালেখা করে ইন্টার পাশ করার পরঃ প্রাচ্যের অক্সফোর্ড ,Non Hate,,
meme_2327.jpeg,শার্টের একদম উপরের বোতামও লাগিয়ে রাখায় ভদ্র বলা হেডমাষ্টার মাঝখানের বোতাম ছিড়ে যাওযায় উপরের বোতাম লাগিয়ে রাখা আমি,Non Hate,,
meme_2328.jpeg,বিয়ের দাবিতে আসা প্রেমিকা গ্রেফতার। গরু চুরি করতে গিয়ে হাতেনাতে ধরা খেল,Non Hate,,
meme_2329.jpg,সবজি ওয়ালাঃ ভাই ধনেপাতা দেবো? আমিঃ ধনে না ! হাতে দেন ! আমিঃ সবজি ওয়ালাঃ,Non Hate,,
meme_2330.jpeg,জোর করে আমার মধু খেল ফুলসজ্জার রাতে রোশান,Non Hate,,
meme_2331.jpeg,ভারতে যৌনধর্ম প্রচারে এলেন জনি দা। ভাবশিষ্য হলেন শ্রী ভুবন কাম,Non Hate,,
meme_2332.jpg,শরতের কাশফুল ফোটা বিদ্ব্যমান আমার বান্ধুবি তার দলবল নিয়ে পরের দিন ফেমিকন স্বল্পমাত্রায় জন্মবিরতিকর পিল,Hate,Gender,Community
meme_2333.jpeg,জানি... কিন্তু বলবো না!,Hate,Religious,Community
meme_2334.jpeg,আমার পরীক্ষার খাতা দেখার আগে স্যারের মুড,Non Hate,,
meme_2335.jpg,"ছেলে কালো, বয়স বেশি, বুরিওয়ালা, নুনু ছোট সরকারি চাকরিজীবী!",Hate,Gender,Community
meme_2336.jpg,"""সিপেম সব চাকরি খেয়ে নিচ্ছে' বলে কান্নাকাটি করা পিসি বিকাশরঞ্জন ভট্টাচার্য",Hate,Political,Organization
meme_2337.jpeg,প্রশ্ন পেয়ে ভুয়া মনে করে না পড়ার পর যখন হলে গিয়ে দেখি সেই প্রশ্নই এসেছে,Non Hate,,
meme_2338.jpg,বিয়ের পর যখন বাসর রাত সম্পর্কে জ্ঞান দিতে আসে আত্মীয়রা আমি: আরে কাকে খেলা শিখান ?,Non Hate,,
meme_2339.jpeg,তোর বয়স টা কিন্তু আমি পার কইরা আসছি,Non Hate,,
meme_2340.jpg,ডাটা প্যাক না কিনেই যখন আপনি ব্রাউজিং শুরু করেন সিম কোম্পানি: আপনি:,Non Hate,,
meme_2341.jpeg,তোকে কতবার বলছি যে আমার কাছে পরের সেমিস্টারে কোপানোর জন্যে কোন কুড়াল পাওয়া যায় না ,Non Hate,,
meme_2342.jpeg,কেমন আছো কাল যেমন দেখে গেছো ওহ এখনো ড্রেস খুলে শুয়ে আছো,Hate,Gender,Community
meme_2343.jpeg,যখন মা আমাকে কোনো কাজ করার কথা বলে ও বাবাগো মাথাটা বনবন করে ঘুরছে,Non Hate,,
meme_2344.png,শুনলাম তোমার এসএসসি রেজাল্ট দিবে এ+ পাবে তো?,Non Hate,,
meme_2345.jpeg,আম্মু আব্বুর ঝগড়া লাগার পর যখন দুইজনেই আমাকে বকতে শুরু করে আমি ,Non Hate,,
meme_2346.jpg,আগে বিয়ে টা করে নেই তারপর আমিও এভাবে আমার বউকে চুল বেঁধে দিব,Hate,Gender,Community
meme_2347.jpg,আমি* ডিরেক্ট বিয়ে ভার্সিটিতে প্রেম কলেজের প্রেম স্কুলের প্রেম,Non Hate,,
meme_2348.jpg,ঈশ্বর তোমার পেট বাধাইসে - কথাটা পাবলিকে না খাইলে তোমারে পাথর ছুঁইড়া মাইরা ফালাইতো ।,Hate,Religious,Community
meme_2349.jpg,কিছু বিখ্যাত মানুষ ও তারা যা বন্ধ করেছেন বাল্য বিবাহ সতীদাহ সরকারি চাকরি,Hate,Political,Organization
meme_2350.jpg,শুনলাম তুই নাকি প্রেম করছিস ? অত চিন্তা করিস না । ব্রেকআপ হলে পাড়ার ছেলেদের দিয়েই কাজ চালাব ।,Hate,Gender,Community
meme_2351.jpeg,বিয়ার পর শশুরবাড়িতে কেমনে বলবো আমার এই তরকারি ওই তরকারি পছন্দ না,Non Hate,,
meme_2352.jpeg,"পার হয়ে যায় গরু, পার হয় গাড়ি, দুই ধার উঁচু তার ঢালু তার পারি।",Hate,Gender,Community
meme_2353.jpeg,"তৃণমূলে রাক্ষসী বলছে মমতা বন্দ্যোপাধ্যায়কে, নতুন ব্যানারের ভুল ধরিয়ে দিলো বিজেপি, এতদিন পর বাঙালী আমাকে ঠিক চিনেছে, আমিই কিরণমালার কটকটি।",Hate,Political,Organization
meme_2354.jpg,হ্যাপি রোজ ডে,Hate,Political,Organization
meme_2355.jpeg,অতিশিক্ষিত বুদ্ধিজীবিদের মতে তুলসী তলার নীচে প্রদীপ জ্বালানোটা গেঁয়ো কুসংস্কার কিন্তু ক্রিসমাস ট্রি তে লইট লাগানোটা আধুনিকতা,Hate,Religious,Community
meme_2356.jpeg,আগে থেকেই ডেঙ্গু জ্বর বলে চালিয়ে দেবেন না ডাক্তারবাবু হতে পারে পেয়ার কা বুখার ,Non Hate,,
meme_2357.jpg,হালার পুত ! আমার বাপের চামড়া দিয়া বানানো জুতা পইড়া আমার মায়েরে গেসত পেন্নাম কইরতে ..,Hate,Religious,Community
meme_2358.jpg,ভুয়া সংবাদ শেয়ার করে চলেছে যে কিতাবগুলো সোশ্যাল মিডিয়া চালু হবার হাজার-হাজার বছর আগে থেকে,Hate,Religious,Community
meme_2359.jpeg,যখন ঠিক করি যে আরেকবার সাধলেই রাজি হয়ে যাবো ঠিক তখনি মানুষ সাধাসাধি বন্ধ করে দেয়,Non Hate,,
meme_2360.jpg,দিনে দুই কাপের বেশি চা খেয়ে ফেলা *রাতের ঘুম আমায় ডেকো না ফেরানো যাবে না,Non Hate,,
meme_2361.jpeg,আচ্ছা তারেক আলি তোমার ধর্মগন্থ কি গীতা না কোরআন আমি নিরক্ষরনতোমার ধর্ম কি মানবতা তুমি হিন্দু না মুসলমান আমি ক্ষুদার্থ ক্ষুদার্থ যখন তাহলে আজ মাংস ভাত আছে খেয়ে নাও মাংসটা হালাল তো,Hate,Religious,Community
meme_2362.jpg,বড় কোন দূর্ঘটনা কিংবা হতাশা থেকে মুক্তি পাওয়ার পর এখন আমার প্রথম কাজ হচ্ছে নামাজ আদায় করা,Non Hate,,
meme_2363.jpg,তৃণমূল ভবনের দরজা সৎ লোকেদের জন্য দুর্নীতিগ্রস্তদের জন্য,Hate,Political,Organization
meme_2364.jpg,বেবিস্ট্যান্ড যামু পাড়ায় যামু নানীড় বাড়ি যামু,Non Hate,,
meme_2365.jpg,ছেলেরা যেভাবে ফ্রেন্ডজোন থেকে বের হয় মেয়েরা যেভাবে ফ্রেন্ডজোন থেকে বের হয়,Non Hate,,
meme_2366.jpg,"পাছা বড় থাকলে আর কেউ তোমাকে সম্মান করুক না করুক, নুনু ঠিকেই তুমাকে দাঁড়িয়ে সম্মান করবে !",Hate,Gender,Community
meme_2367.jpeg,"বিয়েবাড়িতে ক্যাটারারের ছেলেগুলোর স্টাইল স্টেটমেন্ট, বরের স্টাইল স্টেটমেন্ট, আমি মাংস খাবো বলে বসে আছি",Non Hate,,
meme_2368.jpg,"যখন আমি কারো কল রিসিভ করে অন্য রুমের দিকে যাই, আম্মু:",Non Hate,,
meme_2369.jpg,-ভার্সিটি পড়়ুয়া দামড়া বফের সাথে প্রথম রুমডেট সার্থকভাবে সম্পন্ন করার পর ১৬ বছরের নিব্বি বেস্টুস - এএএএএএত্তোঅ বড়,Hate,Gender,Community
meme_2370.jpg,"ভাবছি, পিসির মিথ্যা বচনের ওপর একটা বই লিখবো... লিখে ফেলুন... বলছো... হ্যাঁ, দারুণ বিক্রি হবে। ধুর! অতো মোটা বই কে পড়বে!?",Hate,Political,Organization
meme_2371.jpeg,১ কোটি বিধবা ভাতা দেবো কিন্তু এত বিধবা কোথায় পাবো সেই দায়িত্ব আমার,Hate,Political,Organization
meme_2372.jpeg,"২৭৩ তম স্টুডেন্ট যে একটুর জন্যে প্রথম দশে জায়গা পায়নি, উচ্চমাধ্যমিকে প্রথম দশে জায়গা করে নেয়া ২৭২ তম ছাত্র",Non Hate,,
meme_2373.jpeg,মুকুট পরাচ্ছি কারন ভাই অবশেষে ক্লিন সিট ভাংল ,Non Hate,,
meme_2374.jpeg,মা এর কাছে প্রচণ্ড মার খাওয়ার পর মা যখন দুপুরে মাংস রান্না করে ১০ বছর বয়সী আমি এখন আর ব্যাথা নেই ,Non Hate,,
meme_2375.jpg,হুজুর ! ইসলাম অর্থ শান্তি আর মুসলমান মানেই শান্তিকামি .. নয় কী ? চুবানাল্লাহ ! অবশ্যই ঠিক কইসেন .. তো হুজুর ! 'সমকামি' ও 'পায়ুকামি'র মতো 'শান্তিকামি' মানে 'শান্তি'রে ধরি বলাৎকার করা বুঝাবেনা কেনু ? হালার নাস্টেক ! আজকেই ধড় থিকা তুর কল্লা নামাইয়া দিমু..,Hate,Religious,Community
meme_2376.jpg,বিয়ে করা এতটাও জরুরি হয়ে গেছে কারো? জরুরী - বিবাহ,Non Hate,,
meme_2377.jpeg,বাংলাদেশও এবার রকেট লঞ্চ করলো প্লুটো অভিযানে,Hate,Political,Organization
meme_2378.jpg,"জানু, আমার চাকরী চলে গেছে...!",Hate,Gender,Community
meme_2379.jpg,মনে করেন এইটা ২০৫০ সাল প্রধানমন্ত্রী শেখ হাসিনা আর বেঁচে নেই,Hate,Political,Organization
meme_2380.jpg,মাথা-খাটানো সব মানুষই নাস্তিক। -আর্নেষ্ট হেমিংওয়ে,Hate,Religious,Community
meme_2381.jpg,কি করছো সৎ ভাইয়া,Hate,Gender,Community
meme_2382.jpg,কোনো ছেলের প্রোপোজাল গ্রহন করার পর আমি: কাজটা কি আমি ভুল করলাম,Non Hate,,
meme_2383.jpg,"পনেরো বছর বয়স তোমার, অথচ এখনও রূপকথায় বিশ্বাস করো? আর আপনি যে ষাট বছর বয়সেও ঈশ্বরে বিশ্বাস করেন!",Hate,Religious,Community
meme_2384.jpeg,"একি, তুমি পরকিয়া করছো? ওকে বলে দাও সুপ্রীম কোর্ট রায় দিয়েছে পরকিয়া কোনো অপরাধ নয়, আমার ডিভোর্স চাই এক্ষুনি। ইয়েস খোরপোষটা ফ্রিতে পেয়ে গেলাম, দরজাটা ভেজিয়ে দিয়ে যাও।",Hate,Gender,Community
meme_2385.jpg,আসন্ন পঞ্চায়েত নির্বাচনে নিজেদের সংগঠনকে শক্তিশালী করতে নয়া কর্মসূচি লক্ষ্য পঞ্চায়েত ভোট; বুথ মজবুত করার কর্মসূচি শুরু সুকান্তর *পশ্চিমবঙ্গবাসী *বিজেপি,Hate,Political,Organization
meme_2386.jpeg,"যোগটাই সাফল কারণের চাবি কাটি, হেডলাইট এবং ফুটো সাফল কারণের চাবিকাটি।",Hate,Gender,Community
meme_2387.jpg,এ' পাইছি কি করা যায় কি করা যায়? কি করা যায়? ফেইসবুকে একটা স্টেটাস দেয়া দি,Non Hate,,
meme_2388.jpeg,"ওয়ার্ল্ড কাপ হচ্ছে, অথচ ইতালি নেই সেখানে... তাই কলকাতা আজ ভেনিস হয়ে ইতালিকে সম্মান জানালো।",Non Hate,,
meme_2389.jpg,"শিক্ষক:- সবাই সবার হোমওয়ার্ক বের করো, আমি উত্তর বলতেছি সবাই মিলাইয়া নেও । ব্যাকবেঞ্চার:-",Non Hate,,
meme_2390.jpeg,তেমন কিছু না রাতে খাওয়া দাওয়ার পর ছাদে সিগারেট ফুঁকতে গেছিলো,Non Hate,,
meme_2391.jpg,মা টিভিতে চিকেন বিরানী রান্নার প্রোগ্রাম দেখে আর রোজ পটলের তরকারি রান্না করে,Non Hate,,
meme_2392.jpeg,লোকটা শুধু কালীঘাটে জানতে গিয়েছিল পেছন থেকে ধাক্কাটা কে দিয়েছিলো,Hate,Political,Organization
meme_2393.jpeg,হুজুর দেখতে খ্যাত আনস্মার্ট সামঝা কেয়া খ্যাত নেহি ফায়ার হ্যায় ,Non Hate,,
meme_2394.jpg,"কোম্পানিতে জয়েন করলে ১০,০০০ আর ছয়মাস এর পরের থেকেই ২০,০০০ হবে মাইনে ! তাহলে কবে থেকে জয়েন করবে ? ছয়মাস পরে থেকেই করব জয়েন",Non Hate,,
meme_2395.jpg,"তুই তো বললি যে, তুই নাকি ২৪*৭ হর্ণি থাকস",Hate,Gender,Community
meme_2396.jpg,স্বামীর সেবা মহিলার কর্তব্য,Hate,Gender,Community
meme_2397.jpeg,এই গরমে রাস্তার পিজ পর্যন্ত গলে যাচ্ছে কিন্তু তোমার মন গলছে না তাহলে আর কিভাবে আগাই বলো ,Hate,Gender,Community
meme_2398.jpeg,কাচ্চিতে এলাচি হালিমে আদা তুই আর আমি তো একই ,Non Hate,,
meme_2399.jpg,হিজাব পড়ে ফেসবুকে ছবি আপলোড দেওয়া লেবাসধারী দ্বীনি বোন। ছবিতে মাশাল্লাহ লিখে কমেন্ট করা দ্বীনি ভাই।,Hate,Religious,Community
meme_2400.jpg,যখন আমার ব্যাটিং আসে আর মাগরিবের আযান দিয়ে দেয়,Non Hate,,
meme_2401.jpg,"মামা ভাল্লাগসে এফবি থেকে পাওয়া ছবি মাননীয় রেল মন্ত্রী জনাব মুজিবুল হক ও তার স্ত্রী এইটা কি আমাগো ভাবি,নাকি চাচী,নাকি নানী হইবো",Hate,Political,Organization
meme_2402.jpg,মুসলিম ছেলের দ্বারা হওয়া নারী বিদ্বেষী ঘটনায় প্রতিবাদ করা। হিন্দু ছেলেদের দ্বারা ধর্ষণের সপক্ষে মিছিল করা,Hate,Political,Organization
meme_2403.jpeg,আজ সকালে আপা আমাকে ভাইফোটা দিয়েছেন রাতে আপনাকে ফোটা ফোটা দিতে হবে,Hate,Gender,Community
meme_2404.jpg,কবরে যাওয়ার পর একজন নাস্তিক যখন কোনোকিছুই বুঝতে পারে না ।,Hate,Religious,Community
meme_2405.jpeg,"মাদ্রিদ ফ্যান, বাবা, রোনালদো তুমি ইয়েচ? হ্যা মা হাট থেকে এই সুন্দর জামাটা কিনে আনলাম। হে রোগুবীর, বার্সেলোনার হাত থেকে রোক্কে করো।",Non Hate,,
meme_2406.jpeg,"পুটিন দা ঘণ্টাখানেক আসার জন্যে অশেষ ধন্যবাদ। তুই যেভাবে আমার অফিসের নিচে দাড়িয়ে আমি না আসলে গায়ে আগুন লাগিয়ে আত্মহত্যা করার হুমকি দিলি, তাতে না এসে থাকতে পারলাম না।",Hate,Political,Organization
meme_2407.jpg,"পাপ - একটি কাল্পনিক ব্যাধি, যা সৃষ্টি করা হয়েছে কাল্পনিক ওষুধ বিক্রি করার লক্ষ্যে।",Hate,Religious,Community
meme_2408.jpg,একদিনে চার চারটে ডিজাইন পোশাক বদল আমি সারাদিনে এতবার পোশাক বদলাই না!,Hate,Political,Organization
meme_2409.jpg,বাবা কারা সবথেকে বেশী সুখী ? মেয়েরা বাবা । ওদের ভবিষ্যৎ নিয়ে ভাবতে হয় না । ১৮ বছর বয়স হলেই কোন একটা কাকুর বয়সী ছেলেকে বিয়ে করে নেয়,Hate,Gender,Community
meme_2410.jpeg,বোঝার চেষ্টা করো জান প্রধান শিক্ষকের পারমিশন ছাড়া এগুলা করা যাবেনা ,Non Hate,,
meme_2411.jpg,যখন আপনার বন্ধুরা আপনার ক্রাশের সামনে আপনার নাম ধরে ডাকতে থাকে ভাই এগুলা বন্ধ করেন আল্লাহর ওয়াস্তে,Non Hate,,
meme_2412.jpg,"তোমরা পাথর নিক্ষেপ করে নারীহত্যা করো আল্লাহ, নবী ও ইছলামের নামে",Hate,Religious,Community
meme_2413.jpg,বিজেপি মুকুল তৃণমূল সিপিআাই(এম),Hate,Political,Organization
meme_2414.jpeg,এভাবেই বিয়ের পর বাঘ বিড়াল হয়ে যায় ,Non Hate,,
meme_2415.jpeg,"খবর অবশেষে বাংলাদেশে গরু পাঠাতে শুরু করলো ভারত, কিরে মুদি, আমারে আবার কোথায় লিয়ে চললি? আম্মা মাইন্ড কইরেন না, রুপিয়ার খুব দরকার, তাই আপনারে বাংলাদেশে বিক্রি করতে লিয়ে যাচ্ছি",Hate,Religious,Community
meme_2416.jpg,একেবারে সেহেরী খেয়ে ঘুমানোর প্লান করা আমি ঠিক ৩ টায় ঘুমায় যাওয়া আমি ৩:৩০ এ ঘুম থেকে টেনে তুলে টেবিলে বসানো আমি,Non Hate,,
meme_2417.jpeg,যখন আমার ছোটবেলার আঁকা গাছপালার ছবি বের করে বাবা মা সব রিলেটিভদের দেখায়। ভগবান তুলে নাও,Non Hate,,
meme_2418.jpeg,"রাত ১১ টার পরে আমি বাড়ি ফেরার সময় গলির কুত্তা, দিনের বেলাতে ওই কুত্তাটাই",Non Hate,,
meme_2419.jpg,আমি লোকদের হাসতে সাহায্য করি ! আর তুমি ? আমি লোকের টা রাগাতে সাহায্য করি,Non Hate,,
meme_2420.jpeg,"মুসলমানদের দ্বারা হিন্দু হত্যা, ঘরবাড়ি পোড়ানো এবং মন্দির ভাঙার প্রতিবাদে আন্দোলনকারীদের গ্রেফতার করছে মমতা। আমার কাছে আমার ভোট ব্যাংক আগে, ৩৫% ভোটে দস নামলে আমার রাজনৈতিক ক্যারিয়ার শেষ হয়ে যাবে, আমি ওদের খুশি করার জন্য সব কিছু করব।",Hate,Religious,Community
meme_2421.jpg,শেষ কবে দুধ দিয়ে গোসল করেছেন? এক্সপেরিয়েন্স করুন মেরিল মিল্ক বাথ,Hate,Gender,Community
meme_2422.jpeg,সত্যি কথা বলতে গিয়ে মুচকি হেসে ফেলা বিদ্যমান সমাজ বিশ্বাস যোগ্য নয়,Non Hate,,
meme_2423.jpg,কারন জানি না কিন্তু ক্লাস ক্যাপ্টেনরা আমাকে প্রিন্সিপালের রুমে নিয়ে যাচ্ছে,Non Hate,,
meme_2424.jpg,"পলিনেশিয়ান ঈশ্বর লোনোর কথা শুনলে আপনার হাসি পায়, ঠিক না? জানেন, আপনার ঈশ্বরের কথা শুনলে আমারও ঠিক একই অবস্থা হয় ।",Hate,Religious,Community
meme_2425.jpg,জীবনে বেঁচে থাকার জন্য আমাদের কি কি করা দরকার? সবার আগে পড়াশুনা বাদ দেয়া দরকার,Non Hate,,
meme_2426.jpg,"ছেলেটির নাম জনি সিন্স| গরিব, তাই পড়াশোনার পাশাপাশি পিজ্জা ডেলিভারি বয় হিসেবে কাজ করে।একদিন মিরপুরের রাস্তায় মেট্রোরেল এর জ্যাম থাকায় ২০ মিনিট এর জায়গায় ৩০ মিনিট লেট হয়ে যাওয়ায় এই মেয়ে টি জনি সিপ্স কে কলার ধরে মারল| মানবতা আজ কোথায় ???",Hate,Gender,Community
meme_2427.jpeg,তোমার মধ্যে এমন কি আছে যা বাকিদের মধ্যে নেই আমি কাশফুল দিয়ে বালিশ তৈরি করতে পারি ম্যাম চালের বস্তা এখনি নিয়ে যাবে নাকি পরে বাড়িতে পৌছে দেব ব্রিলিয়ান্ট,Non Hate,,
meme_2428.jpeg,এবার মসজিদের ইমামদের সঙ্গে বৈঠক করলেন মমতা বন্দ্যোপাধ্যায় বেগম সেজে ৪০ হাজার মুসলিম ভোট কনফার্ম করে এলেন,Hate,Political,Organization
meme_2429.jpg,জানি আবার একটি জন্ম আমার কভু হবে না জানি আবার এমন করে তোমার দেখা পাব না,Non Hate,,
meme_2430.jpg,রাত ২ টায় ফুটবল খেলা দেখে শেষ করার পর লে শয়তান যাই এখন একটু তাহাজ্জুদ পড়ে আসি,Hate,Religious,Community
meme_2431.jpg,এখনকার মেয়েরা বাসর রাতে পরদা ফাটানোর চেয়ে ব্রেকাআপে বেশি কাঁদে কারন পরদা তো বিয়ের আগেই ফেটে গেছে,Hate,Gender,Community
meme_2432.jpeg,কোন একটি বই একবার পড়ার পর শেরে বাংলা একে ফজলুল হক ,Non Hate,,
meme_2433.jpg,ছাত্রলীগ নিয়ে কোন মিম বানানো বিদ্যমান* ছাত্রলীগ নেতা: তুই কারে লইয়া ছিনিমিনি খেলতাসস বুঝোস নাই !,Hate,Political,Organization
meme_2434.jpeg,ফোনে কল এসেছে দেখেও রিসিভ না করে ওয়েট করছি কখন কল কাটবে তারপর শান্তিতে ফোন টিপবো,Non Hate,,
meme_2435.jpeg,"জাতীয় ফুল, জাতীয় পাখি, আমি কি সুযোগ পাবো না? পাবোনা আমি সুযোগ?",Non Hate,,
meme_2436.jpg,"শিক্ষক স্যার আপনি এটা ভুল বলেছেন হয়তো আসোলেই, থ্যাংকস ভুল ধরিয়ে দেওয়ার জন্য হুজুর হুজুর আপনার এই ফতুয়া ভুল ভন্ড, আমার চেয়ে বেশি ফতুয়া জানো?",Hate,Religious,Community
meme_2437.jpg,কি ভাইয়া? আজকে শেখ হাসিনার জন্মদিনে এখনো উইশ করোনাই কেনো ?,Hate,Political,Organization
meme_2438.jpeg,মোটামুটি সব পারি কিন্তু এলাকা দিয়ে সানগ্লাসটা লাগাই যাইতে পারি না,Non Hate,,
meme_2439.jpeg,বাকিরা যেভাবে কলেজ যায় আমি আর আমার বন্ধুরা যেভাবে কলেজ যাই ,Non Hate,,
meme_2440.jpeg,ছাই উড়াইয়া দেখবি মানে ভিতরে অমূল্য রতন থাকলে কী আমি ছাই বেইচ্চা খাইতাম,Non Hate,,
meme_2441.jpg,"মামা ডায়েট কনডম থাকলে দেও ডায়েট কনডম কেন ? গালফ্রেন্ড ডায়েট করে তো, তাই বলছে কনডমে জেনো মিষ্টি না থাকে",Hate,Gender,Community
meme_2442.jpg,*জুম্মার নামাজ এক্সিস্টস* যখন হারিয়ে যাওয়া একটা জুতা অনেক কষ্টে খুজে পাই ।,Non Hate,,
meme_2443.jpeg,বান্ধবীর কাধে হাত দেয়ার পর ডিপার্টমেন্টের সিনিয়র ভাই শোন তোর সাথে কথা আছে ,Non Hate,,
meme_2444.jpg,"আমার সিরিয়াল আসতে আসতে জিলাপি শেষ, তাই বের হয়ে গেলাম বের হয়ে আধ ঘন্টা খোজার পরেও জুতাটা খুঁজে পাচ্ছিনা",Non Hate,,
meme_2445.jpg,পারার কাকিমা যখন আমার বাড়ি এসে আমার নামে ভুল ভাল কথা বলে আমি,Non Hate,,
meme_2446.jpg,উন্নয়ন? অভিনেতা-অভিনেত্রীদের বিক্রি করে নির্বাচনে জিতে বুর্জোয় সংসদের সার্কাসে নিজের অবদান রাখতে হলে বল,Hate,Political,Organization
meme_2447.jpg,কেউ আমাদের দাবায়ে রাখতে পারবা না,Non Hate,,
meme_2448.jpeg,পিসির কৃষক বন্ধু পাওয়ার পর ফুরফুরে মেজাজে চাস করতে চলেছেন কৃষক জনি দা,Non Hate,,
meme_2449.png,"পড়াশুনা না করলে আমও যাবে, ছালাও যাবে ছালা দিয়ে কি করবো?",Non Hate,,
meme_2450.jpeg,সয়াবিন তৈল খাঁটি সরিষার তৈল ,Non Hate,,
meme_2451.jpeg,বাস কন্ডাক্টরের উপর নজর রাখছি কারণ এখনো আমার ৫ টাকা ফেরত দেয়নি,Non Hate,,
meme_2452.jpg,"এলাকার কুকুরকে একদিন খাবার খাওয়ালে পরেরদিন সেই কুকুর:- ""সালাম জাহাপনা!""",Non Hate,,
meme_2453.jpeg,"ভগবান, শিবের মতো একটা বর দাও কিন্তু একটু খেয়াল রেখো পন এর জন্য যেন বাড়িতে তাণ্ডব না করে।",Hate,Gender,Community
meme_2454.jpeg,"ইয়ে হাত হামকো দে দে, বুড়ো - কেন? যাতে বাসে উঠে হাতের কাজ না পারিস।",Hate,Gender,Community
meme_2455.jpeg,তোমাকে আমি বুঝি না বুঝবা কেমনে তুমি তো ম্যাথে দুর্বল,Non Hate,,
meme_2456.jpg,ইফতারের আধা ঘন্টা পর ;- পাদ ;-,Non Hate,,
meme_2457.jpg,"১০% মেয়ে ফুটবল, ক্রিকেট এই খেলাগুলা পছন্দ করে আর বাকি ৯০% মেয়ে ছেলেদের জীবন নিয়ে খেলতে পছন্দ করে !",Hate,Gender,Community
meme_2458.jpeg,"এই লম্পট, কুলাঙ্গার মেয়ে কোরআন অবমাননা করেছে, কোন বিচার নয়, সরাসরি ফাঁসি চাই",Hate,Religious,Community
meme_2459.jpeg,"ওয়াও জীবনে প্রথমবার তোমাকে টুপি ছাড়া দেখছি। না রে পাগলি, টুপি আজকেও পরে আছি, তবে মাথায় নয়।",Non Hate,,
meme_2460.jpg,ইসলামিক দেশের বই-মেলাতে ইসলামিক বই নিষিদ্ধ করে কি শান্তির ঘুম ঘুমাচ্ছে কু#ত্তার বাচ্চা গুলো,Hate,Religious,Community
meme_2461.jpg,যখন ঘুম থেকে উঠে দেখো সেহেরীর আর ৫ মিনিট বাকি,Non Hate,,
meme_2462.jpeg,আসল স্বাধীনতা সংগ্রামী আসল স্বাধীনতা সংগ্রামী,Hate,Political,Organization
meme_2463.jpg,বেগম সাহেব কাজের বুয়া বাথরুম ধুয়ে ঘর মুছে দে আজকে মে দিবস,Non Hate,,
meme_2464.jpg,"সবকিছু করার একটা নির্দিষ্ট যায়গা আছে, যেখানে বইসা কাজ করলে মনোযোগ দেয়া যায়! কিন্তু শালার পড়ালেখা... যেখানেই পড়ি না কেন, মনোযোগ দেয়াই যায় না!",Non Hate,,
meme_2465.jpg,কই তুমি ?? জানি না তবে এখানে একজন আরেকজনের মুখ দিয়ে অক্সিজেনের মুখ দিয়ে অক্সিজেন দিচ্ছে । ওয়েলকাম টু সেল পার্ক !,Non Hate,,
meme_2466.jpg,মিত্রোঁ 'আচ্ছে দিনে' পেট্রোল ৫০ টকায় পাওয়া যাবে। হাফ লিটার!,Hate,Political,Organization
meme_2467.jpg,কী বলার সরাসরি বলতে পারিস না! প্রতিদিন রাতে মিসডকল দিস কেন? আমি তো মন্ডল সভাপতি,Hate,Political,Organization
meme_2468.jpg,এই ভাবে বিড়ি জালানোর জন্য হলেও একটা তুমি চাই,Hate,Gender,Community
meme_2469.jpg,৫০ জন মানুষকে চাপা দেয় ১ জনকে বাচানোর জন্য,Non Hate,,
meme_2470.jpg,*ব্রিটিশদের জুতোর অস্তিত্ব আছে* মহান বিপ্লবী শ্যামাপ্রসাদ মুখার্জি:-,Hate,Political,Organization
meme_2471.jpg,আমি সোম বুধ শুক্র তৃণমূলে থাকি আর মঙ্গল বৃহ শনি বিজেপিতে থাকি রবিবার ছুটিতে থাকি,Hate,Political,Organization
meme_2472.jpg,স্কুল-কলেজে যখন ক্ষিধা লাগে সিঙ্গারা-সমুসা:-,Non Hate,,
meme_2473.jpg,ছোটবেলায় বন্ধুদের সবচেয়ে ভয়ঙ্কর ডায়ালগ তুই খেলা থেকে বাদ,Non Hate,,
meme_2474.jpg,বর্ষসেরা ডায়লগ (লজ্জা লাগা দরকার!) কেষ্ট'দা,Hate,Political,Organization
meme_2475.jpg,খেলা হবে,Non Hate,,
meme_2476.jpeg,এয়ারস্ট্রাইকে-ই কি মৃত জইশ প্রধান? জইশ প্রধান মাসুদ আজহার মৃতঃ সূত্র। ওনার শ্রাদ্ধ এর খ্যাটন চলছে। আর দুটো চপ নিন না,Hate,Religious,Community
meme_2477.jpg,"যে-ধর্মের অনুসারীরা দিনে পাঁচবার অন্যদের পাছা দেখতে বাধ্য হয়, সমকামীদের ব্যাপারে তারা অসহিষ্ণু তো হবেই",Hate,Religious,Community
meme_2478.jpg,"যখন আপনি একজন হিন্দুত্ববাদী ফাসিস্ত কিন্তু আপনার নাম ""লাল"" কৃষ্ণ আদভানি",Hate,Political,Organization
meme_2479.jpeg,"সরি আপনার ওভারি কেটে বাদ দিতে হয়েছে। তারমানে আমার কি কোনোদিন মা হওয়া সম্ভব না? একটাই উপায় আছে, দত্তক নিতে বলবেন নিশ্চই? না আপনি জি বাংলা সারেগামাপার মঞ্চে যান। ওখানেই একমাত্র সব সম্ভব!",Non Hate,,
meme_2480.jpeg,এবার থেকে বীরভূম আমি দেখবো আগের জন যিনি বীরভূম দেখতো তিনি গরু পাচার করতেন এবার ইনি কি পাচার করেন ওটাই দেখার ,Hate,Political,Organization
meme_2481.jpeg,এসব ক্লাবের খেলা কোনো বিষয় না ন্যাশনাল টিমের খেলাটাই আসল ,Non Hate,,
meme_2482.jpg,যখন তুমি ভিপিএন এর ব্যবসা করো আর সরকার ফেসবুক ও অন্য মেসেঞ্জারগুলা বন্ধ করে দেয়,Non Hate,,
meme_2483.jpeg,পার্কে ঘুরতে নিয়ে যাওয়ার কথা বলে যখন আঙ্কেল কে ভায়গ্রা কিনতে দেখি ,Hate,Gender,Community
meme_2484.jpg,এইখানে পষ্ট কইরা লেখা আছে: এই দুনিয়ায় চতুষ্পদ জন্তু আছে সর্বমোট ৮ প্রকার। (সুরা ৩৯:৬),Hate,Religious,Community
meme_2485.jpeg,হতে পারেন এনি পরম সুন্দরী তবে আমাদের মমতা দিদি জগত সুন্দরী,Non Hate,,
meme_2486.jpg,"সারাদিন রোজা রেখে,তারাবি পরে যখন বন্ধু রাতে আইপিএল খেলায় বাজি ধরে *শয়তান : সাব্বাস ভাইগ্না! সাব্বাস!",Non Hate,,
meme_2487.jpg,অনেক কষ্টে হাত কেটে ক্রাশ এর নাম লেখার পর যখন দেখি নাম ভুল হয়েছে তখন আমি,Non Hate,,
meme_2488.jpeg,হ্যা ভাই লিঙ্গ শরীরে নয় মনে থাকে,Hate,Gender,Community
meme_2489.jpg,হেলো নানু তুমি যাওয়ার সময় যে ৫০ টাকা দিছিলা তুমি যাওয়ার পর আম্মু নিয়া নিছে,Non Hate,,
meme_2490.jpg,দেখ খানকিরপোলা তুই পারস নাই ফাহিম ঠিক ই পারছে বড় করতে,Hate,Gender,Community
meme_2491.jpeg,"ছেলেদের ক্রাশ, মেয়েদের ক্রাশ।",Non Hate,,
meme_2492.jpg,বর্ষসেরা দালাল চুমন দে,Hate,Political,Organization
meme_2493.jpg,গ্রুপ-ডি মামলায় ১ হাজার ৯১১ জন চাকরি প্রাপকের সুপারিশ পত্র প্রত্যাহারের নির্দেশ ডবল ডবল চাকরি হবে....,Hate,Political,Organization
meme_2494.jpeg,তোমাকে ছাড়া আমি বাঁচবো না বলা মেয়েটা ও সরকারি কাকুর বান্টু চুষে ঠিক বেঁচে আছে,Hate,Gender,Community
meme_2495.jpg,জানু আমি কি গাছ ? নাতো কেনো ! তাহলে বললে কেনো ১৪ ফ্রেব্রুয়ারী আমাকে লাগাবে ?,Hate,Gender,Community
meme_2496.jpg,তুমি কি আর ঠাণ্ডা হবে না?,Non Hate,,
meme_2497.jpeg,বান্দরবানে সন্ত্রাসীদের কাছে অস্ত্র এসেছে পার্শ্ববর্তী দেশ থেকে পাশের দেশের নাম মুখে নিচ্ছে না মোদীর ছেলে মনে হয় ,Hate,Political,Organization
meme_2498.jpg,"আজ পিসি বললেন, উনি আইনও পড়েছেন কদিন আগে জানলাম উনি ফুটবলও নাচান... উনি সবই করেন... কেবল সুদীপ্ত জেলে যাওয়ার পর ছবি আঁকাটা ছেড়ে দিয়েছেন",Hate,Political,Organization
meme_2499.jpeg,একটা বিপিএল ২০২৪ করার পর বাংলাদেশী বোলারবা শ্রীলংকার বিপক্ষে ২০৬ রান দেয় তখন বাংলাদেশী ক্রিকেট ফ্যান আপনারা এমন মার খেলেন কেন,Non Hate,,
meme_2500.jpg,"২৩ মার্চ যুক্তিবাদী দিবস ""কোথায় আপনাদের ঈশ্বর? তিনি কি করছেন? মানবজাতির এই সব দুঃখ-দুর্দশা দেখে তিনি কি উল্লাস বোধ করছেন? তাহলে তিনি তো এক 'নীরো' বা 'চেঙ্গিস'! তিনি নিপাত যান """,Hate,Religious,Community
meme_2501.jpg,কলকাতার প্রথম তিন মেয়র ও তৃণমূলের তিন মেয়র সবাই প্রেসিডেন্সি ফেরত... আমি তো আগেই বলেছিলাম পিসির দল ট্যালেন্টে ভরপুর প্রথম তিনজন প্রেসিডেন্সি কলেজ থেকে পাশ আউট আর তৃণমূলের তিনজন প্রেসিডেন্সি জেল ফেরত,Hate,Political,Organization
meme_2502.jpeg,আজ অত্যন্ত দুঃখের সাথে বলতে হচ্ছে আমাদের সকলের প্রিয় বাবুল দা আর নেই বিজেপি তে,Non Hate,,
meme_2503.jpeg,আত্মীয় ওমা কতো বড়ো হয়ে গেচিস! চেনাই যাচ্ছেনা আমি: তাহলে চিনলেন কি করে?,Non Hate,,
meme_2504.jpeg,আমি গিয়েছি দিদিও যাবে,Non Hate,,
meme_2505.jpg,"পানির ফ্লাস্ক ব্যবহার করা ছাত্র সেভেন আপ, কোকাকোলা এর বোতল ব্যবহার করা ছাত্র সারাদিন পানি না খেয়ে ক্লাস করে জন্ডিস আক্রান্ত হওয়া ছাত্র",Non Hate,,
meme_2506.jpg,এবার কি ১৬৯৪ শিক্ষাকর্মীর নিয়োগ বাতিলের পথে? নম্বরে কারচুপি করে চাকরি পাওয়ার অভিযোগ আমরা কি ঐতিহাসিক রেকর্ড গড়তে চলেছি!? হ্যাঁ বাবু সোনা....,Hate,Political,Organization
meme_2507.jpg,সাহরীতে: দুধ ভাত মুরগীর গোস্ত গরুর গোস্ত খাসির গোস্ত,Non Hate,,
meme_2508.jpeg,আমরা পাকিস্তানের মাটিতে ফ্রান্সের রাষ্ট্রদূত রাখব না আব্বে ভৌশ্রীওয়ালে চাচা পাকিস্তানে আমাদের রাষ্ট্রদূত নেই,Hate,Political,Organization
meme_2509.jpeg,সে আমাকেও চাচ্ছে আবার শান্তিতেও থাকতে চাচ্ছে কি সব আবদার রে বাবা ,Non Hate,,
meme_2510.jpeg,"ব্যাকগ্রাউন্ডে আত্মগোপন করার টেকনিক, সিনেমায় যেমন দেখায়, বাস্তবে যেমন হয়",Non Hate,,
meme_2511.jpg,সামান্য কিছু লোককে বোকা বানানোর পর যাদুকর| কোটি কোটি লোককে বোকা বানানোর পর রাজনৈতিক নেতানেত্রী,Hate,Political,Organization
meme_2512.jpg,নামাজ-রোজা নাই খালি ইফতার পার্টি অ্যারেঞ্জ করা,Non Hate,,
meme_2513.jpg,আমার মনে হয় এখন একজন পুরুষ প্রধানমন্ত্রীর প্রয়োজন খালেদা জিয়া এবং শেখ হাসিনা:,Hate,Political,Organization
meme_2514.jpeg,হ্যা দোস্ত তাপমাত্রা আর ১ বাড়লে আরবিতে কথা বলা শুরু করবো,Non Hate,,
meme_2515.jpg,প্রীতি মুখটা আরেকটু নিচে নে নাহ আইফেল টাওয়ারে মুখ দিতে পারব না,Hate,Gender,Community
meme_2516.jpg,তুমি শুধু সালগুলা বল যুদ্ধটা আমি লাগাচ্ছি,Non Hate,,
meme_2517.jpeg,দেব হবে ভ্যানিশ। চ্যালেঞ্জ নিবি না তালা। মার গেড়েছে।,Non Hate,,
meme_2518.jpeg,মিসির আলি বৃদ্ধ হওযা সত্ত্বেও মেয়েরা যখন তাকে বিয়ে করতে চায় বহিপীর,Hate,Gender,Community
meme_2519.jpg,লেবুর দাম কেজিতে ২০ টাকা হওয়ার পর আম্মু : লেবুর আচার লেবুর তরকারি লেবুসত্ত,Non Hate,,
meme_2520.jpeg,আর্থিক সমস্যা থাকলে আমার সাথে যোগাযোগ করুন দুজনে একসাথে মিলে ভিক্ষা করব ,Non Hate,,
meme_2521.jpg,প্রতিদিন একবার* মাসে একবার*,Non Hate,,
meme_2522.jpeg,"এখনকার ছেলেমেয়ে সবাই স্টার পাচ্ছে, শিক্ষার মান খুবই উন্নত হয়েছে, না রে আগে থার্ড ডিভিশন পেয়ে লোকে চপ ভাজতো এখন স্টার পেয়ে চপ ভাজবে।",Hate,Political,Organization
meme_2523.jpeg,"একাদশীর ব্রত, বন্ধুর বৌ পূর্ণিমার ব্রত ইত্যাদি ঝেড়ে দেওয়া সাধারণ ব্রত পরম ব্রত ",Non Hate,,
meme_2524.jpg,ছাত্রলীগ: ধান কাটার সময় চাষাবাদের অন্যান্য সময়,Hate,Political,Organization
meme_2525.png,ভাল ফ্যাকাল্টি পাইলে আমিও ভাল গ্রেড উঠাইতাম কিন্ত ওইটাইতো পাই না!,Non Hate,,
meme_2526.jpg,আমায় ছেড়ে যাবেনা তো ? না খেয়ে আমি কাউকে ছাড়ি না,Hate,Gender,Community
meme_2527.jpeg,"এই এডমিন এইদিকে আয়, ৬০০ দিবি মুখেও নেবো",Hate,Gender,Community
meme_2528.jpeg,কোনোভাবে লুঙ্গি আটকিয়ে কুরবানী করতে যাওয়ার পর যখন বাপ চাচারা বলে তুই ছোটো তাই খালি গরুর পা ধরে থাক,Non Hate,,
meme_2529.jpg,ফাইনালের এক সপ্তাহ আগে যেভাবে পড়ি ফাইনালের আগের রাতে আগে যেভাবে পড়ি,Non Hate,,
meme_2530.jpg,যখন তুমি পছন্দ করো না এমন কেউ তোমার কাছে ক্লাস নোট চায়,Non Hate,,
meme_2531.jpeg,"আমার পুজোয় বাবার বাড়ি যাবার টিকিট কেটেছে? হ্যাঁ যাবার জন্যে হাতি আর ফেরার জন্যে ঘোড়া। আইআরসিটিসি তে টিকিট কেটে নিয়েছি। বন্যায় হাতি, ঘোড়া সব ডুবে যাবে, ওই টিকেটগুলো ক্যান্সেল করে একটা সাব মেরিন বুক করো।",Non Hate,,
meme_2532.jpg,যখন গার্লফ্রেন্ড বলে তুমি কবে নিজের পায়ে দাড়াবা? এখানে আজ কদিন ধরি তীব্র শীত। এত শীত যে শীতের সোদনে আমি দাড়াতে পারতে আছি না,Non Hate,,
meme_2533.jpg,শেষ সৃজনশীল প্রথম সৃজনশীল,Hate,Gender,Community
meme_2534.jpeg,মাগীর শাড়ি খুলে কালো পুটকিতে ধন ঢুকিয়ে চুদে গন্ধ করে দেবো পাছা।,Hate,Gender,Community
meme_2535.jpeg,যখন অশোক দিন্দা খেলা শুরুর আগে রান আটকানোর নিনজা টেকনিক বর্ণনা করে।,Non Hate,,
meme_2536.jpg,অসংখ্য হিন্দুত্ববাদী ফাসিস্ত-কে সহ্য করার চেয়ে পুঁজিবাদী রাষ্ট্রকে একেবারে উচ্ছেদ করে দেওয়া ভালো,Hate,Political,Organization
meme_2537.jpg,একটি ভ্রমর পাঁচটি ফুল কাসেম বিন আবুবাকার,Hate,Gender,Community
meme_2538.jpg,কি করে অমার জানটা ঘুম পাচ্ছে ঘুমাবো আচ্ছা ঘুমাও জান আমি ঘুমাইলেই তোমার ভালো; অন্য মেয়ের সাথে নষ্টিফষ্টি করবা,Non Hate,,
meme_2539.jpg,যখন মা বাজার থেকে ফিরে তখন আমি*,Non Hate,,
meme_2540.jpg,চল দোস্ত নামাজে যাই.. প্যান্ট ঠিক নাই কাল ডাক দিস দোস্ত,Hate,Religious,Community
meme_2541.jpg,যখন কোন বাংলা মিডিয়াম এর বাচ্চাকে বলা হয় তোর স্কুলের নাম ইংলিশে বানান কর তো,Non Hate,,
meme_2542.jpg,ছবিটা খুব সুন্দর হয়েছে,Hate,Gender,Community
meme_2543.jpg,কাকলি মন্ত্রী দ্বায়িত্বে কম; শিহরণে বেশি,Hate,Political,Organization
meme_2544.jpg,নির্বাচনী পোস্টার ঢাকা,Non Hate,,
meme_2545.jpg,"*বন্ধুদের ২০-৩০ টাকা খাওয়ানোর পর * আমি: কোটিপতি পোলা আমি, কোটিপতি পোলা",Non Hate,,
meme_2546.jpg,ফোনে কল আসার পর পাশের রুম এ যাওয়া বিদ্যমান আব্বু-আম্মু: সন্দেহ,Non Hate,,
meme_2547.jpg,শোন কথা আছে কি কথা ১৪-ই ফেব্রুয়ারির প্ল্যান কি তোর ?,Non Hate,,
meme_2548.jpeg,বাঙালি হিন্দু সে মুমতাজ বেগম তুই হিন্দু বিরোধী কেন কে বললো মুমতাজ বেগম মুঝে কোন বলা কে বলেছিস মুমতাজ বেগম ওহ আল্লাহ জি আপনি বলেছেন,Hate,Religious,Community
meme_2549.jpeg,বয়ঃসন্ধিকালের ঝাঁঝে থাকা আপুগণ শূন্য বিছানার চেয়ে দুষ্ট জামাই অনেক ভালো,Hate,Gender,Community
meme_2550.jpeg,বারেভাতারি মাল দেখলেই বুঝতে পারবে যে দুধগুলি ঝুলে আছে এবং কোমরটা দুলে,Hate,Gender,Community
meme_2551.jpg,ক্রাশ যখন তার জিএফ এর সাথে কাপল পিক দেয় ফাইট্টা যায়... বুকটা ফাইট্টা যায়,Non Hate,,
meme_2552.jpg,আপনি কি মাত্র ৫০ বছরের পুরনো কম্পিউটার ব্যবহার করতে চাইবেন? তাহলে আপনি ১৪০০ বছর আগে প্রণীত জীবনবিধান অনুসরণ করেন কেন?,Hate,Religious,Community
meme_2553.jpeg,এই একটা ছবি এ আজ আমাকে সব দুঃখ ভুলিয়ে রেখেছে বড়দা ১৪০ কোটি মানুষের বদলা  আজ তোমাকে সারারাত নিতে হবে,Hate,Gender,Community
meme_2554.jpeg,আমিই একমাত্র ব্যাক্তি যার উপর কেউ কোনোদিন ক্রাশ খেলো নাহ ,Non Hate,,
meme_2555.jpg,এইটা আমি পরুম না । রং পছন্দ হয় নাই । বদলাইয়া আনো ।,Hate,Religious,Community
meme_2556.jpg,"মধ্যবিত্ত পরিবারে জন্মেছি, জেল যেতে নয়, সম্মানহানিকে ভয় পাই', মন্তব্য ফিরহাদের স্যান্ডো গেঞ্জি পরে ঘুষ খেলে কিন্তু সম্মানহানি হয় না... এমনি বললাম...",Hate,Political,Organization
meme_2557.jpg,"বিজেপিকে ক্ষমতায় আনুন, ৫০ টাকায় মদ পাবেন, প্রতিশ্রুতি রাজ্য সভাপতির ৫০ টাকা!!! পিসি তো ২০ টাকায় দেয়!",Hate,Political,Organization
meme_2558.jpg,আমার ফ্রেন্ডলিস্ট এর কিছু মেয়ের ভাব চেহেরা,Hate,Gender,Community
meme_2559.jpg,পিতা পুত্রের অংক করতে গিয়ে যখন পুত্রের বয়স পিতার বয়সের দ্বিগুণ বের করে ফেলি পিতাঃ,Non Hate,,
meme_2560.jpg,বিয়েতে পরে টয়লেটে,Non Hate,,
meme_2561.jpg,বন্ধু তুই বিদেশ যা ভাবির খেয়াল আমি রাখবো,Hate,Gender,Community
meme_2562.jpg,বাসার ছাদে গাছ লাগানোতে খুশি হওয়া বাবা বাসার ছাদে গাজার গাছ লাগিয়ে বসে থাকা আমি,Non Hate,,
meme_2563.jpg,আমার বন্ধুকে সাবধানে মুকুট পড়া কারন তার ছেলের চেয়ে মেয়ের ফ্রেন্ড বেশি,Non Hate,,
meme_2564.jpg,মাসি আমার বন্ধু বিরু বাসন্তীকে বিয়ে করতে চায়.... তা তোমার বন্ধু কাজ কি করে? আমার বন্ধু খুব প্রতিভাবান। ও বেকারদের টেটে চাকরি পাইয়ে দেয়। ঝড় বন্যা পর ত্রাণ শিবিরে গিয়ে কাজ করে। বালি কয়লার ব্যাবসাও আছে আবার বিদেশে গরুর ব্যবসাও করে। সরাসরি বলো না তোমার বন্ধু তৃণমূল করে,Hate,Political,Organization
meme_2565.jpg,"মুসা নবী গোসল করার সময় তার কাপড়চোপড় নিয়া ছুট দিসিলো এক পাত্থর । মুসা ন্যাংটা অবস্থায় দৌড় দিয়া সেই পাত্থররে ধইরা আরেক পাত্থর দিয়া কইষা পিটানি দিসে! (সহীহ মুসলিম, বই ৩০, হাদিস ৫৮৫০)",Hate,Religious,Community
meme_2566.jpg,মোহাম্মাদপুরে রাতে মোবাইল নিয়ে রাস্তায় একা বের হওয়ার পর : নিরাপত্তার বাইরে,Non Hate,,
meme_2567.jpg,হিন্দুধর্মে বর্ণপ্রথার বিলোপ চান কে কে? আপনাদের মধ্যে ক'জন নিজ বর্ণের বাইরে গিয়ে বিয়ে করবেন?,Hate,Religious,Community
meme_2568.jpeg,তুই বাসায় চলে আয় একসাথে অনেক মজা করবো আড্ডা দিবো বাসায় আসার পর : ,Non Hate,,
meme_2569.jpg,"""ত্রিপুরায় গণতন্ত্রের হত্যা হয়েছে। বিপ্লব দেব সরকার মানুষের অধিকার সুরক্ষা দিতে ব্যর্থ।"" তোপ ফিরহাদ হাকিমের... পশ্চিমবঙ্গে পঞ্চায়েত ভোটে তো গণতন্ত্র পাগলু ডান্স করছিল!",Hate,Political,Organization
meme_2570.jpeg,কিরে ভাই শব্দ হলো আমার পেটের মধ্যে এই বিদ্যুৎ অফিস ওয়ালারা বিদ্যুৎ নিয়ে গেলো কেন ,Non Hate,,
meme_2571.jpeg,আমি জীবনে নিজের হাতে বড় কিছু করতে চাই  তুই শুধু একবার হাত দে বড় তো এমনিই হয়ে যাবে ,Non Hate,,
meme_2572.jpg,"তৃণমূল রাজনৈতিক দল নয় একটি প্রাইভেট কোম্পানি', তোপ শুভেন্দুর আপনি এক্স এমপ্লয়ী?",Hate,Political,Organization
meme_2573.jpeg,"আমরা তো একই রান করলাম, তাহলে তোরা ওয়ার্ল্ড কাপ পেলি কেন? কারণ পিসি বলেছিল কলকাতা লন্ডন হবে অকল্যান্ড নয়। পিসি তুমি এত নিষ্ঠুর কেন? পিসি এটাও বলেছেন পরাজয় মানেই হার না",Non Hate,,
meme_2574.jpg,"*আব্বুর বানানো স্পেশাল, বাঙির শরবত; *রুহ আফজা, ট্যাং ও অন্যান্য শরবত...",Non Hate,,
meme_2575.jpg,"বাঙ্গালী রামধনু বলে, রংধনু নয়; জল চায়, পানি নয়; আকাশী চেনে, আসমানী নয়; স্নান করে, গোসল নয়; নিমন্ত্রণ করে, দাওয়াত নয়। বাঙ্গালীর ভাষা শুদ্ধ থাক আরব সাম্রাজ্যবাদ নিপাত যাক ভাষা জোহাদের বিরুদ্ধে ২১শে ফেব্রুয়ারী আরব সাম্রাজ্যবাদ বিরোধী দিবস পালন করুন",Hate,Religious,Community
meme_2576.jpg,"শান্তিতে ভোট দিয়েছে মানুষ, আমি খুশি, ভোট দিতে গিয়ে বললেন মমতা বন্দ্যোপাধ্যায় ত্রিপুরার পঞ্চায়েত ভোটও মানুষ শান্তিতে দিয়েছিল, আমিও খুব খুশি হয়েছিলাম...",Hate,Political,Organization
meme_2577.jpeg,আমার চোখের জল যদি নাটক হয় তাহলে সেই নাটকের পরী চালক,Non Hate,,
meme_2578.jpg,বাসের হেল্পার: ভাই পিছনে যান। পিছনে সিট খালি আছে পিছনে যাওয়ার পর আমি:,Non Hate,,
meme_2579.jpeg,"গাছে যদি টাকা হতো, মেয়েরা বাঁদরের সাথেও প্রেম করতো।",Hate,Gender,Community
meme_2580.jpg,"স্যার, কেষ্টার মেয়ে টেটে পাশ করেনি তাহলে চাকরিটা কি করে পেল!? সুকন্যা সমৃদ্ধি যোজনায় কোটা ছিল....",Hate,Political,Organization
meme_2581.jpg,যখন বাসার বুয়া প্রেগনেন্ট হয়ে যায়,Non Hate,,
meme_2582.jpeg,"এবার গুজরাটে ক্ষমতায় কংগ্রেস আসছে, ওরকম মনে হয়।",Hate,Political,Organization
meme_2583.jpeg,"ক্যাবলাকান্ত ছেলের নেই চুলে স্পাইক, সে যাক অন্তত আছে একখান বাইক।",Non Hate,,
meme_2584.jpeg,"মা বলো তো বাবা ভালো না, মোদীজি? তোর বাবা। তুমি মোল্লার বংশধর, তুমি দেশদ্রোহী, তুমি পাকিস্তানি।",Hate,Religious,Community
meme_2585.jpg,যৌতুক নেয়া নিষেধ' বলতে থাকা হেডস্যার: যৌতুকে পাওয়া মোটরসাইকেল নিয়ে স্কুলে আসা ক্লাসটিচার:,Non Hate,,
meme_2586.jpg,ধর্ম যার যার উৎসব সবার| ধর্ম যার যার উৎসব ও তার,Hate,Religious,Community
meme_2587.jpeg,"বৃষ্টি তে সবাই ঘরে, সুপারহিরোরা ছাদে।",Non Hate,,
meme_2588.jpeg,শুনলে ভায়া চাকরীর দাবীতে অনশনরত আন্দোলনকারীদের মাঝরাতে পুলিশ গ্রেফতার করে জেলে ভরে দিয়েছে উত্তরপ্রদেশে এসব তো হবেই না গো এটা ইউপির ঘটনা নয় খাস কলকতার ঘটনা ,Hate,Political,Organization
meme_2589.jpeg,উন্নয়ন রাস্তায় দাড়িয়ে আছে। সামনে উন্নয়ন আস্তে চালান,Hate,Political,Organization
meme_2590.jpg,বিয়ে বাড়িতে যখন বাড়়ির মালিক খাবার কেমন হয়েছে জিজ্ঞেস করতে আসে,Hate,Political,Organization
meme_2591.jpeg,"সিপিএম ধর্ষণের শাস্তি হিসেবে মৃত্যুদণ্ডের বিরোধিতা করছে, বিলুপ্ত হয়ে যাচ্ছে বলে ওদের মাথার ঠিক নেই।",Hate,Political,Organization
meme_2592.jpeg,ট্রেনে তালির আওয়াজ পাওয়ার সাথে সাথেই চোখ বন্ধ করে ঘুমানোর ভান করার যে ব্যাপারটা,Non Hate,,
meme_2593.jpg,ঈশ্বরের প্রশংসা করো। তিনি পরম করুণাময়।,Hate,Religious,Community
meme_2594.jpeg,দিদির অপমান সইব না যতবড় হরিদাস পাল হউক না কেনো ছেড়ে কথা বলবো না,Hate,Political,Organization
meme_2595.jpg,কোহলির ডাক নাম চিকু । যখন প্রথম দিল্লি রঞ্জি টিমে আসে প্রাক্তন দিল্লি কোচ অজিত চৌধুরী এই নামটি দিয়েছিলেন ।,Non Hate,,
meme_2596.jpeg,"দুবছর বাড়ীতে বসে কাটলো এই বছর সরস্বতী পুজো টা খুব ভালো কাটবে, মিনহোয়াইল বৃষ্টি বি লাইক ",Non Hate,,
meme_2597.jpg,পিসির অনুপ্রেরণায় এই জয় এই জয় মা মাটি মানুষের জয়,Hate,Political,Organization
meme_2598.jpeg,অধিকাংশ ছেলেরাই মেয়েদের দুধের দিকে তাকিয়ে বলে তোমার চোখ দুটো খুব সুন্দর।,Hate,Gender,Community
meme_2599.jpeg,স্যার বিবাহিত জেনেও স্যারের ওপর প্রতিনিয়ত ক্রাশ খেয়ে স্যারের ডিভোর্স হওয়ার আশায় থাকা আমার বান্ধুবী  ,Non Hate,,
meme_2600.jpg,শার্টের বোতামটা ছিঁড়ে গিয়ে নিচে পড়েছে আঁচ্ছা খুজে দিচ্ছি,Hate,Gender,Community
meme_2601.jpg,উন্নয়ন কাদের হয়েছে বুঝতে পারছেন?,Hate,Political,Organization
meme_2602.jpeg,তামিম আমি ৫ ম্যাচ খেলার কথা বলিনি  বিসিবি মিডিয়া না তুই বলেছিস ,Non Hate,,
meme_2603.jpg,স্কুুলের বাথরুম থেকে বাহিরে বের হবার পর: এতে রয়েছে হাজারো মুতের সৌরভ,Non Hate,,
meme_2604.jpeg,মোবাইল চার্জে লাগিয়েছিলাম দুই ঘণ্টা পর এসে দেখি সুইচ দেই নি আমার অবস্থা,Non Hate,,
meme_2605.jpg,বামপন্থীরা কীভাবে ফ্ল্যাটে নিয়ে গিয়ে আমার দর্শন বোঝায়; সেটা বলতে বলতে কখন ফ্ল্যাটে নিয়ে গিয়ে ধর্ম বুঝিয়ে দেবে ধরতে পারবেন না,Hate,Political,Organization
meme_2606.jpeg,"কোপারসন, বেকারত্ব চাষীর আত্মহত্যা, পেট্রোলের, গ্যাসের দাম এসব নিয়ে আমার কোনো মতাভেদ নেই, খালি আমার ধর্ম নিয়ে অসম্মান দেখলেই মাথা খারাপ হয়ে যায়।",Hate,Religious,Community
meme_2607.jpeg,দালালি চাকরি চলে যাওয়ার পর কুনাল ঘোষ পিসি চোর ভাইপো চোর তৃণমূলের সবাই চোর,Hate,Political,Organization
meme_2608.jpg,একজন উর্বর মস্তিষ্কের 'নাস্তিক',Hate,Religious,Community
meme_2609.jpeg,বাংলাদেশ কে নিয়ন্ত্রণ করে রেন্দিয়া নাকি আমাদের সরকার। ২১ শে ফেব্রুয়ারী তে রেন্দিয়া পতাকা হাতে,Hate,Political,Organization
meme_2610.jpg,একমাত্র সরকার যাকে পুরো বাংলাদেশ ভালবাসে,Non Hate,,
meme_2611.jpg,যখন মা শীতের সময়েও ঠান্ডা জ্বল দিয়ে স্নান করতে বলে,Non Hate,,
meme_2612.jpeg,ওহে ভ্রাতা শুনলাম তুমি নাকি টিকটকার? ,Non Hate,,
meme_2613.jpeg,যখনই ঘুমানোর সময় হওয়়া বিদ্যমান: লে কারেন্ট: *কারেন্ট @ধর্মান্ধ চলে যাচ্ছি বিদায় নিতে এসেছি @ধর্মান্ধ ,Non Hate,,
meme_2614.jpg,নারীবাদ পিরিয়ডের পেইন এইসব নিয়া স্ট্যাটাস দেয়ার পর মেয়েদের মন জয় করা ফাকবয় বি লাইক: এ শহরে আমার মতো ক্রিমিনাল একটা ও নাই,Hate,Gender,Community
meme_2615.jpeg,বাসায় বেড়াতে আসা মেহমানের বাচ্চাকে মারার পর যখন কেদে ফেলে! ,Non Hate,,
meme_2616.jpeg,সাদিয়া কলকাতা যাচ্ছি তোমার জন্য কি আনবো নিজের জন্য কলিকাতা হারবাল এনো তাতেই হবে,Hate,Gender,Community
meme_2617.jpg,যখন কপালে কেউ জোটে তখন সুযোগের সৎ ব্যবহার করি আমি তাই বলে এই দিনেও । চাবকে তোমার ছাল তুলে নেব হারামজাদী,Hate,Gender,Community
meme_2618.jpg,"সৌদি আরবে ঈদ হতে পারে ২২ এপ্রিল, জানালেন জ্যোতির্বিজ্ঞানীরা বাংলাদেশের চাঁদ দেখা কেমিটি :-আমাদের ঈদ তাহলে ২৩ এপ্রিল",Hate,Religious,Community
meme_2619.jpg,যত্ন নিলে মরা গাছেও ফুল ফুটে,Hate,Gender,Community
meme_2620.jpg,রমজানের আগে শেষবার হাতমারা বিদ্যমান নুনু: আল্লাগো... আইজ না জানি কি হয়,Non Hate,,
meme_2621.jpg,"বাংলাদেশী নারীবাদী ""মেয়েরা কেনো ঘরের সকল কাজ করবে? ওরা কি ঘরের কাজ করার জন্য জন্ম হইসে? ঘরের কাজ আরেক বৃদ্ধ মহিলা দিয়ে করানো এবং তাকে আদর করে বুয়া ডাকা",Hate,Gender,Community
meme_2622.jpeg,মামা রাসেল কে নাকি খেয়ে দিছোস খাবো কি করে মামা ওর তো দাড়াই না,Hate,Gender,Community
meme_2623.png,"ছিঃ তাপমাত্রা, তোমার চরিত্র এতো খারাপ? তুমি এতো নীচে নামতে পারো!! আর কতো নীচে নামবা?",Non Hate,,
meme_2624.jpg,"আবহাওয়া খারাপ হওয়ার পর বিদ্যুৎ: ""আমি কি এহন জামু """,Non Hate,,
meme_2625.jpg,"আব্রাহাম্মক ধর্মগুলোর সর্বক্ষমতাবান, সর্বজ্ঞ ঈশ্বর ও তোরাত-বাইবেল-কোরানের প্রতিটি নবীর সমস্ত কর্মকাণ্ডের ব্যাপ্তি ছিলো এই ছোট্ট বৃত্ত জুড়ে এ থেকে কী বুঝলেন?",Hate,Religious,Community
meme_2626.jpg,*গফ যখন ভুল করে আপনার নুনু তে হাত দিয়ে ফেলে*,Hate,Gender,Community
meme_2627.jpeg,যখন আত্মীয়রা আপনার বাড়িতে যান এবং আপনার মা তাদের বিস্কুট দেয় যা আপনি আগে কখনও দেখেননি,Non Hate,,
meme_2628.jpg,সৌদি আরবে আজ থেকে রোজা শুরু| বাংলাদেশি শয়তানঃ সৌদি শয়তানঃ,Non Hate,,
meme_2629.jpg,"যখন আম্মু / আব্বু আমাকে হঠাত করে ""তুমি"" বলে সম্বোধন করে",Non Hate,,
meme_2630.jpeg,কক্সবাজারকে বঙ্গবন্ধু বাজার নামকরণ করার জন্য অনুরোধ জানাচ্ছি পৃথিবীর বৃহত্তম সমুদ্র সৈকত হবে বঙ্গবন্ধু বাজার,Hate,Political,Organization
meme_2631.jpg,৩% বাড়িয়েছি এটাই অনেক; বেশি ঘেউ ঘেউ করবেন না!,Hate,Political,Organization
meme_2632.jpg,মামার বাসায় যাওয়ার পরে মামতো বোনরা ঈদের সালামীর জন্য আবদার করতেছে !,Hate,Gender,Community
meme_2633.jpeg,মহল্লার ক্রিকেটে সারা ম্যাচ মারামারি করে ম্যাচ শেষে দুই লিটার কোক ভাগ করে নেওয়ার সময়,Non Hate,,
meme_2634.jpeg,ছোটোবেলায় কালীপূজার রাতে লুকিয়ে প্রথমবার গাজা টানার পর ও বাবাগো মাথাটা বনবন করে ঘুরছে ,Non Hate,,
meme_2635.jpg,"হিন্দুকে মুসলমান বানানো সহজ, হিন্দুকে খ্রিস্টান বানানোও সহজ, কিন্তু একটা হিন্দুকে হিন্দু বানানো খুব কঠিন ...!!",Hate,Religious,Community
meme_2636.jpg,তুমি এখানে ইন্টার্ভিউ দিতে এসেছো নার্ভাস হবার কিছু নেই রিলেক্স করো স্যার একটা বিড়ি হবে নাকি?,Non Hate,,
meme_2637.jpg,লু পোস্ত এভাবে কি দেখেন ভাই? ক্রাশ বলেছে 'তাকে পেতে হলে রান্না শিখতে হবে' তাই রান্না শিখছি,Hate,Gender,Community
meme_2638.jpg,ফায়ার সার্ভিসে ফোন দিয়েছি কারণ তুমি জ্বালায়া গেলা মনের আগুন নিভায়া গেলা না,Non Hate,,
meme_2639.jpeg,বন্ধুকে বুঝানোর চেষ্টা করছি কলেজে সদ্য চান্স পাওয়া অতিথি পাখি শিকার করতে গিয়ে যেন নিজের পোষা পাখি হারিয়ে না ফেলে ,Non Hate,,
meme_2640.jpg,মেয়েরা প্রেম করার সময় যেমন ছেলে চায় আর বিয়ে করার সময় যেমন কাকু জোটে,Hate,Gender,Community
meme_2641.jpg,ভিতরে থাকা ট্যালেন্ট আর ৩৬ সাইজের দ... কখনো লুকিয়ে রাখা যায় না !,Hate,Gender,Community
meme_2642.jpeg,আমার এখানে শিল্প করুন রক্ষে করো পিসি এই বয়সে চপের দোকান খুলতে বলো না,Hate,Political,Organization
meme_2643.jpg,ভ্যালেন্টাইন্স-ডে তে বিকালে গার্লফেন্ডকে নিয়ে বেরোনোর সময় গার্লফ্রেন্ড-র মাকে দেওয়া তিনু যুব নেতার প্রতিশ্রুতি.... কাকিমা পম্পাকে সন্ধ্যার আগেই বাড়ি দিয়ে যাবো,Hate,Political,Organization
meme_2644.jpeg,যখন কেউ চটি চাটা দেবাংশুকে ভাতাংশু বলে সম্বোধন করে তখন চাপরি তৃণমূল সমর্থক খবরদার বাপ হামারে,Hate,Political,Organization
meme_2645.jpeg,"পাকিস্তানি জঙ্গিদের কাটা মুণ্ডু ভারত মাতার চরণে অর্পণ করলেই শহিদের আত্মা শান্তি পাবে, পাকিস্তান, রেডি থাক পুরো দেশ মায়ের ভোগে যাবে",Hate,Religious,Community
meme_2646.jpg,মূর্তিপূজার অভিযোগে অভিযুক্ত মুসা নবীর অনুসারীদের আল্লাহ ক্ষমা করেছে (সুরা আল বাকারাহ; ২:৫২) মূর্তিপূজার অভিযোগে অভিযুক্ত মুসা নবীর অনুসারীদের আল্লাহ শাস্তি দিয়েছে (সুরা আল আরাফ; ৭:১৫২),Hate,Religious,Community
meme_2647.jpg,এটা আমরা হতে পারতাম কিন্তু তোমারগুলা তো আমারগুলার থেকেও ছোট,Hate,Gender,Community
meme_2648.jpg,এতো কষ্ট কেন ভালবাসা? ভালবাসতে কইছে কেডা?,Non Hate,,
meme_2649.jpg,২০০ টাকা হইছে ম্যাম সরি ভাইয়া আমার ব্যাগটা ভুলে বাসায় রেখে এসেছি,Hate,Gender,Community
meme_2650.jpg,"উন্নয়ন হচ্ছে উন্নয়ন হবে উড়ালপুল, মাঝেরহাট ব্রিজ থেকে উন্নয়ন ঝরে ঝরে পড়ছে",Hate,Political,Organization
meme_2651.jpeg,ঠান্ডা কম ভেবে এদেশে আসার পর অতথি পাখি ডাহা লোকসান হয়ে গেল গো,Non Hate,,
meme_2652.png,ছয় দিন ধরে অবরোধ করতেছেন আর কতো?? এবার একটু থামেন !! আপনি তো ছয় বছর ধরে রাজত্ব করতেছেন এইবার আপনে একটু থামেন !,Hate,Political,Organization
meme_2653.jpg,#কলা যখন কিনি যখন খাই,Non Hate,,
meme_2654.jpg,এই কোম্পানি তে চাকরী করার জন্য তোমার কী গুন রয়েছে ? স্যার আমি হোলির দিনে এত মদ খাই যে নিজের বাবার নাম আর বাড়ির ঠিকানা ভুলে যাই ! তুমিই তো প্রকৃত বাঙালি তোমার চাকরী পাক্কা স্যালারি কত নেবে ভাই??,Non Hate,,
meme_2655.jpeg,যখন তুমি কোথাও ট্রাভেল করতে গিয়ে গাড়ি থেকে বমি করো।,Hate,Gender,Community
meme_2656.jpeg,বাড়়ির পাশে মসজিদ তাও যাছ না আবার প্রেমিকারে নিয়া মক্কা যাওয়ার স্বপ্ন দেখস,Hate,Religious,Community
meme_2657.jpg,খাটের কথা ভেবে গতি কমানোর নামই মধ্যবিত্ত,Hate,Gender,Community
meme_2658.jpeg,"বিয়ের আগে এবং বিয়ের পরে, নদীর এ কূল ভাঙে, ঐ কূল গড়ে",Non Hate,,
meme_2659.jpg,অমুছলিমদের হত্যা বা আক্রমণ করতে মুছলিমদের আহ্বান জানানো হয়েছে কোরানের ১৬৪ টি আয়াতে,Hate,Religious,Community
meme_2660.jpg,রাতে ম্যাশ পটাটো এবং স্টিম রাইস দিয়ে ডিনার করেছি বলার পর আমি,Non Hate,,
meme_2661.jpg,ক্লাস সেভেনের পিচ্চি : মামা একটা গোল্ডলিফ দেন তো দোকানের আশেপাশের মানুষজন :,Non Hate,,
meme_2662.jpg,আম্মু বলসে বাইরের কিছু খাইতে না তাই তোমাকে ঘরের বউ বানাতে চাই,Hate,Gender,Community
meme_2663.jpg,*ঘুমের সময় হলে বাচ্চারা*,Hate,Gender,Community
meme_2664.jpg,আপনার স্বামীকে রোজ দুধ খাওয়াবেন হারামজাদা খায় না খালি টিপে ...,Hate,Gender,Community
meme_2665.jpg,"আস্তিকরা যখন নাস্তিকদের হাতে নিহত হয় তখন নাস্তিকদের অবস্থা, এমন হয় নাস্তিক কর্তৃক আঘাত প্রাপ্ত আস্তিক",Hate,Religious,Community
meme_2666.jpg,আগে আমার কিছুই ভালো লাগতো না! ঘুরতে যাওয়া/খেলাধুলা/টিভি দেখা! তারপর আমার জীবনে এলো পড়ালেখা! এখন আমার সব কিছু করতে ভালো লাগে!,Non Hate,,
meme_2667.jpg,হ্যালো পৃথিবীবাসী! এখানে আমি কোন স্রষ্টাকে দেখতে পাচ্ছিনা... দেখবা বৎস! শুধু অক্সিজেনের ট্যাঙ্গটা খালি হতে দাও ...,Hate,Religious,Community
meme_2668.jpeg,যখন তুমি বিএনপির জন্য প্রচার প্রচারনা চালিয়ে আওয়ামী লীগকে ভোট দেও এই শহরে আমার মতো ক্রিমিনাল আর একটাও নেই,Hate,Political,Organization
meme_2669.jpg,রমজানের পর দায়িত্বে আসা শয়তান! রমজান মাসে শয়তান কে নিয়ে মিমস বানিয়ে মজা নেওয়া আমি!,Non Hate,,
meme_2670.jpeg,জীববিজ্ঞানীগণ যেভাবে প্রাণীর শ্রেণীবিভাগের নামকরণ করে,Non Hate,,
meme_2671.jpg,চল যাই চল যাই অই পাশে অই পাশে চল যাই অই পাশে নু যাই উম্মুরা,Non Hate,,
meme_2672.jpg,মামা তোদের এলাকায় আসছি আচ্ছা ঘুইরা চইলা যা,Non Hate,,
meme_2673.jpeg,"আসল এঞ্জেলিনা জোলি, মাসিমা ঠাকুমাদের এঞ্জেলিনা জোলি।",Non Hate,,
meme_2674.jpg,"আলাহ তুমি কি বানাইতাছো আমি এইটার নাম দিছি ""মশা"" এইটা খালিখালি মানুষরে কামড়াইবো আর ভয়ঙ্কর সব রোগ ছড়াইবো তুমি মনে অয় মানুষরে দ্যাখতে পারো না? তাই না? হুম আমি অগো লগে মজা লই আর বেকুবডি মনে করে আমি পরীক্ষা করি হা হা",Hate,Religious,Community
meme_2675.jpeg,কিছু তো ব্যাপার ছিল এনার মধ্যে পশ্চিমবঙ্গের অর্থনীতি চাঙ্গা করতে বাঙালীদের পরিজয়ী শ্রমিক হতে উৎসাহ দিত,Hate,Gender,Community
meme_2676.jpg,একটা প্রশ্ন ছিলো... মশাটা কী বেঁচে আছে?,Hate,Political,Organization
meme_2677.jpeg,"হালকা ব্রা দেখিয়ে, একটু দুধ দেখিয়ে খাটো ড্রেস পরে নিজেকে কি ভাবো মডেল? পুরো রেন্ডি মাগীর লক্ষণ।",Hate,Gender,Community
meme_2678.jpeg,"এটা জিভাসন, এই আসন করলে অতি সহজে মিথ্যা বলা যায় এবং কোনো কষ্ট হয় না।",Hate,Political,Organization
meme_2679.jpg,নাস্তিকদের বিভিন্ন যুক্তি/অযুক্তি আরিফ আজাদ,Hate,Religious,Community
meme_2680.jpg,গেমের মধ্যে মাইক অন করে উরাধুরা গালি দেওয়া আমি পাশের ঘরে থেকে আব্বু,Non Hate,,
meme_2681.jpg,দরদ মা মাসি -বাবু তুমি খাইলেই আমার খাওয়া হবে,Non Hate,,
meme_2682.jpeg,এইচএসসি পরীক্ষার রেজাল্ট কি ছিলো আমি শহীদ সৈয়দ নজরুল ইসলাম কলেজের স্টুডেন্ট ছিলাম ও বুঝছি জিপিএ ৫ পাইছিলা,Non Hate,,
meme_2683.jpeg,ভারতকে হারিয়ে দেয়ায় হেডের স্ত্রী ও মেয়েকে ধর্ষণের হুমকি,Hate,Political,Organization
meme_2684.jpeg,"আমার আর মহিষাসুরের দরকার নেই, গত বছরের মতো এবছরও পুজোর থিম হোক কলকাতা হাইকোর্ট।",Hate,Religious,Community
meme_2685.jpg,এটা আমরা হতে পারতাম কিন্তু তোমার পমপম গুলো তোহ ছোট,Hate,Gender,Community
meme_2686.jpeg,মাছ মাংস ছাড়া ভাত খাস না আর ফেসবুকে স্ট্যাটাস দেস প্রিয় খাবার আলুভর্তা ডাল ,Non Hate,,
meme_2687.jpeg,আমাকে শাড়িতে বেশি সুন্দর লাগে নাকি ওয়েষ্টার্নে বাবু তোমাকে খালি গায়ে বেশি সুন্দর লাগে,Hate,Gender,Community
meme_2688.jpeg,সারাজীবন সাইন্স নিয়ে পড়ার পর যখন ভার্সিটিতে আর্টসের সাব্জেক্ট পান,Non Hate,,
meme_2689.jpeg,এখনো এত টাইট কিভাবে বউদি? ভুল ফুটোতে ঢুকিয়েছিস বোকাচোদা,Hate,Gender,Community
meme_2690.jpg,নিজের বাসায় বয়ফ্রেন্ড এর বাসায়,Hate,Gender,Community
meme_2691.jpg,ঠাকুরপো তোমার রুমে আমার ব্রা টা পেলাম কিন্তু ওটায় আঠার মত কি লাগানো ? আঠা-ই হবে হয়ত ! ঘরের দেওয়ালে অনেক ছবি লাগাবো ! দুই কেজির মত আঠা নিয়ে এসো তো ।,Hate,Gender,Community
meme_2692.jpg,"আগে সপ্তাহে ৬ দিন ক্লাস করতাম একদিন স্কুল বন্ধ থাকত এখন একদিন ক্লাস করি, ছয় দিন স্কুল বন্ধ থাকে",Non Hate,,
meme_2693.jpg,"কি অদ্ভুত ওয়েদার! ১০ মিনিট রোদে হাঁটলেই, চেহারা ন্যাশনাল আইডি কার্ডের সাথে হুবহু মিলে যাচ্ছে",Non Hate,,
meme_2694.jpg,যখন বিকাশ থেকে কোনো নাহিদ তোমাকে কল দেয় না:,Non Hate,,
meme_2695.jpg,তেল স্যার আপনার মতো ভালো আার কেউ পড়াতে পারে না তেল মারা,Non Hate,,
meme_2696.jpg,যখন তুমি কোনো বিয়ে বাড়ীতে যাও কিন্তু কাউকেই চিনো না !,Non Hate,,
meme_2697.jpg,"স্যার, আজ সমাবেশ থেকে পিসি হুমকি দিলেন... জিভ টেনে ছিঁড়ে নেওয়ার এবার বোঝা গেল জগবন্ধু সৌগতর কুকথার অনুপ্রেরণা কে!",Hate,Political,Organization
meme_2698.jpg,জনাব আপনাদের ওখানে কি চলছে সপ্ন পদ্মা সেতু,Hate,Political,Organization
meme_2699.jpg,এই দেখ ভাই তোর জন্য কী ডাউনলোড করেছি ? এখন তো উঠে যা ।,Hate,Gender,Community
meme_2700.jpg,"ও তো মেয়ে, ও আমাদের সাথে কিভাবে খেলবে ? দেখ ভাই, আমি চাইলে তোর জীবনটা নিয়েও খেলতে পারি",Hate,Gender,Community
meme_2701.jpg,যখন স্যারের অনুপস্থিতিতে বন্ধুদের সামনে স্যারের চেয়ারে বসি,Non Hate,,
meme_2702.jpg,সত্যিই কিছু ট্যালেন্ট আছে কুন্তলের মধ্যে .. চিটিংবাজী করে যেমন কামিয়েছে তেমন ঢেলে খরচ করেছে সায়ন্তনীর পেছনে,Hate,Political,Organization
meme_2703.jpg,"আজকেই জীবনের শেষ হাত মারা, এটা ভেবে যখন আমি হাত মারতে যাই । হাত মারার পরে ছিহ এটা আমি কি করলাম, না এ হতে পারে না",Non Hate,,
meme_2704.jpg,"মুলো না গাজর ? চাইনা গাজর , চাইনা মুলো যদি থাকে বাড়াতে জোর",Hate,Gender,Community
meme_2705.jpg,বোরখা পরা অশিক্ষিত মেয়েটিকে অন্ধকার জগৎ থেকে মুক্তি দিতে হাত বাড়িয়েছেন সুশীল নারীবাদী ভাইটি,Hate,Gender,Community
meme_2706.jpg,দুই রাউন্ড খেলার পরে মেয়ে ছেলে রাস্তা কখনোই শেষ হয়না শেষ হয় গাড়ীর তেল,Hate,Gender,Community
meme_2707.jpg,"অনুব্রতহীন বীরভূমে তৃণমূলে ভাঙন, বুথ সভাপতি-সহ ৬০০ জন যোগ দিলেন সিপিএমে",Hate,Political,Organization
meme_2708.jpg,"প্যানিক কইরেন না! ইছলাম শান্তির ধর্ম, আল্যার কসম!",Hate,Religious,Community
meme_2709.jpg,হ্যাপি দুর্গা পূজোর শুভেচ্ছা আজ হোলির দিনে শালা তত সময় মদ খাবো যত সময় পর্যন্ত ভুলভাল বকা না শুরু করব,Hate,Political,Organization
meme_2710.jpg,"রিলেশনের ৩ বছর হয়ে গেলো, এবার তো লাগাতে দে । ডিসেম্বরের শেষে বিয়ে বর কে কি বলবো ? যাহ ! দুষ্টু ! বলবি শীতকাল ছিল ফেটে গেছে ।",Hate,Gender,Community
meme_2711.jpg,বাংলাদেশ আওয়ামী লীগ আবু ত্বাহা মোহাম্মদ আদনান ৪ দিন যাবৎ বাংলাদেশ আওয়ামী লীগ নিখোজ পরিমনীর সাজানো ধর্ষণ নাটক,Hate,Political,Organization
meme_2712.jpeg,"বাবা মা কষ্ট করে ছেলেকে লন্ডনে পড়তে পাঠায়, লে ছেলে: গার্লফ্রেন্ড কে থাপাতে এসেছি, পড়াশুনা করতে নয়!",Hate,Gender,Community
meme_2713.jpeg,আন্টি আর দিয়েন না খেতে পারবোনা বলার পর যখন আসলেই আর দেয়না,Non Hate,,
meme_2714.jpg,"কীরে এত কাঁদছিস কেন ? পূজোর শপিং করতে গিয়েছিলাম এটা তো সুখের বিষয় ! কান্না কেন করছিস... ১০,০০০ টাকার জিনিষ কিনেছি তাহলে তোর প্রবলেম কী ? তুই কান্না কেন করছিস ? জামা প্যান্ট কেনা হয়নি শুধু মেকাপের সব কিছু কিনতেই ১০,০০০ লেগেছে",Non Hate,,
meme_2715.jpg,পেইজের মাধ্যমে লেটেস্ট খবর টাংগাইলের জনগণ টাংগাইল সারকাজম পেইজের এডমিন,Non Hate,,
meme_2716.jpeg,আগে কম নম্বর দিত ক্ষমতায় এসে সবার নম্বর বাড়িয়ে দেওয়ার নির্দেশ দিই বিস্ফোরক মুখ্যমন্ত্রী  তাই তো ভাবি দেবাংশু পাস করলো কিভাবে ,Non Hate,,
meme_2717.jpg,জিএফ এর সাথে ডেইট এ গিয়ে যখন মাসের টাকা সব শেষ হয়ে যায় আর বাবা থেকে টাকা চাই বাবা: এতগুলো টাকা গেল কোথায় ?,Non Hate,,
meme_2718.jpg,সেই মুহূর্ত যখন আপনি জানতে পারেন দুর্গাপুজোয় আপনার অফিসে মাত্র দুইদিন ছুটি,Non Hate,,
meme_2719.jpg,সেহেরীতে উঠার জন্য রাত ৩টার এলার্ম যখন দুপুর ৩টায় বেজে উঠে - আমি: এ জীবন রেখে কী লাভ ??,Non Hate,,
meme_2720.jpg,মাটির ব্যাংকে প্রতিদিন ১০ টাকা রেখে ২ বছর পর ব্যাংক ভেঙ্গে যখন ৫০ টাকা পাওয়া যায় আম্মু: আমি কিতার মধ্যে টাকা ঢালতাছি,Non Hate,,
meme_2721.jpg,নাগরপুরের মেয়ে বিয়ে করলে যা হয়,Hate,Gender,Community
meme_2722.jpeg,"যেভাবে ক্রিসমাস উদযাপন চলছে বিশ্বজুড়ে, নিউ ইয়র্ক, প্যারিস, লন্ডন, কলকাতা",Hate,Religious,Community
meme_2723.jpeg,"এবার কি করবো দিদি? তোকে একতা টিভি চ্যানেল খুলে দিচ্ছি ""সারাক্ষণ কি করবো মদন"" নামে সারাদিন মনের সুখে লাইভ আসবি",Hate,Political,Organization
meme_2724.jpg,পিসি সিপেমের 'দুর্নীতির ফাইল' নিয়ে আসছেন... ৫ বছর হয়ে গেল এখনও এলো না! ১০ বছর হয়ে গেল এখনও এলো না ! যাহঃ শ্লা! আলমারি সমেত সব চুরি হয়ে গেছে!,Hate,Political,Organization
meme_2725.jpeg,এই তুই সত্যি করে বল তুই যৌতুক চাস নাই তুই বউমা কে আজেবাজে ইঙ্গিত দিয়েছিস না বল আজেবাজে ইঙ্গিত দিয়েছি কিন্তু তা তো যৌতুকের জন্য না,Non Hate,,
meme_2726.jpeg,গোসলে নাকি অতিরিক্ত পানি খরচ করি বলে চিল্লাতে থাকা বাড়িওয়ালা এদিকে আরো আমি কিনা পানির অপচয় রোধে তার মেয়ের সথে গোসল করি ,Non Hate,,
meme_2727.jpeg,"যখন খবর পাওয়া বর বাসায় রাতে থাকবে না, কিন্তু বাড়িতে অনেক সংসার আছে।",Hate,Gender,Community
meme_2728.jpeg,ভোটের পূর্বে যখন আপনি নেতার ভুগিচুগি শুনে ভোট দেন কিন্তু পরে পাঁচ বছরে আর দেখা পান না আমরা সব সময় ভুল মানুষ কে ভোট দেই ,Hate,Political,Organization
meme_2729.jpg,"আইচ্ছা হুজুর ! আপনাগোরে যেভাবে নাস্টেক জবাই করতে দেহি, সেভাবে ধর্ষক কুপাইতে দেহি না কেনু ..? হুম : যেহেতু ধর্ষণ কইরলে ও তারা আমাদের স্টুপিডিটি নিয়ে হাসাহাসি করেনা ..",Hate,Religious,Community
meme_2730.jpeg,সন্তান প্রেম করছে প্রথম শোনার পর কী করবেন নিয়ে শিটপোস্ট করার পর যখন মনে পড়ে ডাক্তার বলেছিলো আপনি কখনো বাবা হতে পারবেন না,Non Hate,,
meme_2731.png,"ছাত্র ফাজলামি করার পর টিচার, ""বেয়াদব! এতো অকালে পেকে গিয়েছিস কিভাবে?!"" ছাত্র : ""স্যার, ফরমালিন মেশানো আম খেয়ে""",Non Hate,,
meme_2732.jpeg,টিউশনির দ্বিতীয় দিন যখন ছাত্রী চুল স্ট্রেট করে লিপষ্টিক দিয়ে পড়তে আসে এবং আন্টি স্যার থেকে বাবা ডাকা শুরু করে এ কি বিপদে পড়লাম ,Non Hate,,
meme_2733.jpg,নাস্তিকরা যখন হতাশায় ভোগে মুসলিমরা যখন হতাশায় ভোগে আল্লাহ বলেন আল্লাহর শরনেই অন্তরসমহ প্রশান্তি লাভ করে,Hate,Religious,Community
meme_2734.jpg,পিসি - যেভাবে গ্রামবাসীদের হাতে আমার দূতেরা বাটাম খাচ্ছে তাতে এই পোগ্রামটা চালিয়ে নিয়ে যাওয়া ঠিক হবে?! *ভাইপো,Hate,Political,Organization
meme_2735.jpeg,"মাকে চোদার সময়, এক ধাক্কায় যখন বাড়া ঢুকাই, ঠাপানোর সময়, মা ছেলে যখন একসাথে মাল ঢালি, ভোদা থেকে মাল যখন মুখে দেয়",Hate,Gender,Community
meme_2736.jpg,ছোটোবেলার শাকচুন্নী শাকচুন্নী মিম বানানোর চক্করে জেলে যাওযার ইচ্ছা নেই,Hate,Political,Organization
meme_2737.jpeg,"হোলির দিন, পাড়ার বৌদি, আমি",Non Hate,,
meme_2738.jpg,যখন তুমি ঢাকা সিটি কলেজ ও উদ্ভাসে পড়ে ব্র্যাক বিশ্ববিদ্যালয়ে ভর্তি হও: মনে হচ্ছে যেখান থেকে এসেছি সেখানেই আবার ফিরে এলাম,Non Hate,,
meme_2739.jpg,কিরে তোর জিনিস কই ?,Hate,Gender,Community
meme_2740.png,"আম্মু পেপে খাবো! চুপ! আজকে থেকে কোন পেপে নাই, শুধু মূলা!",Non Hate,,
meme_2741.jpeg,আমরা কি জিতবো না জিতবো না আমরা,Non Hate,,
meme_2742.png,"মেয়েরা ছুটিতে বাসায় গেলে পাস ফেল বাদ দিয়া মা বাবার একটাই প্রশ্ন ""একটা প্রস্তাব আসছে, দেখবি?"" ছেলেরা বাসায় গেলে মা বাবার প্রশ্ন ""কবে পাস করবি? চাকরি করবি?"" বিয়ার নাম গন্ধ ও নাই!!",Non Hate,,
meme_2743.jpeg,রাম উত্তর ভারতের দেবতা রাম বহিরাগত প্রভু রাম বহিরাগত প্রভু রাম যে দুর্গাপূজা শুরু করেছিলেন সেই দুর্গাপূজা বাঙালির প্রধান উৎসব ও তোদের মতে তো আবার বাঙালির প্রধান উৎসব ঈদ তুই সাম্প্রদায়িক,Hate,Religious,Community
meme_2744.jpeg,বন্ধুর বাবার নাম ধরে ডাকার পর যখন দেখি পিছনে বন্ধুর বাবা দাড়িয়ে আছে বন্ধুর বাবা আমি ,Non Hate,,
meme_2745.jpg,একমাত্র সরকার যাকে দেশের সব নেতা-নেত্রীরা সমর্থন করে,Non Hate,,
meme_2746.jpg,কাঁচা বাদাম ভাজা বাদাম,Hate,Gender,Community
meme_2747.jpg,প্রেম জেগেছে আমার মনে বলছি আমি তাই তোমায় আমি ভালবাসি তোমায় আমি চাই উঁরি উঁরি বাবা কি দারুণ,Hate,Gender,Community
meme_2748.jpg,একটু চালাক না হইলে; দুনিয়াতে টিকা কঠিন!,Non Hate,,
meme_2749.jpeg,"রাতের আকাশে হঠাৎ এরকম আলোর খেলা দেখে এলিয়েন এসেছে ভেবে ঘাবড়ে যাবেন না, এবার বিয়েবাড়ি সিজন শুরু হয়ে যাচ্ছে",Non Hate,,
meme_2750.jpg,কি খেয়েছিস ? মুখ থেকে কিসের গন্ধ আসছে ? বোর্নভিটা,Non Hate,,
meme_2751.jpeg,আপনার আপনজনকে লাভ-জিহাদের হাত থেকে বাঁচান।,Hate,Religious,Community
meme_2752.jpeg,করোনা ভাইরাস হতে সাবধান।,Hate,Gender,Community
meme_2753.jpeg,"বেলা শুরু, বেলা শেষে",Non Hate,,
meme_2754.jpg,আদম ও হাওয়ার বাল্যকালের ছবি,Hate,Religious,Community
meme_2755.png,দেখতে দেখতে জানুয়ারী মাস শেষ হইয়া গেলো কি হইল এইডা !! সেই দিন না থার্টি ফার্স্ট নাইট করলাম !,Non Hate,,
meme_2756.jpg,[ দেশি মিলফ ] [ দেশি মিলফ ],Hate,Gender,Community
meme_2757.jpg,বেঞ্জিমা পিসিমা,Hate,Political,Organization
meme_2758.jpeg,তানজিম সাকিব রোজা রাখে নাই তাই এখন থেকে যেসব নারীরা ইউনিভার্সিটি তে ফ্রি মিক্সিংয়ে অভ্যস্ত ছিল তারা তাদের সন্তানের জন্য লজ্জাশীল মা হওয়ার যোগ্যতা অর্জন করছে,Hate,Religious,Community
meme_2759.jpeg,সৌদি আরবে যাওযার আগে সৌদি আরব থেকে আসার পর,Non Hate,,
meme_2760.jpeg,মানুষের দুঃখ কষ্ট বুঝতে পারে ছাগল,Non Hate,,
meme_2761.jpeg,জনৈক সাইকোলজিস্টের সিজিপিএ নিয়ে মজা করার সময় যখন হঠাৎ নিজের সিজিপিএর কথা মনে পড়ে,Non Hate,,
meme_2762.jpg,"১ মিনিট ধরে করোনা সতর্কতা বার্তা শোনার পর যখন দেখি যাকে কল দিয়েছি তার ফোন বন্ধ চুদে চাটনি, বেকার খাটনি ।",Non Hate,,
meme_2763.jpg,যখন তুমি কোনো বিয়ে খেতে যাও কিন্তু কাওকেই চিননা,Non Hate,,
meme_2764.jpg,"চিন্তা নেই, আমি খুব ধীরে ধীরে করি",Hate,Gender,Community
meme_2765.jpg,এক গৌতম রাজ্যে উন্নয়নের জোয়ার এনেছে এবার আরেক গৌতম বিনিয়োগের বন্যা আনবে,Hate,Political,Organization
meme_2766.jpeg,গায়ের রং নিয়ে ট্রলকারী is bad কিন্তু ময়দা মেখে ফরসা হয়ে লোকজন কে ধোঁকা দিয়ে টাকা কামানো is Good ,Non Hate,,
meme_2767.jpg,যুদ্ধে না জড়াতে যুক্তরাষ্ট্র ও ইরানের প্রতি আহব্বান কাদেরের একমাত্র কাদের ভাইয়ের কথা চিন্তা করে চুপ আছি ! নাইলে কবেই উড়াইয়া দিতাম !,Hate,Political,Organization
meme_2768.jpg,*বন্ধুকে গুম করে দিলাম ! কারন... রোজা বাদ দিয়ে গফ কে নিয়ে পহেলা বৈশাখ উদযাপন করতে গেছিলো !,Hate,Religious,Community
meme_2769.jpeg,সবাই ছিড়া টাকা চালায় দেয় আর আমি দিলে ধরা পরে যাই,Non Hate,,
meme_2770.jpg,এই তোমার লাচ্ছি নাই কেনো? আসলে ফাহিমের এখন আর লাচ্ছি বের হয়না ঊর্ধ গগনে তুলিয়া ঠ্যাং হুদাই করিলাম ব্যাং ব্যাং,Hate,Gender,Community
meme_2771.jpeg,আচ্ছী রুমান্টিক কিছু বলো বৃষ্টি তোমার কেমন লগে একবার খাইছিলাম পানির মতই লাগে,Non Hate,,
meme_2772.jpg,একজন ভালো বয়ফ্রেন্ড সবসময় গালফ্রেন্ডের মুখে হাসি ফুটিয়ে রাখার চেষ্টা করে,Hate,Gender,Community
meme_2773.jpeg,তালিবানরা আমাদের দেশকে ধ্বংস করছে বিশ্বের নেতাদের অনুরোধ করছি আমাদের রক্ষা করুন জিহাদি এবং বামপন্থী সালা মুখ সামলে কথা বল তালিবানরা আমাদের বাবা হয়,Hate,Political,Organization
meme_2774.jpeg,যখন নিজের পছন্দ করা জামার থেকে পাশের কাস্টমারের পছন্দ করা জামা বেশি ভালো লাগে,Non Hate,,
meme_2775.jpg,যখন মা জানে তুমি পাশের রুমে বই পড়ছো কিন্তু মা এসেই দেখে তুমি মোবাইল টিপছো ! আরে আমিতো বইই পড়ছিলাম,Non Hate,,
meme_2776.jpg,দাদা ঠাকুর ভাংতে যাবি না? নারায়ে অকবীর আল্লাহু আকবার,Hate,Religious,Community
meme_2777.jpg,বল্টুর বাবার চোখে বল্টুর মা যেদিন বল্টু রাতে বাড়ি থাকে যেদিন বল্টু মামাবাড়িতে রাত কাটায়,Hate,Gender,Community
meme_2778.jpeg,সিজদাহ থেকে উঠার সময় যখন সামনে দাঁড়ানো ব্যক্তির লুঙ্গিতে মাথা ঢুকে যায়,Non Hate,,
meme_2779.jpg,আমার বয়ফ্রেন্ড আমাকে কত্ত ভালোবাসে... কিন্তু আমার আর ক্রাশকে পাওয়া হল না... থাক আমার তো বেষ্টফ্রেন্ড আছে ।।,Hate,Gender,Community
meme_2780.jpeg,"মেসি ভাবে আমি শ্রেষ্ঠ, রোনাল্ডো ভাবে আমি শ্রেষ্ঠ, নেইমার ভাবে আমি শ্রেষ্ঠ, হাসেন অন্তর্জামি।",Non Hate,,
meme_2781.jpeg,কাজ এমন করো যাতে রাস্তাঘাটে লোকে আপনাকে দেখতে পেলেই জয় শ্রী রাম বলে উঠে ,Hate,Religious,Community
meme_2782.jpg,বৃষ্টি পড়ে টাপুর টুপুর পায়ে আমার নতুন জুতু কিন্তু রাস্তা দিয়া হাঁইটা গেলে জুতা কাদায় ভইরা যায়,Non Hate,,
meme_2783.jpg,আমার কাছে বাংলো আছে গাড়ি আছে তোর কাছে কী আছে? পিসির অনুপ্রেরণা আছে প্রিজন ভ্যান আছে,Hate,Political,Organization
meme_2784.jpg,কুন্তল আমার সবটা দেখেছে' জীবনের গল্প শোনালেন সোমা কুন্তলটা ভারি দুষ্টু...,Hate,Political,Organization
meme_2785.jpg,"যখনই আপনার মনে হবে, আপনি নিরর্থক কোনও কাজ করছেন, তখন এই ছবিটায় চোখ বুলিয়ে নেবেন",Hate,Religious,Community
meme_2786.jpeg,পাশের বাসার আন্টির মেয়ে,Non Hate,,
meme_2787.jpeg,মাথা নষ্ট কী হট লাগা মাছ ,Non Hate,,
meme_2788.jpeg,জুনিয়রদের থেকে লুকিয়ে একা একা খাওয়ার সময় যখন জুনিয়রদের পুরো একটা গ্রুপ আপনাকে ধরে ফেলে  চুদসে রে ,Non Hate,,
meme_2789.jpg,হাইসেন না  হিন্দুরা আমারে দেবতা পদে অ্যাপয়েন্টমেন্ট দিসে ।,Hate,Religious,Community
meme_2790.jpeg,"বাস, মেট্রোতে সবাই এমন রং মেখে উঠেছে, যেন তারা ইউক্রেন থেকে যুদ্ধ করে ফিরছে",Non Hate,,
meme_2791.jpg,"আজকে থেকে আমি ডায়েটিংয়ে রাতের খাবার খাবো না আম্মু : ""জলদি খেতে আয় তোর প্রিয় খাবার রান্না করেছি""",Non Hate,,
meme_2792.jpg,"মা বলে আমার দ্বারা কিছু হবে না কিন্তু আমি জানি, আমার দ্বারা সত্যিই কিছু হবে না",Non Hate,,
meme_2793.jpg,জামাইষষ্ঠী তে তো অনেক আনন্দ হয় শশুড়বাড়ি যেয়ে ধ্যার বাল ! আমার তো বিয়েই হয়নি,Non Hate,,
meme_2794.jpeg,কালো মেয়ে বিয়ে করবো না কিন্তু আমি তো ফর্সা তোমার অন্তর টা কালো ,Hate,Gender,Community
meme_2795.jpg,উন্নয়ন; যেটা পিসি প্রচার করে উন্নয়ন; যেটা আসলে ঘটেছে,Hate,Political,Organization
meme_2796.jpg,লাভগুরুর ফ্যান্টাসিতে সারারাত ভুগে দ্বীনি বোনরা এখন কষ্ট ছাড়াই তাহাজ্জুদ পড়ছে ফজর না পড়েই ঘুম,Hate,Religious,Community
meme_2797.jpeg,শাকিব খাঁন চুম্মা দিলে ভালোবাসা আর আমি চুম্মা দিলেই ধর্ষন বাহহ,Hate,Gender,Community
meme_2798.jpg,ধর্ম যার যার উৎসব সবার চাকরি আপনার বেতন সবার,Hate,Religious,Community
meme_2799.jpeg,"আপনাকে জুন মাসে দুর্গাপূজা করতে হবে, আমি কি থানোস নাকি মশাই? ওর কাছে যান, রিয়েলিটি স্টোন দিয়ে দুর্গাপূজা দেখিয়ে দেবে",Non Hate,,
meme_2800.jpg,গ্রামের স্কুলে পড়ার সময় টাংগাইল এসে কুমুদিনীতে ভর্তি হবার পর,Hate,Gender,Community
meme_2801.jpg,ট্যাগ এ বান্ধুবী যার দুদু বড়,Hate,Gender,Community
meme_2802.jpeg,বৃষ্টির রাতে কারেন্ট চলে যাওয়ায় যখন বউ এর হাতে মোমবাতি ধরিয়ে দেন কিন্তু বউ জানে ঘরে কোন মোমবাতি নেই,Hate,Gender,Community
meme_2803.jpg,"টাকা চাইছেন কর্মীরা, হতাশ প্রার্থী, পুরভোটের প্রচারে বিজেপি যেন ঢাল-তলোয়ারহীন 'নিধিরাম'",Hate,Political,Organization
meme_2804.jpeg,রাফসানের বর্তমান কপালের অবস্থা যেমন খারাপ ২১ বসন্ত ধরে আমার কপালের অবস্থা ও তেমনি,Non Hate,,
meme_2805.jpg,"ডাকাত যে-কারণে শেরিফকে অপছন্দ করে, ঠিক সেই কারণেই উপাসনালয় ঘৃণা করে চিন্তাশীল মানুষদের।",Hate,Religious,Community
meme_2806.jpeg,যতই বার্বি সাজোনা কেন ওইটা কোনোদিন পিংক হবে না,Hate,Gender,Community
meme_2807.jpg,টাংগাইলে আমার একটা প্রিয় জায়গা আছে টাংগাইলের কই কান্দাপাড়া চিনস ? সালা তুই আমারে চিনস ?,Non Hate,,
meme_2808.jpeg,বিল্ডিংয়ের ছাদে রেকেট খেলার সময় যখন পাশের বাসার মেয়েকে বলেন ককটা সোজা করে ধরে সার্ভ করো এবং সে সত্যিই ককটা সোজা করে ধরে ফেলে,Hate,Gender,Community
meme_2809.jpg,সালামের থেকে নমস্কার ভাল মোদের গরব মোদের আশা আ মরি বাংলা ভাষা ২০ শে সেপ্টেম্বর পশ্চিমবঙ্গ মাতৃভাষা দিবস,Hate,Religious,Community
meme_2810.jpg,আমি অবশ্যই একজন নাস্তিক হিসেবে গর্ববোধ করি... দুশ্চিন্তা অবিশ্বাস সন্দেহ চাপ,Hate,Religious,Community
meme_2811.jpeg,"ছেলেরা চায় সুন্দরী মেয়ে আর মেয়েরা চায় টাকাওয়ালা ছেলে। হিসাব বিজ্ঞান বলে এটা একটি লেনদেন মাত্র, ভালোবাসা নয়।",Non Hate,,
meme_2812.jpeg,কম্পিটিশন এতই বেড়ে গেছে যে কাউকে দুটো দুঃখের কথা বললে সে নিজের দশটা শুনিয়ে দেয় ,Non Hate,,
meme_2813.jpeg,বয়ঃসন্ধিকালে তো সবারই দাড়ি গজায় সবার গজায় না লক্ষ্মণ ,Non Hate,,
meme_2814.jpg,"ললিত মোদী, বিজয় মালিয়া, নীরব মোদী বিদেশ চলে গেছে মিত্রো .. আমি চৌকিদার, সুদ সমেত সব টাকা আদায় করবো ! কোথা থেকে? কৃষক আর সাধারণ মানুষের কাছ থেকে!",Hate,Political,Organization
meme_2815.jpg,যদি আমি একটা ছেলেকে কিস করি?? নরকে যাবি যদি আপনাকে কিস করি?? তাহলে .... হে হে হে... চালাক মেয়ে স্বর্গে যেতে চাস!,Hate,Religious,Community
meme_2816.jpeg,তালিবানদের নতুন প্রধানমন্ত্রী হিসেবে নিযুক্ত হলেন বাংলার মুমতাজ বেগম,Hate,Political,Organization
meme_2817.jpeg,আমার ভেতরে থাকা গালাগালি আমি ,Non Hate,,
meme_2818.jpeg,গার্লফ্রেন্ড এর পেছনে অঢেল টাকাপয়সা খরচ করে উদারতার পরিচয় দেওয়া বয়ফ্রেন্ড বয়ফ্রেন্ড এর বাপের দশা,Non Hate,,
meme_2819.jpeg,"আমি বাংলাকে আমেরিকাও করে দিয়েছি আমি ১০০০ টা দেশের মধ্যে সেরা মুখ্যমন্ত্রী আমাকে ভোট দিন লে বাংলার বন্য জনতা আপনি এবার হেগে মুতে, দুই পা উপরে তুলে শুয়ে পড়ুন আপনার গল্প শেষ",Hate,Political,Organization
meme_2820.jpeg,আমি দুর্বল ট্রান্সদের পক্ষে কথা বলবোই আমাকে পায়ুকামী বিহারি যা খুশি বলেন আমি দুর্বলের পক্ষে থাকতে চাই আমি লাইক কমেন্ট চাই না ,Hate,Gender,Community
meme_2821.jpg,ভবনগুলো কি সুন্দর,Hate,Gender,Community
meme_2822.jpg,সেই বিব্রতকর মুহূর্ত যখন তুমি বিয়ের গদিতে কিন্তু তোমার হাগা ধরেছে,Non Hate,,
meme_2823.jpg,*মেয়েদের মধ্যে মারামারি লাগা বিদ্যমান* *মাথার চুল- আজ বোধহয় আর রক্ষে নেই,Non Hate,,
meme_2824.jpeg,"আবার একটা রাজ্য হাতছাড়া হয়ে গেলো, যাক এবার ছোট ভীম এর সঙ্গে ডোরেমন, সিঞ্চন এসব দেখার এক্সট্রা টাইম পাওয়া গেল",Hate,Political,Organization
meme_2825.jpg,তুমি কামের ফাঁদে পড়েছ তুমি রামের ফাঁদে পড়েছ,Hate,Religious,Community
meme_2826.jpg,দু মিনিটের বেশি নাকি কিছুতেই কোথাও দাঁড়াচ্ছে না! দিদির দূতেরা...,Hate,Political,Organization
meme_2827.jpeg,প্রথম ভারতীয় মেয়ে যার বাবা মেয়ের বিয়ে দেবার পরে ফকির হবার বদলে বড়লোক হয়ে গেছেন!,Non Hate,,
meme_2828.jpeg,হ্যান্ডশেক করার জন্য হাত আগানোর পর যখন সামনের লোক খেয়াল করেনা ,Non Hate,,
meme_2829.jpeg,এখন থেকে আমিও এই শার্ট পরবো গাজা খাবো মেয়ে এমনিতেই ফিদা হয়ে পটে যাবে ,Non Hate,,
meme_2830.jpg,ওই কি ভাবছো গো বলো একটু শুনি ভাবছি যত্নে গড়া দুদু গুলো একদিন কোনো সরকারি কাকু টিপবে,Hate,Gender,Community
meme_2831.jpg,গার্লফ্রেন্ড- বুকে খুব ব্যাথা করছে বয়ফ্রেন্ড- আমি টিপে দেবো? গার্লফ্রেন্ড -,Hate,Gender,Community
meme_2832.jpeg,বিচ্ছেদের কারণ কি ছিল খুব ভালো ছেলে ছিল কাউকে না করতে পারতো না ব্যাস ,Non Hate,,
meme_2833.jpg,"বান্ধবীর বয়ফ্রেন্ডকে জিজু জিজু বলে ডাকতে ডাকতে সেই জিজুই যখন আপনকে ""ভালোবাসি"" বলে প্রপোজ করে বসে - এতটাও আপন করতে বলিনি আমি",Non Hate,,
meme_2834.jpg,"ভাই থামেন! আপনার এত চুলকাইলে ২১শে ফেব্রুয়ারী পালন কইরেন না, ফুলও দিয়েন না। খামাখা ধর্ম নিয়া তেনা পেঁচান ক্যান?",Hate,Religious,Community
meme_2835.jpeg,বাংলায় কোনো গুজরাটি কে চাই না ইউসুফ ভাই তো কলকাতার ছেলে ,Non Hate,,
meme_2836.jpeg,পাশের বাসার আন্টি যখন বলে একটা হেসে ছবি দাও তোমার জন্য  ছেলে খুজবো ছবি,Non Hate,,
meme_2837.jpeg,আমি যাকে নিয়ে কুঁড়েঘর বাঁধার স্বপ্ন দেখি আসলে সে নাকি ৫ তলা বিল্ডিং এ থাকে ,Non Hate,,
meme_2838.jpeg,কোন বিশেষ দিন আসলে আমার মুখের ব্রন আমি চলে এসেছি ,Non Hate,,
meme_2839.jpeg,"কি হলো আজ আমাকে নারীদিবসে স্যালুট মারলে না তো? আজ আন্তর্জাতিক শ্রমজীবী নারীদের দিন যারা হয় চাকরি করে নাহলে সারাদিন খেতে সংসার চালায়, সম্মানটা শুধু তাদেরই জানাবো। তুমি তো বাপের হোটেলে খেয়ে বয়ফ্রেন্ড এর টাকা ওড়াও আর ফেবুতে বাতেলা মারো। ছি তুমি পুরুষতান্ত্রিক",Hate,Gender,Community
meme_2840.jpg,এমন এক জেলায় বসবাস করি যেখানে কারেন্ট ছাড়া কোনো মেয়ে নাই ...,Hate,Gender,Community
meme_2841.jpg,আমি ভালবাসা মিম,Hate,Gender,Community
meme_2842.jpeg,জানু কে নিয়ে বানানো মিমস অন্যান্য ভার্সিটির সবাই,Non Hate,,
meme_2843.jpg,"প্যাট্রিক কন্ডেল ধর্ম বিষয়ক একমাত্র সত্য এই যে, ধর্ম মিথ্যা।",Hate,Religious,Community
meme_2844.jpg,মেয়েরা : মেয়েদের সম্মান করো আবার মেয়েরা :,Hate,Gender,Community
meme_2845.jpg,এই দেখ খনিকের পোলা তুই বড় করতে না পারলেও তর বন্ধুরা ঠিকই পারছে বড় করতে,Hate,Gender,Community
meme_2846.jpg,৪টি জিনিস যা মানুষের রিজিক বৃদ্ধি করে তাহাজ্জুদ নামাজ দান করা তওবা করা আল্লাহকে বেশি বেশি স্মরণ করা,Non Hate,,
meme_2847.jpg,দিদি ওদিকের খবর কী? তুই চাপ নিস না; কয়লা; বালি; গরু; চাপা দিয়ে দিয়েছি,Hate,Political,Organization
meme_2848.jpeg,"পিসি, মোল্লা সাহেব দিলীপকে দেখলেই ইট ছুড়তে বলেছে। খুব করেছে, ইমামভাতা কি আমি এমনি এমনি দিই!",Hate,Religious,Community
meme_2849.jpeg,"পেট্রোল ফুরিয়ে যাওয়ায় ট্রেন থেমে গেছিলো, তাই সহৃদয় ব্যক্তি ট্রেনে পেট্রোল ভরে দিয়ে যাত্রীদের দুর্ভোগের হাত থেকে রক্ষা করলেন।স্যালুট!",Non Hate,,
meme_2850.jpg,তোমার ক্রাশ তুমি,Hate,Gender,Community
meme_2851.jpg,"মুছলিমদের উচিত কাফেরদের ক্ষমা করে দেয়া । (সুরা আল জাসিয়া, ৪৫:১৪) কাফেরদের হত্যা কর যেখানে তাদের পাও, তাদের বন্দী কর এবং অবরোধ কর । (সুরা আত তাওবাহ, ৯:৫)",Hate,Religious,Community
meme_2852.jpg,"ছেলে মাশাআল্লাহ খুবই ভালো স্পিড, বল কন্ট্রোল, ড্রিবলিং সবই পারে, ছেলে ৯৯% ভালো শুধু... ইয়ে মানে...",Non Hate,,
meme_2853.jpeg,"বাবুল তৃনমূলের হয়ে একটা গান হয়ে যাক, বোম্বে কাপিয়ে ভারত নাচিয়ে এসেছি বাংলাদেশ ও আমার বাংলাদেশ",Hate,Political,Organization
meme_2854.jpeg,দাওয়াতের ময়দানে থুথু নিক্ষেপ শব্দচয়ন করী অসুস্থ চর্চা আপনারা পেট্রো ডলার খেয়ে মুজাহিদদের বিরুদ্ধে ফাতোয়া দিলে সুস্থ চর্চা হয় চোপ বেয়াদব তোরা খারেজী,Hate,Religious,Community
meme_2855.jpg,লকডাউন লকডাউন শেষে,Non Hate,,
meme_2856.jpg,হ্যালো কেমন আছো? এতদিন পর কি মনে করে? বাজারে এসেছিলাম ভেন্ডি কিনতে ভেন্ডি দেখে তোমার নুনুর কথা ভাবছিলাম,Hate,Gender,Community
meme_2857.jpg,হ্যাঁ আমি ছেলে কিন্তু মনে মনে মেয়ে,Hate,Gender,Community
meme_2858.jpg,বনভোজন বোনভোজন,Hate,Gender,Community
meme_2859.jpg,"মুক্তমনা মানে কী? মুক্ত মন নিয়ে সবার জন্য চিন্তা করা হ্যাঁ, তাই ইসলামের বিরোধিতা করা",Hate,Religious,Community
meme_2860.jpg,রাত ১ টায় বাসার উপর তলার লোকজনঃ,Non Hate,,
meme_2861.jpg,পার্থ-অর্পিতাকে ১৪ দিনের জেল হেফাজতের নির্দেশ ব্যাঙ্কশাল কোটের কিছু বুঝলেন লালমোহন বাবু? না... ১৪ দিন পর বোঝা যাবে আজ দিল্লিতে কী বৈঠক হল!,Hate,Political,Organization
meme_2862.jpg,পাশের বাড়ীর মেয়েটাকে একদম ডিস্টার্ভ করবি না কেন বাবা? কারন ও তোর বোনের মতো । সত্যি করে বলোতো বাবা আর কোন কোন ঘরে আমার এরম বোন রয়েছে ! ওরে হারামজাদা ছেলে বাবার ক্যারেক্টার নিয়ে প্রশ্ন তুলিস । আজ ক্যালিয়ে তোর সিঙ্গা ভেঙে দেব ওয়াড়া,Non Hate,,
meme_2863.jpeg,বর যাত্রী যাওয়ার টাইমে যখন গাড়িতে জায়গা কম পড়ে ছোটরা,Non Hate,,
meme_2864.jpg,"অভিষেকের দফতরের সামনে অসুস্থ বিক্ষোভ দেখানো দুই টেট উত্তীর্ণ, নিয়ে যাওয়া হল হাসপাতালে তুই তাহলে কাদের সাথে বৈঠক করে এলি!?",Hate,Political,Organization
meme_2865.jpg,"মুম্বইয়ে চাকরির দাবিতে পড়ুয়াদের রেল অবরোধ এরা দেশদ্রোহী, মোদী বিরোধী, এদের পাকিস্থানে পাঠানো হোক...",Hate,Political,Organization
meme_2866.jpg,"তুই ফাকবয় তুই বারোবাতারি *নিষ্পাপ আমি ফাকবয়, বারোবাতারি এগুলা কি বাংলা একাডেমির নতুন আবিষ্কার নাকি",Non Hate,,
meme_2867.jpg,শিক্ষার জন্য স্কুল বিনোদনের জন্য সিনেমা সিনেমার মধ্যেও শিক্ষা খুঁজব শিক্ষার মধ্যে বিনোদন খুঁজব,Non Hate,,
meme_2868.jpg,"নিয়োগ কেলেঙ্কারিতে আরও চাপে পার্থ, অর্পিতা-মোনালিসার পর এবার মৌমিতা? ও মশাই এতো ঘনিষ্ঠের তালিকা বেড়েই চলছে ? খারাপ ভাবছেন কেন! ভাবুন কতো বড়ো মনের মানুষ...",Hate,Political,Organization
meme_2869.jpg,ইলেক্ট্রিক র‍্যাকেট দিয়ে মশা মারার পর থোড়,Non Hate,,
meme_2870.jpg,"যখন কোন স্ত্রী তার বরকে বলে আজ ৫,০০০ টাকা দিও একটু পার্লারে যেতে হবে ! বরের শরীর** বৌ** বরের আত্না**",Hate,Gender,Community
meme_2871.jpg,রিলেশনশিপের ১ম দিন রেস্টুরেন্টের চিপায় রিলেশনশিপের ১ মাস পর রেস্টুরেন্টের চিপায়,Hate,Gender,Community
meme_2872.jpg,নির্বাচনের আগের দিন রাতে ৫০০ টাকার বিনিময়ে নিজের ভোট বিক্রি করে দেওয়ার পর! উন্নয়নকামী জনগণ :-,Hate,Political,Organization
meme_2873.jpg,আমি পড়াশোনা পড়াশোনা,Non Hate,,
meme_2874.jpg,পৃথিবীর অষ্টম আশ্চর্য হতো... যদি মেয়েরা হিন্দি সিরিয়াল দেখা বন্ধ করতো,Hate,Gender,Community
meme_2875.jpeg,বিয়ের পাত্রীকে ঘোমটা দিয়ে কেন রাখা হয় যাতে কেউ দেইখা কইতে না পারে আরে অয় তো আমার এক্স আছিলো,Non Hate,,
meme_2876.jpeg,ত্রিপুরা আমি আর আসবো না,Non Hate,,
meme_2877.jpg,পাশ নম্বর আমি সেমিস্টার ফাইনালের সময়,Non Hate,,
meme_2878.jpeg,আমার লেখা বই পড়লে জানতে পারবেন কোন সময় কী করলে আপনি সফলতার দিকে এগোবেন নন্দীগ্রামে আসার আগে বইটা পডে আসতে হতো পিসি,Non Hate,,
meme_2879.jpeg,"বেশি কিছু না, শুধু দুপুরে হাগতে ডুকেছিলাম",Non Hate,,
meme_2880.jpg,"আমরা পুরোনো হয়ে গেছি, না ?",Non Hate,,
meme_2881.jpeg,মাঠে পারফরম্যান্স করে দেখাই লাইভে এসে কান্নাকটি করিনা ,Non Hate,,
meme_2882.jpeg,"কি দিনকাল পড়লো, বাচ্চাকে স্কুলে পাঠিয়ে ও বাবা-মা টেনশন করবে, দুষ্টু মাস্টারের হাত থেকে বেঁচে সুস্থ ভাবে বাড়ি ফিরবে তো।",Hate,Gender,Community
meme_2883.jpeg,"মা দুর্গারও ততোগুলো হাত নেই, সেই মেয়েটার যতোগুলো লাং আছে।",Hate,Gender,Community
meme_2884.jpg,"সত্যি বলতে: এই যৌগিক পদার্থটার ক্ষয়িষ্ণু তেজস্ক্রিয়তার প্রমাণ আমি দিতে পারবো না। তবে আমি জানি, তা সত্যি। কারণ আমি আমার অন্তর দিয়ে তা অনুভব করতে পারছি। বিজ্ঞান যদি ধর্মের মতো হতো",Hate,Religious,Community
meme_2885.jpg,মেয়েরা ভাবে ছেলেরা যা চায় আসলে ছেলেরা যা চায়,Non Hate,,
meme_2886.jpg,এখানে টিপে ধরলি কেন ? ফুটবল ভেবেছিলুম কিন্তু ফুটবল তো হাত দেওয়া যায় না চল তাহলে মধ্যের পা রাখি ...,Hate,Gender,Community
meme_2887.jpg,সকল প্রকার ভয় ও খারাপ চিন্তা রাতে আয়াতুল কুরসি পাঠ করে ঘুমানো আমি,Non Hate,,
meme_2888.jpeg,কালকে তোর পরীক্ষা আর এখনো তুই নিউজফিডে ঘুরতেছিস কেন,Non Hate,,
meme_2889.jpg,ইস্ত্রি জামা সোজা করে স্ত্রী বর সোজা করে,Hate,Gender,Community
meme_2890.jpg,হরেক রকম চোর দিয়া বানাইছো মেলা. পিসি তোমার দরবারে এখন এর খেলা,Hate,Political,Organization
meme_2891.jpeg,হাহা ও তো অ্যানুয়াল পরীক্ষায় আইডিয়াল টিচার হিসেবে ম্যাডাম কে নিয়ে প্যারাগ্রাফ লিখেছিল। ম্যাডামের চাকরি চলে গেল  ,Non Hate,,
meme_2892.jpg,"একটা প্রশ্ন ছিল... 'খেলা হবে' স্লোগান দিয়ে তরুণ প্রজন্মকে পথে নামানোর মানে কি!? নতুন কেষ্ট বিষ্টু তৈরি করা, যারা নিজেরা ২৫% রেখে দলকে ৭৫% দেবে",Hate,Political,Organization
meme_2893.jpeg,ফ্রেন্ড লিস্টের অনেকের হাই লেভেলের লাইফ স্টাইল দেখে মনে হয় ওদের ধন্যবাদ জানাই আমার মতো গরীবকে ফ্রেন্ডলিস্টে জায়গা দেওয়ার জন্য,Non Hate,,
meme_2894.png,বিশ্বকাপের জন্য একটা পতাকা কিনছিলাম মাগার.. চোরে নিয়া গেছে,Non Hate,,
meme_2895.jpg,"মিথ্যা বললি ক্যানো আমায়? বাথরুমে ওটা স্যাম্পু ছিল না ।। আপনি কী করে বুঝলেন যে , ওটা স্যাম্পু ছিল না ? ? মাথায় মেখেছিলাম কোন ফ্যানা হয়নি রে ঢ্যামনা ।",Non Hate,,
meme_2896.jpg,আমার বন্ধু যখন সুন্দরী শিক্ষিত মেয়ে দেখে ২০ লক্ষ টাকার কাবিনে বিয়ে করে অতঃপর একসপ্তাহ পরই তালাক দেওয়া লাগে! তখন বন্ধুঃ [ হো*গামারা],Hate,Gender,Community
meme_2897.jpeg,মধুমিতা নয় এবার পাহাড় দেখাতে হাজির নতুন সুন্দরী লে এইদিকে পাহাড় খোঁজা আমি,Hate,Gender,Community
meme_2898.jpeg,চীনের নতুন মানচিত্রে যুক্ত হলো ভারতের অরুণাচল প্রদেশ মুভিতে আসিস ভার্নিশ করে ছেড়ে দিব ,Hate,Political,Organization
meme_2899.jpeg,বিরোধীরা নতুন পার্লামেন্ট ভবনের উদ্বোধন দেখছে,Non Hate,,
meme_2900.jpeg,আজ নান্টু ঘটক নেই বলে অল্প বয়সে বিয়ে করতে পারলাম না,Non Hate,,
meme_2901.jpg,আপনি এতদিন কলকাতায় থেকে বাংলা কিছু শিখেছেন? বাংলাতে আমি শুধু দুটো ওয়ার্ডই বলতে পারি... চোর ট্রিনোমূল,Hate,Political,Organization
meme_2902.jpeg,বাথরুমে যারা মোবাইল টিপে তারাই আসলে সময়ের মূল্য বোঝে,Non Hate,,
meme_2903.jpg,"স্রেফ সম্যক সাহস, সঙ্গী, সমর্থন ও সুযোগ পেলে অনেক মডারেট মুছলিমই জঙ্গি বনে যাবে।",Hate,Religious,Community
meme_2904.jpeg,স্যার এর হাতে চরম মাইর খাওয়ার পর ব্যথা পাইনি ,Non Hate,,
meme_2905.jpeg,ভাই এই জামাল কদুটা আবার কোন জাতের কদু,Non Hate,,
meme_2906.jpeg,"আপনার ফ্রেন্ড লিস্টে ২-৪ জন মোদি বিরোধী মাকু চটি চাটা অবশ্যই রাখবেন, কারণ শুভ কাজে হিজড়া না নাচলে মঙ্গল হয় না",Hate,Political,Organization
meme_2907.jpeg,"বাংলা দিল্লীর কাছে মাথা নামাবে না, ওদের টাকা আমাদের চায় না। কেন্দ্র টাকা না দিলে আমরা কোথায় টাকা পাব বলুন",Hate,Political,Organization
meme_2908.jpg,এরাই নাকি সবচেয়ে বুদ্ধিমান প্রজাতি ! হিহিহি...,Hate,Religious,Community
meme_2909.jpeg,এই রকম জঙ্গল আমি আগে কখনো দেখিনি।,Hate,Gender,Community
meme_2910.jpg,বৃষ্টির দিনে কি খেতে ভালো লাগে? ভুনা খিচুড়ি ভুনা কিশোরী,Hate,Gender,Community
meme_2911.jpg,বিজ্ঞান ধর্ম,Hate,Religious,Community
meme_2912.jpeg,বিটি রোডে দুর্ঘটনা এড়াতে নিজেই ভাঙগা রাস্তা মেরামতের কাজ করছেন এই ট্রাফিক পুলিশ... বা সাবাস।,Non Hate,,
meme_2913.jpg,"১২৫ ফুট পতাকার দড়ি চুরি নিউটাউনে, কাঠগড়ায় তৃণমূল চুরি *তৃণমূল",Hate,Political,Organization
meme_2914.jpg,সজিব খেইলা গেলা টাকা দিলা নাহ,Hate,Gender,Community
meme_2915.jpg,"আমি একজন মডারেট মুছলিম। আমি ঘৃণা, সহিংসতা ও বৈষম্যের বিরুদ্ধে। তবে আমার জীবনে আছে পথনির্দেশক এক কিতাব, যাতে ঘৃণা, সহিংসতা ও বৈষম্যের কথা আছে পদে পদে।",Hate,Religious,Community
meme_2916.jpg,প্রথমে এলো দুয়ারে সরকার তারপর এলো দিদির ভূত এবার আসতে চলেছে দুয়ারে তোলাবাজ,Hate,Political,Organization
meme_2917.jpeg,নষ্ট ঘড়ি পড়ে রাস্তায় বের হওয়ার পর যখন কেউ সময় জিজ্ঞেস করে,Non Hate,,
meme_2918.jpeg,"দুবছর অনলাইন ক্লাসের পর প্রথমদিন স্কুলে গিয়ে, কি হলো ক্লাস করতে করতে তুমি ঘুমিয়ে পড়ছো কেন? না আন্টি ঘুমাইনি, ভিডিওটা অফ করে রেখে খালি অডিওটা অন রেখে মনে মনে সব নোট করে নিচ্ছি ",Non Hate,,
meme_2919.jpg,"গোসলে গিয়ে পানি ঢালার পর টেংকিতে যখন পানি শেষ হয়ে যায় আমার লাভ-লস নাই, আমার লাইফটাই লস",Non Hate,,
meme_2920.jpeg,"প্রচুর কষ্ট করে ৬ দিন বাদে স্নান করার পরেও যখন কেউ বলে, ""কিরে আজও স্নান করিসনি?""",Non Hate,,
meme_2921.jpg,"আরও কতো মানুষকে হত্যা করলে কাফেররা বিশ্বাস করবে যে, ইছলাম শান্তির ধর্ম?",Hate,Religious,Community
meme_2922.jpeg,নবীজির দুশমন প্রতিবাদী মূলক গজল। ফাঁসি চাই। শিল্পীঃ সাইফুদ্দিন আনসারী,Hate,Religious,Community
meme_2923.jpeg,আমার অ্যাডমিন টুম্পা চটি চাটা তোলাবাজদের টুম্পা,Hate,Political,Organization
meme_2924.jpeg,"তদন্ত না করেই পাকিস্তানকে দোষ দেওয়া ঠিক নয়, আবার তদন্তের কি দরকার। বলছি তো আমরাই দায়ী। তুই চুপ কর। বলছি না তোরা নির্দোষ, বেশি বললে মুখে চপ গুঁজে দেবো। আচ্ছা বাবা ভুল হয়ে গেছে, ক্ষমা করো!",Hate,Political,Organization
meme_2925.jpg,ভাই চুল আর ছোট করলে আপনাকে আরও খারাপ দেখা যাবে ভাই খারাপ দেখা না গেলে আম্মু ভাববে আমি চুলই কাটিনি,Non Hate,,
meme_2926.jpeg,বান্ধবির বিয়েতে বান্ধবির বর কে দেখার পর আমি চাচ়া আপনে ,Hate,Gender,Community
meme_2927.jpeg,তেমন কিছু না আমি শুধু বলেছিলাম আমার বাবা তরমুজ ব্যবসায়ী,Non Hate,,
meme_2928.jpeg,"সময় খারাপ যাচ্ছে? মনে মনে এটা ভাবুন যে, আগস্ট মাস শুরু হয়ে গেলো, পরের মাসে দুর্গা পূজো।",Non Hate,,
meme_2929.jpg,যখন আপনি নিজের সুবিধা এবং প্রয়োজন অনুযায়ী; ফ্যাসিবাদী বিজেপি এবং মাওবাদী উভয়েরই হাত ধরেন গর্বিত লি বেড়াল,Hate,Political,Organization
meme_2930.jpeg,হিন্দি গান শোনা ক্ষ্যাত বলে কুল সাজার পর যখন বিয়ের হলুদে হিন্দি গানেই নাচতে হয় ,Hate,Political,Organization
meme_2931.jpg,পাশের বাসার ভালো ইষ্টুডেন্টের পায়ে ধোয়া পানি সেটা গিলতে থাকা আমি,Non Hate,,
meme_2932.jpg,শহর থেকে যখন গ্রামে যায় চাচাতো বোন গ্রামের চাচাতো ভাই:,Hate,Gender,Community
meme_2933.jpg,ধাঁধা: কে কার কে হয় আলী বিয়ে করেছে মুহম্মদের কন্যাকে মুহম্মদ বিয়ে করেছে ওমরের কন্যাকে ওমর বিয়ে করেছে আলীর কন্যাকে,Hate,Religious,Community
meme_2934.jpg,"আংটি মাংস, দরজা খোলেন",Non Hate,,
meme_2935.jpeg,শীতকাল কি কি বারে গোসল করব সেই প্রসঙ্গে আলোচনা সভা ,Non Hate,,
meme_2936.jpeg,"হেরে যায় সততা, আর জিতে যায় পতিতা। এটাই আমাদের দেশের বিচারের অবস্থা",Hate,Political,Organization
meme_2937.jpeg,মাল খেয়ে খাট কাঁপাই চোখ বেধে খাট কাঁপাই ,Hate,Gender,Community
meme_2938.jpeg,একজন সিনেমায় সৎমার অভিনয় করতেন আর একজন থাক বলব না বাবা ,Hate,Political,Organization
meme_2939.jpg,বিদেশ ফেরত স্বামী যখন পাঁচ বছর পর দেশে এসে স্ত্রীর সাথে প্রথম রাত্রিযাপনের পর স্ত্রী: পাছাডা ধ্বংস কইরা লাইছিরে ভাই,Hate,Gender,Community
meme_2940.jpg,বন্ধুকে মেরে ফেলছি কারন... ১৮ বছরের ধামড়া হওয়া সত্বেও এখনো নাকি রোজা রাখতে পারে না!,Hate,Religious,Community
meme_2941.jpeg,কলেজের সাংস্কৃতিক অনুষ্ঠানে এসেছি  মেয়ে পটাতে ,Non Hate,,
meme_2942.jpg,"আমার তিন ছেলে, দুই ছেলে এম এ পাস আর ছোটটা পড়ালেখা করে নাই তাই সে ভিক্ষা করে ছোটটা কে ঘর থেকে বের করে দে ফইন্নির ঘরে ফইন্নি তাইলে খামু কি?",Non Hate,,
meme_2943.jpeg,"তখন, ক্ষমতা থাকলে সিবিআই আমাকে তোলাবাজ কয়লাচোর প্রমাণ করুক, এই মাঠে দাড়িয়ে ফাঁসি নিব। এখন, এইভাবে সিবিআই আমাকে ভয় দেখানো যাবে না ভাইপো বোকা সোদা",Hate,Political,Organization
meme_2944.jpg,বেষ্ট ফটোগ্রাফার এ্যাওয়ার্ড টা ছুড়ে মার কেউ এর মুখে,Non Hate,,
meme_2945.jpeg,"আর যেখানে যাও না রে ভাই সপ্তসাগর পার, রঞ্জু জেঠুর কাছে পিঠে খেতে যেওনা খবরদার।",Non Hate,,
meme_2946.jpg,"বাইবেল-কোরানে স্পষ্ট করে বলা আছে, পৃথিবী সমতল, অতএব... নিউ ইয়র্ক লন্ডন প্যারিস বেইজিং টোকিও",Hate,Religious,Community
meme_2947.jpeg,তা ছেলে কি করে? ছেলে নিজে ইফতারি বানায় বাবা আমি রাজি ,Non Hate,,
meme_2948.jpg,ধর্ম কাহাকে বলে?,Hate,Religious,Community
meme_2949.jpg,আজ নেতাজির জন্মদিন কোন নেতাজি? ভুলে গেলি! যার বাড়ি মেরামতির সময় সিন্ডিকেটের টাকা আনতে গিয়েছিলিস...,Hate,Political,Organization
meme_2950.jpg,তুমি জেনে অবাক হবে যে ফেইসবুকে তোমার আর আমার হাতের লেখা সেইম,Non Hate,,
meme_2951.jpeg,রোহিঙ্গাদের ফিরিয়ে নিতে রাজি হয়েছে মিয়ানমার কষ্টে আছি কারণ আমার বন্ধু ও চইলা যাইবো ,Non Hate,,
meme_2952.jpeg,সারা বছর প্রকৃতির ছবি তুলেন কেউ কিছু বলবেন না কিন্তু একদিন মেয়েদের ছবি তুলেন,Non Hate,,
meme_2953.jpg,পোঁদ মারতে দেবে কিনা বলো ? না দেবো না । ব্যাথা নিয়ে বঁটিতে বসে মাছ কাটতে কষ্ট হয় আমার,Hate,Gender,Community
meme_2954.jpeg,মোদী জি একজন স্বয়ংসেবক সেটা সবাই জানে কিন্তু এই ভদ্রলোক যে বজরং দল ওয়ালা বেরোবে জানা ছিলো না,Hate,Political,Organization
meme_2955.jpg,চলে আয় বিনোদন পাওয়া গেছে,Non Hate,,
meme_2956.jpeg,গত বছর হিন্দু উদারপন্থীরা সম্প্রীতি দেখাতে করেছিল ধর্মনিরপেক্ষ দুর্গাপুজো এবার বেজে উঠুক মহালয়ার চণ্ডীপাঠ সব মসজিদের মাইকে ছড়িয়ে পড়ুক সম্প্রীতি বাংলার দিকে দিকে,Hate,Religious,Community
meme_2957.jpg,ষোলো সহস্র কামিনীর সাথে সঙ্গম করে ক্লান্ত? বদলাবে স্বাদ? ওরে পোপ - দুটো কচি দেখে খোকা আন তো!,Hate,Religious,Community
meme_2958.jpeg,দাদা দাদীকে সহ্য করতে না পারা উচ্চ প্রগতিশীল ব্যাক্তি জন্মের পর কখনো দাদা দাদীর আদর স্নেহ না পাওয়া আমি,Non Hate,,
meme_2959.jpeg,জুম্মার নামাজ শেষে মসজিদ থেকে বিরিয়ানি নিয়ে আসি আমি ওই দিকে বিরিয়ানির প্যাকেট নিয়ে কাড়াকাড়ি করা আমার শাহবাগী বন্ধুগণ,Hate,Religious,Community
meme_2960.jpg,"চায়ের কাপে ভেজানো বিস্কুট একটাই শিক্ষা দেয় কারোর প্রতি এতটাও ডুবে যেওনা,যাতে নিজেকেই ভেঙে পড়তে হয়",Non Hate,,
meme_2961.jpg,"কোনও মমিনরে নবীজির কার্টুন-আঁকা কোরান উপহার দিলে কোরানটা নিয়া সে কী করবে, জানতে মঞ্চায়",Hate,Religious,Community
meme_2962.jpg,ভারত যখন অলিম্পিকে পদক যেতে সব মোদীজির কৃতিত্ব ভারত যখন ক্রিকেট বিশ্বকাপে হেরে যায় মোদীজির কোনো দায় নেই সব দোষ প্লেয়ারদের,Hate,Political,Organization
meme_2963.jpg,*ভাইপো *পার্থদা *ভাইপো *পার্থদা,Hate,Political,Organization
meme_2964.jpeg,তিনারা জৈ বাংলার আওয়ামী পতিতা লীগের সদস্য,Hate,Political,Organization
meme_2965.jpeg,শতাব্দীর সেরা বিশ্বাসঘাতক।,Hate,Political,Organization
meme_2966.jpg,সামনে পঞ্চায়েত ভোট আসছে মাসিমা আমাকে চিনতে পারছেন তো? কেন চিনতে পারবো না! টিভিতে কতবার দেখেছি টাকার বান্ডিল নিতে,Hate,Political,Organization
meme_2967.jpg,ঈশ্বরের নামে এগিয়ে চলো! আল্লাহু আকবর! গাধাচোদার দল!,Hate,Religious,Community
meme_2968.jpg,এমন গাড় ঘোলা সাদা চা কী করে হয় ? এটা কী চা গো ? এটা উত্তেজনার ফলে নিঃসৃত সুপার ন্যাচারাল চা,Hate,Gender,Community
meme_2969.jpg,তুমি কি কুকুর ভালোবাসো? আমি কুকুরকে ভালোবাসলেও কুকুর আমাকে ভালোবাসে না,Non Hate,,
meme_2970.jpg,লেবুর রস বের করার নিনজা টেকনিক।,Hate,Gender,Community
meme_2971.jpg,আজকের দিনভর এই নোংরামি দেখে এখন কি মনে হচ্ছে!? আমি বাপু রাজনীতি বুঝি না তবে মৃতদের ভোট দিতে দেখে ভীষণ আনন্দ হয়,Hate,Political,Organization
meme_2972.jpg,যারা আগে থেকেই ধনী থাকে আর যারা নতুন নতুন ধনী হয়,Hate,Gender,Community
meme_2973.jpg,নাস্তিকদের ধর্মগুরু চার্লজ ডারউইন,Hate,Religious,Community
meme_2974.jpeg,"যে মেয়ে দাড়ি দেখে বিয়েতে বসতে রাজি না, ওই মেয়ে না, ওইটা হিজড়া - শায়খ আহমাদুল্লাহ।",Hate,Gender,Community
meme_2975.jpeg,বাবা আমি বিয়েতে পন নেবো নো তোকে তো নিজের কুত্তাও কেও দেবে না মেয়ে কে দেবে ,Hate,Gender,Community
meme_2976.jpeg,ভক্তরা দেখবি আর জলবি লুচির মতো ফুলবি কৃষক কমরেড মিয়া দি লাল সেলাম কেউ আবার বলছে মিয়াদি আর জনি দা নাকি কৃষক চরিত্র করেছিল কোনো এক শর্ট ফিল্মে তারপর থেকেই নাকি আমাদের প্রিয় মিয়া দি কৃষকপ্রেমী,Non Hate,,
meme_2977.jpeg,"প্যাটেল মূর্তি রাম মূর্তি অনেক হল, এবার ক্ষমতায় আসলে সব বন্ধ করে দেবো। সবার আগে ছোটা ভীমের মূর্তি বানাবো তারপর বাকি কথা",Hate,Religious,Community
meme_2978.jpg,আমিঃ যখন বাড়িতে থাকি ! যখন বাড়ির বাইরে থাকি...,Non Hate,,
meme_2979.jpeg,বামপন্থী মানেই দেশদ্রোহী শেষ অবধি প্রমাণ হয়ে গেল।,Hate,Political,Organization
meme_2980.jpg,দাদা; নেতাজি দেখান.... সস্তার কিছু নেই!,Hate,Political,Organization
meme_2981.jpeg,পাকিস্তানের চন্দ্রযান,Hate,Political,Organization
meme_2982.jpeg,ছোটবেলা নানুর জর্দার বাটা থেকে লুকিয়ে জর্দা খাওয়ার পর পিনিক,Non Hate,,
meme_2983.jpg,": স্যার ওইটা বোর্ড এ প্লাস এর জায়গায় মাইনাস হবে না ? স্যার: আরে বাপরে বাপ, গণিতের প্রফেসর সাব চইলা আসছে ! ডাবল ডিম খাওয়া প্রফেসর ।",Non Hate,,
meme_2984.jpeg,নিম্নমুখী ভারতের জিডিপি কে উপরে তোলার আপ্রাণ চেষ্টা চালাচ্ছে কিছু মুসলিম ভাই তার বিরল ছবি,Hate,Religious,Community
meme_2985.jpeg,"সিপিএমকে নিয়ে একটি ও কথা নয়, আমাদের শত্রু বিজেপি। কিন্তু আমাদেরকে বিজেপি মারেনি, মেরেছিলো সিপিএম।",Hate,Political,Organization
meme_2986.jpg,লক ডাউনের পরে বন্ধুদের সাথে ট্যুরে যাবার জন্য আবদার করা আমি আমার কলিজাটা কত্ত বড় সেটা ভাবতে থাকা আমার মা,Non Hate,,
meme_2987.jpeg,মাইকে বলছে সেহেরি খেতে উঠুন কিন্তু আমাকে ভাত দিচ্ছে কেন,Non Hate,,
meme_2988.jpg,সারাদিন ঘুম ঘুম ভাব থাকে শুধু ঘুমানোর সময় চোখে ঘুম থাকেনা!,Non Hate,,
meme_2989.jpg,"নবীজি যে তোশকের উপ্রে শুইতেন, সেইটার একটা সুতা আছে আমার কাছে যিশুর ক্রুশের একটা পেরেক আছে আমার কাছে আমার গণেশের মূর্তিটা দুধ পান করতে পারে ঠিক বুদ্ধি খাটাইলে টেকাটুকা কামানো কুনো ব্যাপার না এক্কেরে ঠিক্কথা",Hate,Religious,Community
meme_2990.jpg,সিনিয়র: কিরে ২/৩ টা জিএফ একসাথে কেমনে ? জুনিয়র: মনে করেন ভাই সবই কপাল,Non Hate,,
meme_2991.jpg,মুসলমানদের যেমন হওয়া উচিত ছিল কিন্তু মুসলমানরা যেমন হয়েছে যেমন হওয়া উচিত... আরে! কুরআনে তো আল্লাহ এমনই বলেছেন! সুবহানাল্লাহ! যেমন হয়... সুবহানাল্লাহ! আলুর মধ্যে আল্লাহর নাম! ওহে মুসলামান আলু আম পেপে আর পাথরের মধ্যে আল্লাহর নাম না খুঁজে কোরআন হাদীসে কি আছে সেটা খুঁজে দেখো তবেই ইহকাল ও পরকালে সুখ শান্তি নিরাপত্তা ও ক্ষমতা লাভ করতে পারবে|,Hate,Religious,Community
meme_2992.jpeg,বিজেপি নেতাকে ফোন করে মমতা ফোন করে তৃনমূলের হয়ে কাজ করার আবেদন করে মমতা বন্ধোপাধ্যায়ের মা গো।,Hate,Political,Organization
meme_2993.jpeg,মুসলমানের দেওয়া যাকাতের টাকা খরছ করা হচ্ছে বৌদ্ধ সন্ত্রাসীদের জন্য! আপনি কি চান আপনার যাকাতের টাকা কাফিরদের জন্য খরছ করা হোক?,Hate,Religious,Community
meme_2994.jpg,"ক্লাসে মারামারি করার পর, ছুটির পরে যখন আমার সব বন্ধুরা মিলে তাকে রাস্তায় একা পাই। আমি কে? তোর বাপ ...",Non Hate,,
meme_2995.jpg,কাশিমপুর কারাগারে নেয়া হচ্ছে পরীমণিকে পাশা ভাই : আনন্দ,Hate,Gender,Community
meme_2996.jpg,একখান কামের কাম করসে টাইম ম্যাগাজিন। পোপের মাথায় ডেভিলের শিং বসাইয়া দিসে ।,Hate,Religious,Community
meme_2997.jpeg,বই মেলা বাংলাদেশী ফেসবুক সেলিব্রিটিদের বই,Hate,Gender,Community
meme_2998.jpeg,অবিবাহিত জীবনের এটাই যেন হয় শেষ ঈদ ,Non Hate,,
meme_2999.jpeg,দোস্ত একটা সিক্রেট বলবো কাউকে বলিস না আরে তুই আমার ভাইয়ের মতো আমাকে ট্রাস্ট করতে পারিস,Non Hate,,
meme_3000.jpg,বর্ষসেরা অভিনয় পিসি,Hate,Political,Organization
meme_3001.jpg,যখন সোনাগাছির কোন মাগি গভীরভাবে কোন একজনের প্রেমে পড়ে কথা দাও আবার আসবে,Hate,Gender,Community
meme_3002.jpeg,আসুন আমরা সকল বটতলার গাজার আসর ভেঙে শাহবাগিদের চোখের পানি দিয়ে ইফতারি করি ,Hate,Religious,Community
meme_3003.jpg,কুমুদিনীর নাগিন হাসানের ছেলে হাসানের ছেলে কুমুদিনীর নাগিন,Hate,Gender,Community
meme_3004.jpg,আল্লাহু আকবর! ধুর গাধা! আমরা ট্যাম্পন!,Hate,Religious,Community
meme_3005.jpeg,আগামীকাল আমার জন্মদিন আর আমার খিস্তি খাওয়ার দিন ,Non Hate,,
meme_3006.jpeg,"তামিম যখন ডাক মারে, ফাইট্টা যায়, বুকটা ফাইট্টা যায়! তামিম যখন সেঞ্চুরি করে, পোলা তো নয় যেনো আগুনেরই গোলা",Non Hate,,
meme_3007.jpeg,সুন্দর রিং ওয়াও,Hate,Religious,Community
meme_3008.jpeg,"ওহে বন্ধু, মেয়ে পটাতে পারোনা তাহলে আইফোন চালাও কেন? ",Non Hate,,
meme_3009.jpg,অভিলা; চোর্কুনাল ঐ শব্দ দুটোর মানে কী? অভিষেক + কয়লা আর চোর + কুনাল,Hate,Political,Organization
meme_3010.jpg,পাড়ার তিনু নেতার ঘরে যখন নতুন সদস্য আসে তিনু নেতা মেরা বেটা 'চাল চোর' বোনেগা...,Hate,Political,Organization
meme_3011.jpeg,কে বলেছে মেয়েদের বুদ্ধি নেই!,Non Hate,,
meme_3012.jpg,এইবার পরীক্ষা ভাল না হলে ভুলে যাবি আমি তোর বাপ ঠিক আছে আব্বা পরীক্ষা শেষ হওয়ার পর... তোর পরীক্ষা কেমন হইছে? ওই তুই কেডা !?,Non Hate,,
meme_3013.jpeg,আমি শিওর কেউ আমাকে তাবিজ করছে তা না হলে তো আমি সিঙ্গেল থাকতাম না,Non Hate,,
meme_3014.jpeg,ডাঙ্গাবাজ এবং সন্ত্রাসবাদের প্রোডাকশন বন্ধ করার একমাত্র উপায় হলো তাদের কার্যকলাপের সমর্থন করা বন্ধ করা,Hate,Religious,Community
meme_3015.jpeg,মামুনুল হক জামিন পাওয়ার পর তার বন্ধুদের মনের অবস্থা,Hate,Religious,Community
meme_3016.jpeg,কতো ভালোই না হতো যদি ঘুমানোর সময় রাতে মানিব্যাগটা চার্জ দিয়ে ঘুমিয়ে সকালে উঠে ব্যাগ ভর্তি টাকা পাওয়া যেতো,Non Hate,,
meme_3017.jpg,"বিড়াল কি আজ রাতেই মারবা হ্যাঁ, সীমিত পরিসরে ...",Hate,Gender,Community
meme_3018.jpg,ট্যুরে যাওয়ার সময় যখন ইংলিশ গান চালাই পোলাপাইনঃ যখন বান্ডারি গান চালাই পোলাপাইনঃ,Non Hate,,
meme_3019.jpg,জাপানি পর্ন মুভিগুলোয় পুরুষ ও নারীর যৌনাঙ্গ যেভাবে অস্পষ্ট করে দেয়া হয়ে থাকে; জার্মানির চ্যান্সেলর মেরকেলের চুলের ওপরে সেই একই পদ্ধতি প্রয়োগ করেছে চৌদি সরকারী টিভি-চ্যানেল একমাত্র ইছলামই নারীর চুলকে দিয়েছে যৌনাঙ্গের মর্যাদা,Hate,Religious,Community
meme_3020.jpg,"মমতা গাঁধী, অভিষেক নেতাজি: মদন আমি তোলাবাজীর ৭৫% ভাগ নিই না আমিও কয়লা পাচার করি না",Hate,Political,Organization
meme_3021.jpeg,বউ এর সাথে মজা করতেছিলাম তারপর যার বউ সে চলে আসলো ,Non Hate,,
meme_3022.jpg,হালা নাস্তিক আমগোর ধর্মরে ধ্বংস করার ধান্দা?,Hate,Religious,Community
meme_3023.jpg,আমি* গরুর মাংস* আম্মু*,Non Hate,,
meme_3024.jpg,আপনার স্পেশাল কোনো ট্যালেন্ট আছে ? আমি যেকোনো পর্নস্টারের উহ আহ শব্দ শুনেই উনার নাম বলে দিতে পারি বেতন কতো নিবি ?,Hate,Gender,Community
meme_3025.jpeg,ভারতে মসজিদের ভেতরে ইমামকে পিটিয়ে হত্যা,Hate,Religious,Community
meme_3026.jpeg,যতদিন না তুমি প্লাস্টার খুলবে ততদিন আমি দাড়ি কাটবো না যতদিন না তুমি দাড়ি কাটবে ততদিন আমি প্লাস্টার খুলবো না,Non Hate,,
meme_3027.jpg,"স্কুল-কলেজ বন্ধ হলেও ফিতে কেটে মেলা উদ্বোধন মন্ত্রীর করোনা কেবল স্কুল গেলেই হয়, মেলায় গেলে নয়!",Hate,Political,Organization
meme_3028.jpg,"আমি তোমাকে ভালোবাসি' তুমি জানো আমি তোমার দুই বছরের সিনিয়র ওকে, আমি আপনাকে ভালোবাসি",Non Hate,,
meme_3029.jpg,একটু দাঁড়ান বিজেপির গণসঙ্গীত তৈরী করছি,Hate,Political,Organization
meme_3030.jpeg,যখন সবাই পেট পেড়ে খাচ্ছে এবং বডড় বৌকে হাসিমুখে খিদে নিয়ে দাড়িয়ে থাকতে হয়।,Non Hate,,
meme_3031.jpeg,মুক্তির পারমিশনটা দিয়ে দিন ৫ বছর হলে পারমিশনটা এমনে পেয়ে যাবেন ,Hate,Political,Organization
meme_3032.jpeg,সাকিব ভাই এমপি হয়ে গেছে সে আর শোরুমের ফিটা কাটবে না #Showroom owners ব্যবসাই লাল বাতি,Hate,Political,Organization
meme_3033.jpg,স্কুল শিক্ষক এবং প্রতিবেশীরা যদি সর্গ-নরক ঠিক করতেন: যাদের চুল বড় যাদের চুল ছোট,Non Hate,,
meme_3034.jpg,ডাইনে তোমার চাচার বাড়ী বায়েরদিকে পুকুর ঘাট সে ভাবনায় বয়স আমার বাড়ে না,Non Hate,,
meme_3035.jpg,যখন আপনি ৭০০ টাকার পাঞ্জাবি বাসায় ৯৫০ টাকা বইলা চালায়া দেন ।,Non Hate,,
meme_3036.jpg,জানেন ম্যাডাম আমার ছোটোবেলা থেকেই ফুটবল খেলার খুব সখ ছিলো কিন্তু অন্ধ হওয়ার কারণে আর খেলতে পারলাম না এটা কি ম্যাডাম ? ফুটবল,Hate,Gender,Community
meme_3037.jpg,সন্ধ্যায় পড়ার জন্য উত্তম-মধ্যম দেওয়ার পর যখন আম্মু রাতে খাওয়ায় দেওয়ার জন্য ডাকে । আমি - আপনার আর দরদ দেখাতে হবে না... বেঈমান এর বেইমান,Non Hate,,
meme_3038.jpg,কে বলে মানবতা হারিয়ে গেছে__?? আজও বেচে আছে মানবতা তবুও একদল লিজেন্ড এসে হা হা মেরে চলে যাবে,Hate,Gender,Community
meme_3039.jpeg,"আমি জব ছেড়ে দিচ্ছি, যথেষ্ট টাকা হয়ে গেছে। চলো, আমরা পালিয়ে যাই।",Non Hate,,
meme_3040.jpeg,টুথব্রাশ ১ম দিন টুথব্রাশ ৭ম দিন ,Non Hate,,
meme_3041.jpg,সজাগ হোন আল্লাহু আকবর ! ঘুমিয়ে থাকুন ইছলামের সমালোচনা করা হীনতা ।,Hate,Religious,Community
meme_3042.jpg,মোবাইল পড়ালেখা আমি,Non Hate,,
meme_3043.jpeg,ময়লা হাত সাবান দিয়ে ধুতে গিয়ে যখন দেখ সাবান নিজেই ময়লা আমার লাভ লস নাই আমার লাইফটাই লস,Non Hate,,
meme_3044.jpg,ব্যর্থ পুঁজিবাদী ব্যবস্থা উচ্ছেদ জনগণ সংখ্যালঘুদের প্রতি বিদ্বেষ ছড়িয়ে আসল সমস্যা আড়াল করে দেওয়া ফ্যাসিবাদী,Hate,Political,Organization
meme_3045.jpeg,যখন সাহিত্য চর্চা করতে বইমেলায় যান আর সাংবাদিকদের ২১শ ফেব্রুয়ারি কি দিবস প্রশ্নের উত্তর দিতে ব্যর্থ হন ,Non Hate,,
meme_3046.jpeg,"কিছু জীবন্ত জীবাশ্ম, কারণ বামপন্থার কোনদিন মৃত্যু হয়না",Hate,Political,Organization
meme_3047.jpg,ভাবি ভাইকে বলেন খাট চেঞ্জ করতে নাহয় অভ্যাস কেন ? আপনার জ্বলে নাকি একবার আমার স্বামীরে বিদেশ থেকে আসতে দেন তারপর দেখাইয়া দিমু,Hate,Gender,Community
meme_3048.jpg,লজ্জায় নয়; গর্বের সাথেই বলতে পারি আজ পর্যন্ত কোন ধরনের খেলায় বা কোন কিছুতে বাজি ধরিনি,Non Hate,,
meme_3049.jpeg,"ভিরাট, তুমি অধিনায়ক পদ ছেড়ে দিচ্ছ কেন? ক্যাপ্টেনসি ছেড়ে দিয়ে আমি মমতা দিদির তৃনমূলে যোগ দেব, অভিশেখের থেকেও বড় তোলাবাজ হবো",Hate,Political,Organization
meme_3050.jpeg,মুসলমানদের ছোট বয়সের ইচ্ছে গুলো বড় হয়ে ব্যাংক ডাকাতি করতে চাই তাইমুর সুপুত্রের ইচ্ছের কথা নিজের মুখেই জানালেন সাইফ বড় হয়ে এভাবে সফলতা পাই,Hate,Religious,Community
meme_3051.jpeg,"""আমি হিন্দুদের ঘৃণা করি"" - কবীর সুমন।",Hate,Religious,Community
meme_3052.jpeg,"পাকিস্তান নয়, ওরা আসলে পাখানকিস্তান।",Hate,Political,Organization
meme_3053.jpeg,রাষ্ট্রীয় কোনো সমস্যা নিয়ে অভিযোগ করা জনগণ পদ্মাসেতু মেট্রোরেল স্যাটেলাইট চেতনার গল্প শোনানো আওয়ামী নেতা,Hate,Political,Organization
meme_3054.jpg,"প্রত্যেকটা বাসায় মাংস ডিলেভারি করার জন্য আমাকে ধন্যবাদ দেয়া আব্বু মাংসগুলো কেজিদরে বিক্রি করে, বন্ধুদের সাথে চিল করে আসা আমি",Non Hate,,
meme_3055.jpg,"ইছলামের নবী: ""আমি বিজয়ী হয়েছি সন্ত্রাসের মাধ্যমে।"" (বুখারি, খণ্ড ৪, বই ৫২, হাদিস ২২০)",Hate,Religious,Community
meme_3056.jpg,ভুমিকম্পের আগে ভুমিকম্প হওয়ার পর ভুমিকম্প হওয়ার কিছুদিন পর,Hate,Gender,Community
meme_3057.jpeg,"র তে  রাগ না করে, ন তে  নগদে চলে আসুন ",Non Hate,,
meme_3058.jpg,"কিরে মামুর বেটা, তুই নাকি প্রেমে পড়লি ? ওরে ফইন্নি, প্রেমে পড়মু ক্যারে ? আমি তো মাত্র কলেজে পড়ি !",Non Hate,,
meme_3059.jpg,গালফ্রেন্ড : বাবু আজকে বাড়িতে কেও নেই... শুধু আমি একা বয়ফ্রেন্ড :,Non Hate,,
meme_3060.jpeg,চোরের মতো চেহারা হয়েও কারো মন চুরি করতে পারলাম না ,Non Hate,,
meme_3061.jpg,"তারমানে আপনি বলতে চাইছেন আমার কোন দয়া মায়া নেই বলতে চাইছি না , বলছি",Non Hate,,
meme_3062.jpeg,"জনসংখ্যা নয়, বেকারত্বই ভারতের প্রধান সমস্যা -ওয়েসি। মাদারচোদ, তোরা চুদিয়ে চোদ্দো বাচ্চা পয়দা করলে, দেশে বেকার না তো কি বিল গেটস তৈরি হবে?",Hate,Religious,Community
meme_3063.jpg,বইমেলায় যাওয়ার পর মেয়েরা :- এখন আমার প্রথম কাজ হচ্ছে এইটা কেনা,Hate,Gender,Community
meme_3064.jpeg,যখন সংখ্যালঘু গণতন্ত্র মানবতা ধর্মনিরপেক্ষতা সম্প্রীতি সংখাগুরু হওয়ার পর শরায়ত কাফের ইসলামিক রাষ্ট্র ইসলাম জিহাদ,Hate,Religious,Community
meme_3065.jpg,"এই প্রথম ঢাকি, যে ঢাক বাজাতে টাকা নেয়নি, ক্লাব প্রতি ষাট হাজার করে দিয়েছে",Hate,Political,Organization
meme_3066.jpg,মেট্রোরেল ব্রয়লার ২৬০ টাকা কেজি,Hate,Political,Organization
meme_3067.jpg,ভালো মানুষ নাকি বেশি দিন বাঁচে না এটা শুনার পর খুব টেনশনে আছি,Hate,Political,Organization
meme_3068.jpg,মানব ধর্মের মানুষ গুলো দেখতে এমন,Hate,Religious,Community
meme_3069.jpeg,বাবু একটা নাইট ড্রেস কিনে দিবা নাইট ড্রেস কিনে কি করবা ঘুমাও তো সেই ভোর বেলা,Non Hate,,
meme_3070.jpg,জঙ্গি নাস্তিকদের সম্ভাব্য হামলা রোধে পুলিশী প্রহরায় নামাজ আদায়,Hate,Religious,Community
meme_3071.jpg,"স্যার, মানিকের ছেলের ব্যাঙ্ক অ্যাকাউন্টে ২ কোটি ৬৪ লক্ষ টাকা মিলেছে ওটা দূর্গা পূজায় চা-বিস্কুট-চপ-ঝালমুড়ি বিক্রির কামাই",Hate,Political,Organization
meme_3072.jpg,বর্ষসেরা ভোজনরসিক (কেবল ভোটের সময় খেতে আসেন) শাহ'জি,Hate,Political,Organization
meme_3073.jpeg,জোর করে গরু খাইয়ে ধর্মান্তরিত করে দেওয়ার ভয়ে ওপার বাংলা ছেড়ে আসা বাঙালি ফেসিস্ট বিজেপি এলে গরু খেতে দেবে না ভেবে চিন্তিত বাঙালি বুদ্ধিজীবী,Hate,Religious,Community
meme_3074.jpg,মমতা-অভিষেক মেঘালয় থেকে ফেরার পর ভাঙন,Hate,Political,Organization
meme_3075.jpg,"আম্মু, বাইরে খেলতে যাই? যাও, কিন্তু ৩টা সুইটার আর ২টা টুপি পরে যাবা কারণ বাইরে অনেক শীত ৩টা সুইটার?",Non Hate,,
meme_3076.jpg,এইখানে পষ্ট কইরা লেখা আছে: পাহাড়গুলা শক্ত কইরা বসানো আছে বইলা পৃথিবী হেইলা-দুইলা পড়ে না। (সুরা ১৬:১৫),Hate,Religious,Community
meme_3077.jpeg,আত্মহত্যা করা হারাম জেনে যখন আপনি যমুনা টিভির সকল পোস্ট শেয়ার করেন,Hate,Political,Organization
meme_3078.jpg,"আমরা কতোটা আলোকপ্রাপ্ত, এই বিষয়ে একটা পোস্ট দাও ।",Hate,Religious,Community
meme_3079.jpg,*১০০০ টাকা দাম বলা দোকানদার *৩০০ টাকা দাম বলা আমি* *৩০০ টাকায় রাজি হয়ে যাওয়া দোকানদার* *মজা করতে গিয়ে মাইনকা চিপায় পরা আমি*,Non Hate,,
meme_3080.jpg,যখন চাঁদ-রাতে দর্জি কে জামার জন্য ফোন দেই আর সে বলে এতো তাড়া কিসের; এখনো তো কোরবানি ঈদের ২ মাস বাকি,Non Hate,,
meme_3081.jpg,ভারতীয় জনতা পার্টি মানেই তৃণমূল,Hate,Political,Organization
meme_3082.jpg,টি টি পি ভক্ত সো কল্ড শাইখুল ইসলামের অনুসারী আফগানী মুফতিয়ে আজম (গ্র্যান্ড মুফতী ) শাইখ যাহিদ আযীয খেল [ হাফি ],Hate,Religious,Community
meme_3083.jpg,পানির বোতলে আমার মুখ লাগানোর কারণে ওই বোতলের পানি না খাওয়া আমার গফ একটু আগে তার সাথে লিপ কিস করে আসা আমি,Non Hate,,
meme_3084.jpg,আমি যখন জন্মেছিলাম তখন কোন নেতা মন্ত্রীরা বৌদিবাজি বিষয়ে ফ্লেক্সিবল ছিলনা কিন্তু এখন কোন নেতা মন্ত্রী এ বিষয়ে ফ্লেক্সিবল ? কেন আমাদের মাননীয়া মূখ্যমন্ত্রী উনিতো এ বিষয়ে খুব ফ্লেক্সিবল তিনি বৌদের নাকি বলতেন তোমরা অন্য ছেলেদের সাথে প্রেম করতে পারো,Hate,Political,Organization
meme_3085.jpg,ছবির অপেক্ষায় রইলাম আমরা জানি মোদীজি আমাদের হতাশ করবেন না,Hate,Political,Organization
meme_3086.jpg,"মেয়ে স্বাবলম্বাী! মাসিক ইনকাম ৫০,০০০ কিন্তু মেয়ে ইমুতে ফ্রিল্যান্সিং করে",Hate,Gender,Community
meme_3087.jpg,বউভাতের দাওয়াতে গিয়ে ভাত খাওয়া পর আমি* বউ দিলেন না স্যার,Non Hate,,
meme_3088.jpg,"কষ্টে আছি কারন, চকলেট ডে তে চকলেট চাওয়া মেয়েটা আজ মেসেজ ই সিন করছে না",Non Hate,,
meme_3089.jpg,২৬ মার্চ (ভোর); ১৯৭১ ২৬ মার্চ; ২০২১,Hate,Political,Organization
meme_3090.jpeg,সরকারি পয়সায় পূজিবাদী আমেরিকায় চিকিতসা করাতে যাচ্ছেন কেরালের বামপন্থী মুখ্যমন্ত্রী বাবাকে ভুলে গেলো জানোয়ার ছেলে দুঃখিত বাবা ক্ষমা করো বাবা,Hate,Political,Organization
meme_3091.png,আমরা এই দেশের মালিক আর আমরা ভাড়াটিয়া,Hate,Political,Organization
meme_3092.jpeg,শুধু রাজ্য কেন দেশ কেন চাঁদ কেন আমার জাঙ্গিয়াতেও কমরেড থাকবে লাল সেলাম,Hate,Political,Organization
meme_3093.jpg,জঙ্গি খিষ্টান জঙ্গি মুসলিম জঙ্গি অজ্ঞেয়বাদী জঙ্গি নাস্তিক,Hate,Religious,Community
meme_3094.jpg,তৃণমূল কর্মীদের দেখে 'চোর' স্লোগান; বাম-কংগ্রেস মিছিল থেকে কটাক্ষ হাতজোড় করে পরিস্থিতি সামাল পুলিশের! এই জন্যই বিয়েবাড়িতে সিপিএম থাকলে আমি ওখানে যেতে মানা করি...,Hate,Political,Organization
meme_3095.jpg,অন্যদের বিশ্বাসকে শ্রদ্ধা করা উচিত বলে যারা মনে করে তারা দূরে গিয়া মুড়ি খাইতে পারে,Hate,Religious,Community
meme_3096.jpeg,এখন যারা বুয়েটে আন্দোলন করছ তোমরা সবাই শিবির কিন্তু আমি তো হিন্দু তুমি তাহলে শিবিরের হিন্দু শাখার প্রধান,Hate,Political,Organization
meme_3097.jpeg,"সবাইকে জানাই ক্রিসমাসের প্রীতি ও শুভেচ্ছা, পার্ক স্ট্রিটে ভিড় না করে আন্দামানে আসুন সবাই মিলে একসঙ্গে জমিয়ে সেলিব্রেট করবো",Hate,Religious,Community
meme_3098.jpg,লি বেড়াল আঁতেল:- ডান-বাম উভয়ই খারাপ। আমরা ডানও না; বামও না। তাই আমরা ভালো বাংলা প্রবাদ:-,Hate,Political,Organization
meme_3099.jpg,ইছলামী শাসনব্যবস্থায় নারীর অধিকার,Hate,Religious,Community
meme_3100.jpg,"আরে! আমারে দোজখে দিসে ক্যান! পৃথিবীতে একটা বাক্য তুূমি খুব আউড়াইতা, মনে আছে? ""ঈশ্বরের লীলা বোঝা বড়ো দায়"" - এইটা? ঠিক!",Hate,Religious,Community
meme_3101.jpg,আরে সাবধানে মুকুট পড়া ফেসবুকে ওর নাম 'এঞ্জেল' সাদিয়া ছিলো,Non Hate,,
meme_3102.jpeg,তুমি নাকি গালি দাও তোমার মুখ খারাপ সত্যি বলতেছি জান আমি জীবনে কোনো সুদানির পোলারে গালি দেই নি,Non Hate,,
meme_3103.jpg,যখন বৌদিরা দাদাদের কাছে কথায় হেরে যায় তখন বৌদিরা দাদাদেরকে যেভাবে আউট করে ! এটা বৌদিদের নৈতিক জয়,Hate,Gender,Community
meme_3104.jpg,ভেবেছিলাম এখনো ছোটই আছি| কোন পরিবর্তন হয়নি! পরে জানলাম আজ পটেটো ক্রেকার্সও ১৫ টাকার হয়ে গেছে,Non Hate,,
meme_3105.jpeg,তৃতীয় শ্রেণীতে রোল এক থেকে দুই এ অবতীর্ণ হওয়ার পর অত্যাধুনিক আম্মু আব্বু তোমার দ্বারা জীবনে কিছু হবে না,Non Hate,,
meme_3106.jpg,সেহেরীর পরের হিসু ইফতারের আগের হিসু,Non Hate,,
meme_3107.jpg,কি দেখোস ? লাইট নিভাইলে সব সমান,Hate,Gender,Community
meme_3108.jpg,পরিবর্তন করে শেষে এই পেলে পাঁচিল টপকাচ্ছে এম এল এ,Hate,Political,Organization
meme_3109.jpg,তৃণমূল যেটা দিয়ে দুর্নীতি ঢাকতে চাইছে *দুর্নীতি,Hate,Political,Organization
meme_3110.jpeg,আমাকে বিয়ে না দিয়ে আমার বাচ্চার জন্য কাঁথা সেলাই করা আমার মা,Non Hate,,
meme_3111.jpg,"শোনো বাচ্ছা, লোভ, ক্ষমতা, নারী এই তিনটি জিনিস মানুষকে ধ্বংস করে। জ্বে, আঙ্কেল !",Hate,Gender,Community
meme_3112.jpeg,আমি মামা একটা চাপ দিয়েন তো মেসিয়ার তাইলে মামা আপনার আম্মার নাম্বারটা দেন ফোন দিয়ে আপনার পড়াশোনার অবস্থা বইলা দেই আমি আরে থামো মামা এতো চাপ দিতে বলি নাই,Non Hate,,
meme_3113.jpeg,"এই বার পুজোয় মা আসছেন পিসির বেশে, হুইলচেয়ারে",Hate,Political,Organization
meme_3114.jpeg,"নিব্বির যখন গরম লাগে, নিব্বাঃ তর কি ফু লাগবো",Non Hate,,
meme_3115.jpg,আমি* বাঙ্গু নাস্তিক যে ভাষা শহীদদের আত্নার শান্তির জন্য ফুল দেয় কিন্তু পরকালে বিশ্বাস করে না,Hate,Religious,Community
meme_3116.jpeg,২০২০ এর সর্বোত্তম ছবি মা করোনা,Hate,Political,Organization
meme_3117.jpg,বাসায় একা থাকলে যা করবো ভাবি আসলে যা করি,Non Hate,,
meme_3118.jpg,অন্য মেয়েরা ঘুম থেকে ওঠার পর... আমি ঘুম থেকে ওঠার পর...,Non Hate,,
meme_3119.jpg,অনলাইন ক্লাস চলাকালীন সুন্দরী নিব্বি এসে যখন বলে স্যার আমাকে ঢুকান স্যার আমাকে ঢুকান লুচ্চা স্যার সুন্দরী নিব্বি আমি ফাকবয় লুচ্চা বান্ধবী কিছুু বুঝতে পারা নিষ্পাপ টপার,Hate,Gender,Community
meme_3120.jpg,( ঘুমানোর সময় লোডশেডিং ) ( ঘুমানোর সময় লোডশেডিং ),Non Hate,,
meme_3121.jpg,আজই ফের বিজেপিতে যোগদানের সম্ভাবলা মুকুলের : সূত্র বিজেপির বিধায়ক হয়ে বিজেপিতে যোগদান? হাইলি সাস্পিসিয়াস!?,Hate,Political,Organization
meme_3122.jpg,"আব্বা ৫০০ টাকা দাও , থার্টি ফাস্ট নাইট উৎযাপন করবো :- আমি লে আব্বা",Non Hate,,
meme_3123.jpg,"বাসর রাতে যখন জামাই আপনার ফ্রিজে পুটিমাছ রাখতে আসে, সেই ফ্রিজে আগে থেকে তিমি হাঙ্গর ডলফিন রেখে রেখে অভ্যস্ত আপনি",Hate,Gender,Community
meme_3124.jpg,"আমি ঈশ্বরের পুত্র। আমরা সবাই তা বিশ্বাস করি, যিশু ২০০০ বছর আগে আমি ঈশ্বরের পুত্র । নিশ্চয়ই ! নিশ্চয়ই আপনি ঈশ্বরের পুত্র! বর্তমান সময়ে",Hate,Religious,Community
meme_3125.jpg,মেয়েদের দুর্বলতা,Hate,Gender,Community
meme_3126.jpeg,আব্বাস বাবু যদি সেকুলার হয় তাহলে মিয়া সানি এবং সায়নি দিদিরও সতীত্ব মানতে হবে,Hate,Religious,Community
meme_3127.jpeg,ছেলেদের চেয়ার মেয়েদের চেয়ার ,Hate,Gender,Community
meme_3128.jpg,আজকে আমি তোমাদের ম্যাট্রিক্স শিখাবো যা শিখবো ভাবছিলাম আসলে যেই ছাতার মাথা শিখলাম,Non Hate,,
meme_3129.png,মানুষের পোলাপান বাইরে কত আকাম করে আর আমি বাসায় বইয়া সারাদিন মোবাইল টিপি আর কম্পিউটার গুতাই তার পরেও আম্মু সারাদিন চিলায় আমার আম্মুর উচিত আমারে লইয়া গর্ব করা,Non Hate,,
meme_3130.jpeg,যখন মানব শরীরে রোগজীবাণু প্রবেশ করে তখন শ্বেত রক্তকণিকা মালটাকে খেয়ে দে,Non Hate,,
meme_3131.jpg,বৈধ হওয়ার পরও যখন কেউ দেয় না তখন গে দের দৃষ্টি আকর্ষন করার পোস,Hate,Gender,Community
meme_3132.jpeg,যখন আপনি নিজেকে ভ্যালেন্টাইন্স ডে উপলক্ষে ভাড়া দিতে চান এবং ভ্যালেন্টাইন্স অফারে নিজেকে ফ্রীতে দিতে চাওয়ার পরেও যখন কেউ রেসপন্স করে না,Non Hate,,
meme_3133.jpeg,আম্মু কিরে এতো রাত্রে কান্নার আওয়াজ পাইতেছি দেখতো ঘরে বিড়াল ঢুকছে নাকি অর্ধেকের বেশি বাকি সিলেবাস নিয়ে কষ্টে থাকা আমি,Non Hate,,
meme_3134.jpg,আস্তিকীয় যুক্তি অনুযায়ী: কোরানের বাণীর প্রকৃত অর্থ অনুধাবন করার সামর্থ্য নেই বিশ্বের শ্রেষ্ঠতম শিক্ষায়তনের শ্রেষ্ঠ ছাত্রেরও। তবে মাদ্রাসায় শিখ্যিত অর্বাচীন ফাজিলও পারে নাকচ করে দিতে ডারউইনের তত্ত্ব।,Hate,Religious,Community
meme_3135.jpg,যখন সারা জীবন নেতা দের হয়ে কাজ করার পরেও তারা নিজেরা বাঁচতে আপনাকে বাঁশ দিয়ে দেয় চুদে চাটনি বেকার খাটনি,Hate,Political,Organization
meme_3136.jpg,তারপর জামাইকে কি বলে বুঝ দিলা? বলছি ছোটবেলায় অনেক সাইকেল চালাইতাম|,Hate,Gender,Community
meme_3137.jpg,২০১৯ ক্রিকেট বিশ্বকাপ থেকে ইংল্যান্ড যা পেয়েছে মিমার রা যা পেয়েছে,Non Hate,,
meme_3138.jpg,"নাস্তিক আফগানিস্তানে ১০৫ জন শিশু হাফেজ খুন ! তাতে কি হইছে? ফিলিস্তিন, সিরিয়ায় লক্ষ লক্ষ নিরীহ শিশু, নারী খুন! তাতে কি হইছে? অত্যাচারের প্রতিরোধ গড়তে ঝাপিয়ে পড়লো মুসলিমরা! ইশশশ... মুসলিমরা নিষ্ঠুর, বর্বর, জঙ্গি!",Hate,Religious,Community
meme_3139.jpeg,"প্রত্যেক পরিবারে একজন অলস আছে, গোসলের জন্য ১টা থেকে বকা খেতে খেতে ৩টায়  গিয়ে গোসল করবে।",Non Hate,,
meme_3140.jpeg,ফেমিনিষ্ট বিয়ে করার আগে আমরা বিয়া করমু কবে ২০ লক্ষ টাকা কাবিনে বিয়ে করার পর আমারে তালাক দিবি কবে,Hate,Gender,Community
meme_3141.jpg,ধর্মের সাফল্য শিক্ষাব্যবস্থার ব্যর্থতার সরাসরি সমানুপাতিক,Hate,Religious,Community
meme_3142.jpeg,কেউ হৃদয়ের ভিতরে স্থান দাও বাহিরে অনেক ঠান্ডা,Non Hate,,
meme_3143.jpg,নিউ মার্কেটের ফুটপাতে হাটা বিদ্যমান লে হকারস- তোর কি ব্রা লাগবো ?,Non Hate,,
meme_3144.jpg,নামাযের সময় যখন পিছনের কাতারে পিচ্চি পোলাপান চিল্লাচিল্লি করে সামনের মুরুব্বি :,Non Hate,,
meme_3145.jpg,যমুনা ফিরে এলো ভালোবাসার টানে সত্যিকারের ভালোবাসা আজও বেঁচে আছে,Hate,Gender,Community
meme_3146.jpg,আমি কাফেরদের মনে ভীতির সঞ্চার করে দেব । কাজেই গর্দানের উপর আঘাত হান এবং তাদেরকে কাট জোড়ায় জোড়ায় । (সুরা ৮:১২) তবু ইহা ছহীহ ইছলাম নহে,Hate,Religious,Community
meme_3147.jpg,যে আমার ইচ্ছে পুরণ করবে তাকে আমি এই গ্রুপ এর মডারেটর বানাবো তোর ইচ্ছা কি ? আমাকে এডমিন বানাতে হবে,Non Hate,,
meme_3148.jpeg,পৃথিবীতে এখনো কিছু আজব মানুষ আছে যারা সাঁতার কাটতে পারে না,Non Hate,,
meme_3149.jpg,গালফ্রেন্ড অনেক হয়েছে ছাড়ো এবার বৌদি হয়ে যাক আরো একবার,Hate,Gender,Community
meme_3150.jpeg,"অনেক শীত, নে তোদের গরম করে দিলাম",Hate,Gender,Community
meme_3151.jpg,"""মেয়েদের স্থায়ী ক্যাম্পাস রান্নাঘরে"" বলার পর ভিএনএসসি প্রটেস্ট থেকে পালিয়ে যাচ্ছি",Hate,Gender,Community
meme_3152.jpg,জাস্টফ্রেন্ড গালফ্রেন্ড,Non Hate,,
meme_3153.jpeg,কিছু দুর্দান্ত হাই কোয়ালিটি মিক্সার গ্রাইন্ডার।,Non Hate,,
meme_3154.jpeg,শাকিবের সাথে কাজ করে প্রাণ ভরে গেছে ইধিকা ,Non Hate,,
meme_3155.jpeg,আজ ট্রাফিক সিগন্যাল দেখে তার কথা মনে পরে গেলো সবসময় এরকম ভাবেই নিজের রং বদলাতো সে ,Hate,Gender,Community
meme_3156.jpeg,কি ভাই অসুস্থ নাকি? জুম্মা মুবারাক লেখে পোষ্ট করলেন না যে ,Non Hate,,
meme_3157.jpeg,লেডিস হল রোডে দেখা হওয়া বিদ্যমান সিনিয়র ভাই যখন প্রশ্ন করে কি রে এইদিকে কি তোর মতলব তো ভালো না আমি সেই একই প্রশ্ন তো আমিও করতে পারি,Hate,Gender,Community
meme_3158.jpg,"খারাপ সময়: *বিদ্যমান* সত্যিকারের বন্ধু: আমি ছিলাম, আছি, থাকবো",Non Hate,,
meme_3159.jpg,দারিদ্রতার সুযোগ নিয়ে মিশনারীরা দেশে হাজার হাজার মুসলিমকে খ্রিস্টান বানাচ্ছে,Hate,Religious,Community
meme_3160.jpeg,"সারাজীবন ইগনোর করে পার দেবার পরে ফাইনালি ৯০ বছর বয়সে পৌঁছে জানতে পারেন তাকে রাষ্ট্রীয় পুরষ্কার দিচ্ছে, সন্ধ্যা মুখোপাধ্যায় এর প্রতিক্রিয়া ",Non Hate,,
meme_3161.jpg,যখন তুমি পরীক্ষার প্রথম প্রশ্নের দিকে তাকাও !,Non Hate,,
meme_3162.jpeg,তোরা আমাদের বোম মারলে বন্ধ করে দেবো জল সবজি। তোরা যখন রাতে ঘুমাবি তোর ঘরে ঢুকে খেলবো পাবজি,Non Hate,,
meme_3163.jpg,আম্মু দেখো আমি ১০ টেকা আর ১০ টেকা সব মিলাইয়া ২০ টেকা জমাইছি চলো এগুলা দিয়া শপিং করিগা,Non Hate,,
meme_3164.jpeg,"পৃথিবীতে প্রথম ক্রিকেটার যার খেলা শুরুর আগেই বায়োপিক বানানো হয়েছিলো, সেই ছিলেন মোহাম্মদ শামি.. স্বামী কেন আসামি?",Non Hate,,
meme_3165.jpeg,সাম্প্রদায়িকতায় এক ইঞ্চি জায়গা ও দেইনি এই লাল জান্দা  আব্বাস সিদ্দিকি,Hate,Religious,Community
meme_3166.jpg,ত্রিপুরায় গিয়ে শিঙাড়া বানালেন মমতা আমার বরাবরেরই প্রিয় ছিলো....,Hate,Political,Organization
meme_3167.jpg,বেবি খেলা শুরু করার আগে কিছু নোংরা কথা বলো আমি ৭ দিন ধরে গোসল করি না আমার নুনু আর আজকে দাঁড়াবে না,Hate,Gender,Community
meme_3168.jpg,হায় আল্যা! আমি তো আমার মতোন হইয়া যাইতেসি !,Hate,Religious,Community
meme_3169.jpg,যখন একা সেলুনে যাই যখন আম্মুর সাথে সেলুনে যাই,Non Hate,,
meme_3170.jpg,জীবনানন্দ দাশ পুরুলিয়ার কথা ভেবেই 'রূপসী বাংলা' লেখেন এই তথ্যটা আমিও জানতাম না!,Hate,Political,Organization
meme_3171.jpeg,কপোতাক্ষ নদের বর্তমান চিত্র এসব ভারতের উপহার ,Hate,Political,Organization
meme_3172.jpeg,বাজি পটকার জোরালো শব্দের মধ্যে যখন অন্য দলের আস্তানায় বোমাবাজি করেন এবং সবাই পটকার আওয়াজ ভেবে ইগ্নোর করে একটু চালাক না হইলে দুনিয়াতে টিকা খুব কঠিন,Non Hate,,
meme_3173.png,আমাদের সবার এমন একজন বন্ধু থাকে যে বার মাসে তের বার ছ্যাঁকা খায় আর সে প্রতিটা মেয়েকে সিরিয়াস ভালোবাসতো,Non Hate,,
meme_3174.jpg,"মেয়েটা আমার সব প্রোফাইল পিকচারে লাইক দিছে... মনে হয়, ও আমাকে মনে মনে পছন্দ করে !",Non Hate,,
meme_3175.jpg,আমি বিএনপি (২) আর আমি আওয়ামিলীগ (৩) যে বিরিয়ানি আর কোক দিবে আমি তার |,Hate,Political,Organization
meme_3176.jpeg,"বিয়ের অনুষ্ঠানে আম্মু, সবাই ঘুমিয়ে গেলে বেডরুমে আমার সাথে আম্মু",Hate,Gender,Community
meme_3177.jpeg,বঙ্গবাসীর কাছে ২০১১ এর পর থেকে প্রতিদিনই এপ্রিল ফুল,Non Hate,,
meme_3178.jpeg,রাতে রুটি খেয়ে ডায়েট করার পর আমি একদিন রুটির বদলে ভাত খাওয়ার পর আমি,Non Hate,,
meme_3179.jpeg,তামিম ভাই এর দিকে তাকাই বরিশাল কে কাপ টা দিয়ে দিলাম,Non Hate,,
meme_3180.jpeg,বাবা আমি কিভাবে হয়েছিলাম খুব ঠান্ডার সময় ছিল আর ওষুধের দোকান বন্ধ ছিল ,Non Hate,,
meme_3181.jpeg,কেউ নেই তো না কেউ দেখতে পাচ্ছেনা,Non Hate,,
meme_3182.jpg,রিক্সা চালক *ব্যাটারি ওয়ালা রিক্সাচালক আমারে স্যার ডাকবা,Non Hate,,
meme_3183.jpg,যারা বলে আমি সৎ বিয়ের আগে কোনোদিন দুচবো না বিশ্বাস করুন তারাই মাসে একবার হোটেলে গিয়ে দুচে আসে,Hate,Gender,Community
meme_3184.jpeg,আব্বু এখন বাসায় নাই আমি জানি,Hate,Gender,Community
meme_3185.jpg,আমি হুজুর আমার বন্ধু বন্দি শয়তান,Non Hate,,
meme_3186.jpeg,"প্রচুর মিডিয়া হাইপ নিয়ে বাংলায় এসেছিলাম কিন্তু এখানে টিকতে পারলাম না, বিস্নুমাতার কাছে আমিও আটকে গেছিলাম ভাই, মন খারাপ করিস না",Non Hate,,
meme_3187.jpg,চলে এলাম,Non Hate,,
meme_3188.jpeg,দৌড়াচ্ছি কারণ ভূলবশত কলেজের ম্যাডামকে এই মেসেজ সেন্ড করে ফেলেছি ঈদে এসো বাসায় সালামী নিও পাছায়,Hate,Gender,Community
meme_3189.jpeg,নীরব মোদি অন্তর্ধান রহস্য ধামাচাপা পড়ে গেলো.. মার্কেটে এসে গেছে শ্রীদেবী মৃত্যু রহস্য।,Hate,Political,Organization
meme_3190.jpg,"আমার ব্যক্তিগত বিশ্বাস অনুসারে - সোমবারে পার্কে বসে আইসক্রিম খাওয়া কঠোরভাবে নিষেধ । নিষেধ থাকলে খাবেন না! তোমরা ঠিক বুঝতে পারোনি: আমি চাই, তোমরাও এই নিষেধাজ্ঞা মেনে চলবে । ধার্মিকদের আচরণ ঠিক এরকমই",Hate,Religious,Community
meme_3191.jpg,যখন আমি ঘুরতে যাওয়ার জন্য কাওকে খুজে পাই না,Non Hate,,
meme_3192.jpg,পৃথিবীর শান্তিপূর্ণ ইসলামী দেশগুলোর একটি তালিকা:,Hate,Religious,Community
meme_3193.jpg,-দুধ আসবে না জেনেও -চুষার নামই ভালোবাসা,Hate,Gender,Community
meme_3194.jpg,বই মোবাইল আমি,Non Hate,,
meme_3195.jpg,বাংলা পরীক্ষায় ছাত্রজীবন রচনা আসার পর নারীবাদী:,Hate,Gender,Community
meme_3196.jpeg,স্বামীর নাম ধরে ডাকলে সমস্যা অথচ স্বামীর কাঁধে পা রাখলে কোনো সমস্যা নাই ,Non Hate,,
meme_3197.jpg,এই সেমিস্টার যেমন যাবে ভেবেছিলাম এই সেমিস্টার যেমন যাচ্ছে,Non Hate,,
meme_3198.jpeg,হ্যালো তোমরা শুধু হামলা করবা ইফতার পার্টি নিষিদ্ধ করার বাকি দায়িত্ব আমাদের,Hate,Religious,Community
meme_3199.jpeg,মেয়ে শিক্ষিত খেলায় খারাপ খেললে ফেবুতে বিশাল প্যারাগ্রাফ লিখে ডিফেন্ড করবেফ্রি মিক্সিং করে না,Non Hate,,
meme_3200.jpg,"২-৩ টা প্রেম করার পরও কোন বন্ধু যখন নিজেকে সিঙ্গেল বলে দাবী করে। *লে আমি: তোর কথা মিথ্যা হইলেও, শুইনা সুখ পাইছি।",Non Hate,,
meme_3201.png,যদি জেমস বন্ড পরীক্ষা দিতো আর পাশ করতো আপনার নাম কি? বন্ড... জেমস বন্ড আপনার রেসাল্ট কি? জিপিএ ৫....৩.৫ !,Non Hate,,
meme_3202.jpg,বিবিধ পরজীবী ধরন আলাদা হলেও কর্মপন্থা অভিন্ন,Hate,Religious,Community
meme_3203.jpg,যখন আমাদের দেশের সন্তানরা বিদেশে অসহায় তখন আমাদের দেশের প্রধানমন্ত্রী,Hate,Political,Organization
meme_3204.jpg,"আমি জান্নাত দেখিনি কিন্তু আমি আমার ""মা"" কে দেখেছি",Non Hate,,
meme_3205.jpeg,"এইভাবে বাংলাদেশী মায়েদের ভোদা মারা হলো, দিল সে মোদী সরকার।",Hate,Political,Organization
meme_3206.jpg,পর্ণ হলো এমন এক সিনেমা যেখানে মারামারি নেই খুনখারাবি নেই শুধু শিক্ষামুলক দিক আছে যা আমাদের ভবিষ্যতে কাজে লাগবে,Hate,Gender,Community
meme_3207.jpg,তোমার টা কী আটলান্টিক সাগর ? না । কেন ? তাহলে আমি ডুবে যাই কেন ?,Hate,Gender,Community
meme_3208.jpeg,প্রথম দফার ভোট তো শুরু হয়ে গেল বিজেপি দেখবেন আবার হিংসার রাজনীতি শুরু করবে পশ্চিমবঙ্গ ছাড়া অন্য কোন রাজ্যে হিংসা হচ্ছে একটু বলুন তে সবই আপনার মায়ের অনুপ্রেরণা ,Hate,Political,Organization
meme_3209.jpg,নিরামিষ খেতে খেতে অতিষ্ঠ নুহ নবী... আমরা দুইজন বাঁইচা যাবো ইনশাল্যা ।,Hate,Religious,Community
meme_3210.jpg,তরমুজের সিজনে কমলালেবু দেখায় লাভ নাই ।,Hate,Gender,Community
meme_3211.jpg,সেই প্যারাময় মুহূর্ত : যখন পিজ্জা খেতে গিয়ে কামড় পিজ্জাতে না লেগে নিজের হাতেই লাগে!,Non Hate,,
meme_3212.jpeg,একদিন ঠিকই আসবে কারণ দু দিন কখনো একসাথে আসতে পারে না,Non Hate,,
meme_3213.jpeg,"এবছর শীতে বৃষ্টি হচ্ছে, পরের বছর স্নো ফল হবে। কলকাতা লন্ডন হতে আর দেরি নেই",Non Hate,,
meme_3214.jpg,তেমন কিছু না সৎ ভাবে অনলাইনে হাফ ইয়ার্লি পরিক্ষা দাওয়ার পর আমার ও আমার বন্ধুদের খাতা-,Non Hate,,
meme_3215.jpg,৯০০০ কোটি টাকা ঋণ নিয়ে পালিয়ে যাওয়া বিজয় মাল্য-কে যখন সুপ্রিম কোট ২০০০ টাকা জরিমানা আর চার মাসের কারাবাসের সাজা দেয় কোর্ট অবমাননার দায়ে এটাই বুর্জোয়া গণতন্ত্র,Hate,Political,Organization
meme_3216.jpg,"রামরাজ্য প্রতিষ্ঠা হলে ভারতে গুই সাপকে 'ধর্ষণের' অভিযোগ, ৪ জনের বিরুদ্ধে মামলা ভারতে কুকুরকে মুখ বেঁধে ধর্ষণ, এক যুবক গ্রেফতার! ভারতে গর্ভবতী ছাগলকে ধর্ষণ করে গ্রেফতার যুবক ভারতে খুন আশ্রমে একাধিক গরুকে ধর্ষণ যুবক গ্রেফতার",Hate,Religious,Community
meme_3217.jpg,শিব আসলে ছিলো এক মুছলিম নবী,Hate,Religious,Community
meme_3218.jpeg,সবাই যেভাবে ভারতের বিরুদ্ধে যুদ্ধ করবে লিজেন্ডরা যেভাবে ভারতের বিরুদ্ধে যুদ্ধ করবে,Hate,Political,Organization
meme_3219.jpg,বিবাহ পূর্বকালীন অবস্থা বিবাহ পরবর্তীকালীন অবস্থা,Non Hate,,
meme_3220.jpg,ভালো করে জুম করে দেখুন নিন্দুকেরা বলবে উনি ক্যামেরার দিকে তাকিয়ে আছেন আসলে উনি লক্ষীট্যারা,Hate,Political,Organization
meme_3221.jpeg,এরে খাইয়াও দেখসি এরে খাইয়াও দেখসি মজা তো শুধুই ,Hate,Gender,Community
meme_3222.jpg,"আমার পোস্টগুলি দেখার পরে, রিলেটিভ:-",Non Hate,,
meme_3223.jpg,রাস্তায় বাইকার দেখার পর সার্জেন্ট নাস্তার টাকা দিলেন না স্যার?,Hate,Political,Organization
meme_3224.jpg,"কিরে ভাই কোথায় এইতো , প্রায় চলেই এসেছি",Non Hate,,
meme_3225.jpg,"স্যার: বাড়ির কাজ করেছো ? আমি: হ্যা করেছি কিন্তু... স্যার: কিন্তু বাসায় ফেলে এসেছো কি আশ্চর্য, আপনি জানলেন কি করে",Non Hate,,
meme_3226.jpg,গার্লফ্রেন্ড পেয়ে ফ্রেন্ডদের ভুলে যাওয়া ফ্রেন্ডের যখন ব্রেকাপ হয় ফ্রেন্ডরা: এটাও আল্লাহ তায়ালার একটা নিয়ামত,Non Hate,,
meme_3227.jpg,রোজ নিয়মিত পানি পান করে শরীর সুস্থ রাখায় আমাকে ধন্যবাদ দেয়া আমার কিডনি* আইফোন ১২ কেনার উদ্দেশ্যে নিয়মিতভাবে কিডনির পরিচর্যা করা আমি*,Non Hate,,
meme_3228.jpg,ঈদের শপিং করতে নিউমার্কেট যাচ্ছি,Non Hate,,
meme_3229.jpeg,দুধরনের মানুষ হয় ১ যার এক জায়গায় দাড়িয়ে ব্রাশ করে ২ যারা ব্রাশ করতে করতে সারা বাড়ির চারধারে চক্কর লাগায়,Non Hate,,
meme_3230.jpeg,যারা যারা পার্শ্ববর্তী দেশের ডাউনফলে অত্যাধিক খুশি হয়েছেন তারা লাইক দিয়ে নিজেদের আনন্দ প্রকাশ করুন ,Hate,Political,Organization
meme_3231.jpeg,প্রোগ্রামিং কম্পিটিশনে একটি জটিল প্রবলেম সলভ করতে দেখে বড় ভাইয়েরা ,Non Hate,,
meme_3232.jpg,দোস্ত ভিতরে ফেলিস না! কেন রে বাড়া ? ভিতরে আমার বয়-ফ্রেন্ড ফেলবে তুইতো জাস্ট ফ্রেন্ড !,Hate,Gender,Community
meme_3233.jpg,পড়াশুনা না করেই ভালো পরীক্ষা দিছি! পরীক্ষা ভালো হলে... ...পরীক্ষা খারাপ হলে পড়লে ঠিকই ভালো করতে পারতাম !,Non Hate,,
meme_3234.jpg,মামা গরুর দাম কত? ১ লাখ ৮০ হাজার!! ৪০ হাজারে দিবা? গরু ছাড়... ওরে বাঁধ !,Non Hate,,
meme_3235.jpg,"যিশু দেখা দিয়েছে টোস্টে, আল্যা দেখা দিয়েছে ডিমে এখন মুসা অরেঞ্জ জুসে দেখা দিলেই আব্রাহাম্মক ধর্মসম্মত একটি নিরপেক্ষ ও আন্তর্জাতিক মানের নাস্তা প্রস্তুত",Hate,Religious,Community
meme_3236.jpg,আসানসোলের খেলা খুব ভালো জমবে' কাকা সিবিআই ডাকছিল...,Hate,Political,Organization
meme_3237.jpg,"গোটা বিশ্বব্রহ্মাণ্ড সম্পর্কে ধর্ম যতোটা জানে, বিজ্ঞান তার চেয়ে বেশি জানে হিলিয়ামের পরমাণু সম্পর্কে",Hate,Religious,Community
meme_3238.jpg,বালক দুগ্ধ টিপিয়া হইবা মুগ্ধ যদি বালিকা ধরতে দেয় তার তলা -স্যর জনী সিন্স,Hate,Gender,Community
meme_3239.jpeg,বাংলার গর্ত মমতা,Hate,Political,Organization
meme_3240.jpeg,ভারতবর্ষ ধর্মনিরপেক্ষ দেশ আমরা সেকুলার হিন্দু কাশ্মীর নোয়াখালি প্রবৃত্তি হিন্দু গণহত্যার সময় কোথায় ছিলে মাদারবোর্ড সেকুলারিজমের নামে জিহাদি তোষণ বার করা হবে না,Hate,Religious,Community
meme_3241.jpeg,"প্রকৃতির সঙ্গে চালাকি করে মানুষ তার রাস্তা আটকেছে, প্রকৃতি ও রেল লাইন কে নিজের রাস্তা বানিয়ে নিয়েছে।",Non Hate,,
meme_3242.jpeg,এই যে ভাই শুনেন কুরবানির নামে গরু জবেহ যদি অমানবিক হইলে ওলান চিপ দিয়ে গাভীর দুধ দোয়ানো হইলো গাভীর যৌন হয়রানি করা আগে গাভীর যৌন হয়রানি বন্ধ করেন একটা প্রাণীর প্রাইভেট যায়গা হাতাইতে লজ্জা করে না! চি চি!,Hate,Religious,Community
meme_3243.jpeg,"কষ্ট এমন একটা রোগ, যে রোগে আমরা সবাই আক্রান্ত।",Non Hate,,
meme_3244.jpg,*আমি প্রেম-ভালবাসা,Hate,Gender,Community
meme_3245.jpeg,পড়িস তো মহিলা কলেজে; তাহলে এতেো সাজ্সি কেন? কলেজের দারোয়ান দেখানোর জন্য? ,Non Hate,,
meme_3246.jpg,এবার কারো সাধ্য নেই যে আপনার দুধ খায়,Hate,Gender,Community
meme_3247.jpeg,"যে দুটো সমস্যার জন্য বাঙালি বেশি এগোতে পারছে না, বুড়ো বয়সে গ্যাসের প্রবলেম, ইয়ং বয়সে ক্যাশের প্রবলেম",Non Hate,,
meme_3248.jpg,ধর্ম যার যার কুরবানি সবার তাই জাতি ধর্ম বর্ণ নির্বিশৈষে চলেন কালাভুনা খাই,Hate,Religious,Community
meme_3249.jpg,"আল্যা যা করে, ভালোর জন্যেই করে",Hate,Religious,Community
meme_3250.jpg,ঝোল* তরকারি* *আমার নতুন শার্ট,Non Hate,,
meme_3251.jpg,"কি ভাই ? এভাবে কি দেখেন? হিংসা হয়? আপনিইতো বলেছিলেন, বিটিএস আর মেয়েদের পিরিয়ড নিয়ে রচনা লিখে কোনো লাভ হবে না",Hate,Gender,Community
meme_3252.jpg,যখন ভল্লুক এসে পড়ে এবং আপনি এবং আপনার বেস্টফ্রেন্ড দুজনের কেউই জানেন না কিভাবে গাছে চড়তে হয়,Non Hate,,
meme_3253.jpg,বেদ্বীন বন্ধুর ইসলামিক জ্ঞান নেই ভাবা আমি এদিকে ফেসবুকে শায়েখ হয়ে বসে থাকা বন্ধু,Hate,Religious,Community
meme_3254.jpg,কচি দেবর দেখা বিদ্যমান সাবিতা ভাবি বি লাইক:,Hate,Gender,Community
meme_3255.jpg,দুম্বা চালে দুম্বা চালে দুম,Non Hate,,
meme_3256.jpeg,যাক এবার গাড়ি চালানোর সময় আর বগল ঘামবে না ,Non Hate,,
meme_3257.jpg,কোয়ারান্টাইনে থাকা অবস্থায় এলাকার বিড়িখোর বড় ভাই যখন বিড়ি কিনতে গিয়ে রাস্তায় পুলিশের হাতে ধরা খায়,Non Hate,,
meme_3258.jpg,দেখতে পাচ্ছো বিনোদ... চাকরি প্রার্থীদের আন্দোলন ভাঙার জন্য ভাইপো কেমন ছকবাজী করছে!,Hate,Political,Organization
meme_3259.jpeg,আমি তো উড়তে জানলে এই দেশেই থাকতাম না আর মশা গুলো এতো বলদ,Non Hate,,
meme_3260.jpeg,হরে কৃষ্ণ হরে হরে চোরগুলো সব তৃণমূল করে,Hate,Political,Organization
meme_3261.jpg,"যখন ক্লাশ চলার সময় অন্য কেও কথা বলে , কিন্তু স্যার তোমাকে দাঁড় করায় তখন তোমার দাঁড় করায় তখন তোমার বিচি কোথায় উঠে যায় ?",Non Hate,,
meme_3262.jpg,"টাংগাইলের মেয়েরে নক দিয়ে রিপ্লাই না পাওয়ার পর লে ফাকবয় : আমি যারে নক দেই , তার-ই ভাব বেড়ে যায় !",Hate,Gender,Community
meme_3263.jpg,রাম মন্দির এর ভূমিপুজো অস্তিত্ব রাখে চাড্ডী গণ যাকু গণ,Hate,Political,Organization
meme_3264.jpg,মোবাইল বাঁশ আমার ভবিষ্যত,Non Hate,,
meme_3265.jpeg,দুই দ্বাদশ ভাটারি মিলে ২৪ ভাটারি এ পরিণত হওয়ার জন্য শুভ কামনা। আমি কি তোমার জীবনে প্রথম পুরুষ? স্পিনাররা কখনই নতুন বল পায় না!,Hate,Gender,Community
meme_3266.jpeg,আমি না থাকলে আজ পাকিস্তান স্বাধীনতা দিবস পালন করতে পারতো না ব্রো ,Hate,Political,Organization
meme_3267.jpg,"আমি পৃথিবীর লক্ষ-কোটি শান্তিপ্রিয় মুসলমানের প্রতিনিধি। আর আমি প্রতিনিধি সেই কিতাবের, যা তাদের বিশ্বাসের প্রধান ভিত্তি।",Hate,Religious,Community
meme_3268.jpeg,ছোটবেলার মত এখন আর কোন আন্টি বলেনা যাও বাবা আমার মেয়ের সাথে খেলা কর ,Non Hate,,
meme_3269.jpg,ছাড়ো আমাকে শীতের দিনে আমি গোসল করবো না,Non Hate,,
meme_3270.jpeg,ভয়ে সরকারের হাঁটু কাঁপতে শুরু করেছে ফখরুল সরকার,Hate,Political,Organization
meme_3271.jpeg,সেক্স পৃথিবীতে জান্নাতী সুখের নমুনা আর মা এর সাথে সেক্স পৃথিবীতে জান্নাতুল ফেরদৌস এর নমুনা।,Hate,Religious,Community
meme_3272.jpeg,শীতের দিনে হাত পায়ে যেরকম রুপ বদলায় ওইরকম তো আমার এক্সও-রপ বদলয়না,Non Hate,,
meme_3273.jpeg,প্রণাম আদায় করতে জানতে হয় তার জন্য কালেমা বা টুপি পরা লাগে না,Hate,Religious,Community
meme_3274.jpeg,উফ! পারছিনা থাকতে,Hate,Gender,Community
meme_3275.jpg,"আসুন; আমার ছেলের সাথে আপনাকে পরিচয় করিয়ে দিই। ওর নাম হলো ""গর্বিত হিন্দু রাকেশ সনাতনী"" উৎপাদন মূল্য কমানোর জন্য সরকারি অফিস থেকে ওকে ছাঁটাই করেছে। এখন চাকরি না পেয়ে আইটি সেলের হয়ে কাজ করে আর ফেসবুক ""বেসোরকারি কোরলে পারিসেবা ভালো হবে"" লেখে",Hate,Political,Organization
meme_3276.jpg,লোকাল ট্রেন কিনতে চাওয়া নেটিজেনস আম্বানি আদানির সঙ্গে ডিল করে বসে থাকা মোদি,Hate,Political,Organization
meme_3277.jpg,পানি খেয়ে নাও মেয়েদের ঈদের ছবি তে লাভ রিয়েকট দিতে দিতে ক্লান্ত হয়ে গেছো,Non Hate,,
meme_3278.jpeg,এই সেই কুকুর যে কিনা মহানবী হযরত মুহাম্মদ(সাঃ)  অবমাননা করে দুইশো কোটি মুসলমানের কলিজায় আগুন লাগিয়ে দিয়েছে,Hate,Religious,Community
meme_3279.jpeg,আম্মু যখন নিজের হাতে স্যারের বেতন দেয়  আমি,Non Hate,,
meme_3280.jpg,"জেলে 'শুকিয়ে কাঠ' অনুব্রত, ওজন কমল প্রায় ১০ কেজি! আহা গো! সোনা আমার খুব কষ্ট হচ্ছে বলো?",Hate,Political,Organization
meme_3281.jpeg,যতটা ভাবওয়ালা আপনারে ভাবছিলাম আপনে ততটা ভাবওয়ালা না ,Non Hate,,
meme_3282.jpg,১৪-ই ফ্রেব্রুয়ারী প্ল্যান নিয়ে ভাবতেছি কি ভাবতাছোস হাওয়ার ভাবনা নিয়া গাড়িতে উঠছে,Non Hate,,
meme_3283.jpeg,প্রযুক্তির জ্ঞান শূন্য কাবুল বিমানবন্দরে বিদেশি শক্তির দারস্থ তালিবান তালিবান নাকি একদল মাদ্রাসা ছাত্রদের সঙ্গঠন কোরআন-হাদিস পড়ে প্লেন উড়ানো গেলেও প্লেন উড়ানো যায় না রে ভাই,Hate,Religious,Community
meme_3284.jpg,স্কুল/ কলেজে থাকার সময় ইডেন মহিলা কলেজে ভর্তি হবার পরে,Hate,Gender,Community
meme_3285.jpeg,গোপুত্রদের হিজাবী দাসীরা আমাদের কেউ নয় ওরা তাদেরই অন্তর্ভুক্ত ,Hate,Religious,Community
meme_3286.jpg,এবার পুজো কিভাবে কাটাবো আমার যে কুচি ধরার কেউ নেই কুঁচি ধরা লোক নেই তো কি হয়েছে খোলার লোক তো আছে,Hate,Gender,Community
meme_3287.jpeg,"ঔষধ নিতে এসেছি, দিতে নয়। ঔষধ না দিলে পেদিয়ে ঔষধ নিয়ে যাবো। আমরা কি ঔষধ দেব না? দেব না আমরা ঔষধ? করোনা নিরাময়ে গোমূত্রে বিশ্বাস রাখা ভারতীয়।",Hate,Political,Organization
meme_3288.jpg,অষ্ট প্রহর গাইত পিসি আওয়াজ করে মিহি; *এসব সিপিয়েমের চক্রান্ত* ম্যাও ম্যাও ম্যও বাকুম বাকুম ভৌ ভৌ চীহি,Hate,Political,Organization
meme_3289.jpeg,প্রায় ৯ বছর ধরে ফেসবুকে একটা মেয়েকে পটানোর চেষ্টা করলাম মেয়েটি আজ বলল বিশ্বাস করেন ভাইয়া আমি মেয়ে হলে এতদিনে ঠিকই পটে যেতাম ,Hate,Gender,Community
meme_3290.jpeg,প্রতি বছর ইজতেমা কালীন সময়ে  শয়তান আওয়ামি লীগ নাস্তিক ট্রান্সজেন্ডার মাথা নষ্ট,Hate,Political,Organization
meme_3291.jpg,আমরা স্কুলে স্কুলে জয় হিন্দ বাহিনী গড়বো... বন্ধ স্কুলে বাহিনী গড়া যায় না! তার জন্য আগে স্কুল খোলা দরকার !,Hate,Political,Organization
meme_3292.jpg,মেয়েদের বাইক চালানো উচিৎ না      কেনরে গিয়ার কি নুনু দিয়ে ফালায়?,Hate,Personal Offence,Individual
meme_3293.jpg,তুই সাকিবের সাথে আর দেখা করিস না কেন ?    ওর নুনু ছোট ,Hate,Personal Offence,Individual
meme_3294.jpg,"আমি তোমাকে ছাড়া বাঁচবো নাহ     হ্যাঁ, চুদে দেওয়ার আগে সবাই এই কথাই বলে  ",Hate,Personal Offence,Individual
meme_3295.jpg,শবে বরাতের আগে    শবে বরাতের রাতে     শবে বরাত এর পরের দিন থেকে   ,Hate,Personal Offence,Individual
meme_3296.jpg,দুঃখ দিলি কষ্ট দিলি মন তো দিলি না      লাগাতে দিয়েছিলাম ওটাই অনেক  ,Hate,Personal Offence,Individual
meme_3297.jpg,Gonna tell my kids that  ইনি বিয়ের আগে প্যাটেলের সাথে সোভনের সাথে সোদাসোদি করসে ,Hate,Personal Offence,Individual
meme_3298.jpg,যখন আমি রাত ১২ টার পর Tv খুলি*     *আগে আমার স্বামী আমাকে সুখ দিতে পারতোনা*  ,Hate,Personal Offence,Individual
meme_3299.jpg,"season 1  আমি তোমাকে খুব পছন্দ করি  না   season 2-3 ""পছন্দ না , অন্য একটা শব্দ হবে লজ্জা লাগছে বলে বলছি না"" ",Hate,Personal Offence,Individual
meme_3300.jpg,Wonder  বউ ,Hate,Personal Offence,Individual
meme_3301.jpg,মিথিলার মাঝে কেন আমি বারবার হারিয়ে যাই    বিশাল সমুদ্রে সাতার কাটতে গেলে তো হারিয়েই যাবেন ,Hate,Personal Offence,Individual
meme_3302.jpg,"কিরে দোস্ত , মন খারাপ কেন ?  Crush ke এত মেসেজ করলাম seen ই করলো না... এত ব্যস্ত      ব্যাস্ত নারে আসলে ও তোকে চোদে না... ",Hate,Personal Offence,Individual
meme_3303.jpg,"আমাকে তুমি দুধ দাও ! আমি তোমাকে আমার ঘি দেবো,  তারাতারি তোমার ঘি বার করো  ",Hate,Personal Offence,Individual
meme_3304.jpg,"কেকা, আপা, আমারেও একটু  গরুর বিচির হালুয়া দেন না ?  please",Hate,Personal Offence,Individual
meme_3305.jpg," পাশের বাসার আন্টিঃ  আরে ভাবি, আমার মেয়েটা এতো লাজুক যে কারো সাথে কথাও বলে না ।     আন্টির লাজুক মেয়ে ইন্সটাগ্রামেঃ     ",Hate,Personal Offence,Individual
meme_3306.jpg,এসেছিলাম একা      যেতে হবে একা     মাঝখানে বারোভারির সাথে দেখা ,Hate,Personal Offence,Individual
meme_3307.jpg,বাবাঃ আমার মেয়ে ডাক্তার হবে     মাঃ আমাদের ইঞ্জিনিয়ার হবে    লে বেটিঃ,Hate,Personal Offence,Individual
meme_3308.jpg,আমি    আমার ফাকবয় বন্ধু,Hate,Personal Offence,Individual
meme_3309.jpg,তুমার নাম কি ?  অপূর্ব  পইন্নির  ঘরে পইন্নি রুপের প্রশংসা করস কেরে ? ,Hate,Personal Offence,Individual
meme_3310.jpg,"When your bf has a big dick and says,, হোগা মারতে চাই ।   ""খোদার কসম কইতাছি, জীবনডা বাইর হইয়া যাইবো,",Hate,Personal Offence,Individual
meme_3311.jpg,আম গাছে    জাম ধরছে ধ্যাত ! ,Hate,Personal Offence,Individual
meme_3312.jpg,প্রেম করার আগে    প্রেম করার পর    প্রেম করার এক মাস পর     দুইমাস পর  ,Hate,Personal Offence,Individual
meme_3313.jpg,পহেলা ফাল্গুন   ভালোবাসা দিবস   একুশে ফেব্রুয়ারি   বইমেলা ,Hate,Personal Offence,Individual
meme_3314.jpg,* Girls without orna exist; Le Elakar Murubbi nibbas : মেয়েগুলার লজ্জা-শরম বইলা কিছু নাই... ছি ! ছি !,Hate,Personal Offence,Individual
meme_3315.jpg,"No Body:   Girlfriend's Bestie:  ছেলে ভাল না, ব্রেকাপ করে ফেল !    ",Hate,Personal Offence,Individual
meme_3316.jpg,বিদায় নিলো দুই নেতা      বাকি রইলো  অভিনেতা ,Hate,Personal Offence,Individual
meme_3317.jpg,*মেয়েরা প্রেম করার আগে    *প্রেম করার দুইমাস পর,Hate,Personal Offence,Individual
meme_3318.jpg,তোর গালফ্রেন্ড নাকি নাহিদের সাথে প্রেম করে   মাদারচোদ রোযা রাখছি তাই মুখটা খারাপ করলাম না ,Hate,Personal Offence,Individual
meme_3319.jpg,*Overpossesive girlfriend exists*   She: কি করো তুমি ?  You: গরুর দুধ খাই   She: হ্যাঁ গরুরটাই খাও   আমারটা তোহ আর ভাল্লগেনা   You:  ,Hate,Personal Offence,Individual
meme_3320.jpg,"When your relatives find a boy to arrange your marriage with and say shit like ""ছেলে অনেক ভালো তোমাকে অনেক আদর করে খাওয়াবে""    @Tag her",Hate,Personal Offence,Individual
meme_3321.jpg,"দুুর্নীতি দমন কমিশন, এই দিকেও একটু নজর দেওয়ার দরকার    দুর্নীতির একটা সীমা থাকা উচিৎ ",Hate,Personal Offence,Individual
meme_3322.jpg,তোর নাম কি ?   ধনী      মজা লস ? ! ,Hate,Personal Offence,Individual
meme_3323.jpg,আয়রে ভাই দলে দলে পুতিন ভাইয়ের ভ্যাক্সিন নিতে     বাইঞ্চোদ পুতিন বলিয়া করোনা যাবে এবার চলিয়া ,Hate,Personal Offence,Individual
meme_3324.jpg,"-এই মেয়ে, তুমি কি হাল টেনে তেল বের করো ?  Wtf না, কেন ?   - কারন তুমি একটা বলদ",Hate,Personal Offence,Individual
meme_3325.jpg, রাকিব আর সাকিব   খেলছো কিন্তু টাকা দিলা না কেন ?    @Tag Them ,Hate,Personal Offence,Individual
meme_3326.jpg,অনলাইন ডেলিভারি be like  যা অর্ডার করি  যা পাই,Hate,Personal Offence,Individual
meme_3327.jpg, পরীক্ষার শুরুতে আমার লেখা     পরীক্ষার শেষের দিকে আমার লেখা  ,Hate,Personal Offence,Individual
meme_3328.jpg,মিথিলা একজন !    সাধারণ মেয়ে    -অভিনেত্রী     -নৃত্যশিল্পী   -বারোভাতারি ,Hate,Personal Offence,Individual
meme_3329.jpg,"জানু একটা কথা বলি Mind করবা না তো ?  না, করবো না, বলে ফেলো     তোমার দুধের দই বানিয়ে খেতে চাই ।   খানকির পোলা, তর বিচির হালুয়া বানাইয়া খামু । ",Hate,Personal Offence,Individual
meme_3330.jpg,দীর্ঘদিন পরে যখন দেখি ক্রাশ তার বফের সাথে সেলফি আপলোড দিছে তখন    আমিঃ  এতো বড় হইয়া গেছে ,Hate,Personal Offence,Individual
meme_3331.jpg,"বাবু Promise করতেসি আর যাবো না ফয়সালের কাছে    গিয়ে আর কি লাভ, খাওয়া তো শেষই ",Hate,Personal Offence,Individual
meme_3332.jpg,2 MEGA PIXEL VS   12 MEGA PIXEL  তবে জিনিস কিন্তু একই ,Hate,Personal Offence,Individual
meme_3333.jpg,এতো মেকাপ করার পেছনে রহস্য কি জানতে চাইলে   বালিকাঃ একটু আক্টু মেকাপ না করলে ছেলেরা তো আর আমার পিছন পিছন ঘুরবো না ,Hate,Personal Offence,Individual
meme_3334.jpg,Boyfriend যখন অক্ষম  fingering তখন মোক্ষম  ,Hate,Personal Offence,Individual
meme_3335.jpg,তোমার ভবিষ্যত পরিকল্পনা কি ?  তোমাকে খাওয়া  ,Hate,Personal Offence,Individual
meme_3336.jpg,নানাঃ আমার চশমাটা দিস ত নানুভাই     আপনিঃ কই ?   নানাঃ তোর নানীর পুটকি সই     আপনিঃ      নানাঃ      নানীঃ,Hate,Personal Offence,Individual
meme_3337.jpg,*তুমি মেয়ে হয়ে সিগারেট খাও কেনো ?   *কেনো ? সিগারেট খাইতে কি নুনু লাগে ? ,Hate,Personal Offence,Individual
meme_3338.jpg,Exam কেমন হইছে ?    সামনে থেকে সর মাদারচোদ ,Hate,Personal Offence,Individual
meme_3339.jpg,একজন কোচ আছে    যার আজকে ঘুম লাগবে না !   ওইত হার পুত তুমি আবার হাতুরি সুদাও কেনো ? শালার পুত খেলা দেখো না আবার হাতুরি সুদাও ,Hate,Personal Offence,Individual
meme_3340.jpg,তেতুলতলায় যাওয়ার পর যখন নিব্বিকে ভুতে ধরে     LE NIBBI:,Hate,Personal Offence,Individual
meme_3341.jpg,কিরে কিছু বলবি ?   সাব্বির ১২২ রান করছে     অস্কারের বিজ্ঞাপন বন্ধ ,Hate,Personal Offence,Individual
meme_3342.jpg,Gorilla   Gorilla Pro ,Hate,Personal Offence,Individual
meme_3343.jpg,খারাপ চেহাড়ার* BCS ক্যাডার    সুন্দরী কচি মেয়ে* ,Hate,Personal Offence,Individual
meme_3344.jpg,তোমার নাম কি ? মেহেদি     রাতে আইসো লাগাবো ,Hate,Personal Offence,Individual
meme_3345.jpg,Proposal Reject  করে যখন মেয়েরা জানতে পারে ছেলেটা এখন পিয়াজের ব্যবসা করে ,Hate,Personal Offence,Individual
meme_3346.jpg,এসেছিলাম একা    যেতে হবে একা    মাঝখানে এক খানকিরপোলার সাথে দেখা ,Hate,Personal Offence,Individual
meme_3347.jpg,"ভাই ! মরার আগে বলে যান, শরিফ কি আসলেই থানিয়ারে...",Hate,Personal Offence,Individual
meme_3348.jpg,বউমা এবার কিন্তু আমি নাতি নাতনি চাই  কথাটা আপনার ছেলেকে বলুন  কেন?  গাছের গোড়ায় পানি না ঢেলে আগায় দিলে বাচ্চা কেমনে হবে  ,Hate,Personal Offence,Individual
meme_3349.jpg,ঢাকা অ্যাটাক    খোলা অ্যাটাক,Hate,Personal Offence,Individual
meme_3350.jpg,Nobody বিয়ের দিন মেয়েদের রিয়েকশন    Outside:    Inside: অতঃপর আজ আমার বেগুন চাষের সমাপ্তি ,Hate,Personal Offence,Individual
meme_3351.jpg,শব ই বরাত     পহেলা বৈশাখ ,Hate,Personal Offence,Individual
meme_3352.jpg,শেষ বারের মতো জিজ্ঞেস করছি   আমরা কি ছেলে না ?? ,Hate,Personal Offence,Individual
meme_3353.jpg,ঘটনাটা এখানে শেষ হলেই পারতো    কিন্তু তারপর হলো রাসেল ভাই ,Hate,Personal Offence,Individual
meme_3354.jpg,"হ্যালো জান , চলোনা যমুনা ফিউচার পার্ক থেকে খেয়ে আসি ? ওইটা না হয় ঠিক আছে, কিন্তু তোমাকে আগে যমুনা নদীতে দুইটা চুবানি দেই? ",Hate,Personal Offence,Individual
meme_3355.jpg,চোখের বালি     রবীন্দ্রনাথ ঠাকুর ,Hate,Personal Offence,Individual
meme_3356.jpg,"মেয়েটি দেখতে কুৎসিত , এটার ইংলিশ কি হবে  DAT GIRL LOOKS LIKE ""SAHARA KHATUN""",Hate,Personal Offence,Individual
meme_3357.jpg,কলিকাতা হারবাল ব্যাবহার এর আগে ... ব্যাবহার এর পরে  ,Hate,Personal Offence,Individual
meme_3358.jpg,তুমি কি সালমান মুক্তাদীর ?    না কেন ? কারন তোকে দেখলেই থাবরাইতে ইচ্ছে করে   ,Hate,Personal Offence,Individual
meme_3359.jpg,CAPTAIN CHUTMARANI,Hate,Personal Offence,Individual
meme_3360.jpg,"when a Asian girl first time watching BBC porn  ওমারে মা , এ দেহি বিরাট সাইজ  ",Hate,Personal Offence,Individual
meme_3361.jpg,"She  : জানু জানো, দিন দিন কালো হয়ে যাইতেছি ।    He :  তুমি তো কাইলাচদায় লল   She:   NIGGA WHAT",Hate,Personal Offence,Individual
meme_3362.jpg,চল লিটনের ফ্লাটে যাই ...    জোরে দিতে পারবা তো ?? ,Hate,Personal Offence,Individual
meme_3363.jpg,আমরা জাস্ট ফ্রেন্ড  Okey!    -Okey,Hate,Personal Offence,Individual
meme_3364.jpg,বয়ফ্রেন্ড যখন রিক্সার একপাশেই বসে :,Hate,Personal Offence,Individual
meme_3365.jpg,সাবধানে থেকো মেহেদী ! আজকে মেয়েরা তোমাকে অনেক লাগাবে।,Hate,Personal Offence,Individual
meme_3366.jpg,"When She sees Your     ""বড় কালা বন্ধুক """,Hate,Personal Offence,Individual
meme_3367.jpg,প্রথম বার যখন সিহাব এর গফ সিহাভ এর পাছা দেখে    সিহাব এর গফঃ ,Hate,Personal Offence,Individual
meme_3368.jpg,"এই আপুকে একটা খারাপ জীন আছর করছে, সবাই তার জন্য দোয়া করো ।   1 Like = 1 দোয়া ",Hate,Personal Offence,Individual
meme_3369.jpg,"When you are bad actress but then your 26 minutes of video goes viral  আগে চেনা মানুষরাও চিনত না, আর এখন অচেনারাও...",Hate,Personal Offence,Individual
meme_3370.jpg,"ছেলেটি জোরে না দিতে পারায় মেয়েটি বলেছিল ,  ""কুত্তা দিয়ে চু* নেওয়া এর থেকে ভাল ""   ছেলেটি চলে গেছে আজ বহুদিন...  তাই মেয়েটি আজও বিকনী পড়ে মাঠে শুয়ে থাকে ।    ",Hate,Personal Offence,Individual
meme_3371.jpg,Julia Ann    Julia Ann lite,Hate,Personal Offence,Individual
meme_3372.jpg,"If ""বিদেশ থেকে স্বামী ফেরত আস উপলক্ষ্যে ফুর্তি করা"" had a face :",Hate,Personal Offence,Individual
meme_3373.jpg,*মিয়া খলিফাকে হিজাবে দেখার পর  *আম্মুঃ  এরকম একটি মেয়ে যদি আমার বেটার বউ হতো ,Hate,Personal Offence,Individual
meme_3374.jpg,আহসান হাবিব Piyar সে গান কভার করে Sia'র  but most importantly  সে কালেকশন রাখে Mia' র,Hate,Personal Offence,Individual
meme_3375.jpg,DUDU     DUDU Holding Dudu     DUDU    DUDU-wala DUDU Holding Dudu,Hate,Personal Offence,Individual
meme_3376.jpg,বলতো % চিহ্নটি কখন দেখা যায়     কোনো মেয়ে যখন গাড়িতে সিটবেল্ড লাগিয়ে বসে থাকে  ,Hate,Personal Offence,Individual
meme_3377.jpg,"তুুমি কি ওঁই রোড দিয়ে আসো ?? ইস কি বাজে গন্ধ !     না , তোমার জামাই ওই রোড দিয়ে আমার বাসায় যায় আমাকে লাগাইতে !! ",Hate,Personal Offence,Individual
meme_3378.jpg,"কেকা খালার কাঠালের বিচি দিয়ে , বানানো লেবুর শরবত খেয়ে    #বালের কন্ঠ     ডোনাল্ট ট্রাম্পের এক সপ্তাহ ধরে হাগা বন্ধ ! ",Hate,Personal Offence,Individual
meme_3379.jpg,বাপের বাড়ি থেকে বউ ফিরে এসে স্বামীর সাথে প্রথম রাত্রিযাপনের পর    *বউ,Hate,Personal Offence,Individual
meme_3380.jpg,রমজানের কিছু দিন আগে      রমজানের দুই-এক দিন আগে থেকে     ,Hate,Personal Offence,Individual
meme_3381.jpg,অনুপম যখন প্রথম অপরিচিতাকে দেখে*    kya maal hai yaar  ,Hate,Personal Offence,Individual
meme_3382.jpg,"GF কে কখনো কাদাবেন না , হাজারো খানকির পোলারা বসে আছে তার চোখের জল মোছার জন্য  ",Hate,Personal Offence,Individual
meme_3383.jpg,সারা বছর    During Ramadan,Hate,Personal Offence,Individual
meme_3384.jpg,"জান, আমি যদি এভারেস্টের চূড়ায় উঠতে পারি তাহলে তুমি আমাকে কি দিবে ? বেশি কিছুনা ... ছোট্ট একটা ধাক্কা দিব !",Hate,Personal Offence,Individual
meme_3385.jpg,Nobody :  Almost every feminist be like  বয়ফ্রেন্ড দিয়ে কি করবি চল আমরাই বিয়ে করে ফেলি ,Hate,Personal Offence,Individual
meme_3386.jpg,ন্যুড'টা কি এখন দিবা ? বিয়ে করুণ তারপর সামনাসামনি দেখতে পারবেন ,Hate,Personal Offence,Individual
meme_3387.jpg,মেয়েদের থেকে ছেলেদের পাশের হার বেশি হওয়া শর্তে পত্রিকায় মেয়েদের ছবি আসে কেন ?  কারণঃ,Hate,Personal Offence,Individual
meme_3388.jpg,কাচ্চি বিরিয়ানি    এলাচি ,Hate,Personal Offence,Individual
meme_3389.jpg, সালমান + জেফার  =   সালফার ,Hate,Personal Offence,Individual
meme_3390.jpg,রুমডেটে গিয়ে যখন ফাকবয় জানতে পারে তার গালফ্রেন্ডের দেশ অনেক আগেই স্বাধীন হয়ে গেছে    ফাকবয়ঃ  এতদিন এসব আমার চোখে পড়েনি কেন ?,Hate,Personal Offence,Individual
meme_3391.jpg,তুুমি মেয়ে হয়ে এত গালি দেও কেন ?     ওইসব বালছাল আমি মুখে আনি না বাইনচোদ ,Hate,Personal Offence,Individual
meme_3392.jpg,জিয়া ! জিয়া রে !        চুপ করো বেয়াদব    !,Hate,Personal Offence,Individual
meme_3393.jpg,যে রাধে   সেই পা কাধে তুলে দেয়,Hate,Personal Offence,Individual
meme_3394.jpg,GF কে দিয়ে নুনু চোষানোটাই কি জীবনে সবকিছু ?     হ্যাঁ নুনু না চোষালে আমার জীবনটাই ব্যর্থ হয়ে যেত    ,Hate,Personal Offence,Individual
meme_3395.jpg,বহিপীর এবং তাহেরার দেখা হওয়ার পর দুটি দুর্লব ছবি ,Hate,Personal Offence,Individual
meme_3396.jpg,"EVERY GIRL HAS THAT ONE JEALOUS FRIEND   ""দেখসো ! মেয়েটা কত খ্যাত ! ঠিকমত মেকআপ ও করতে পারে না ! """,Hate,Personal Offence,Individual
meme_3397.jpg,জান ! আজকে Men Force না চলো New কিছু  Try করি !  পলিথিন Try করতে পারো !   College এ একবার Try করছিলাম ! ,Hate,Personal Offence,Individual
meme_3398.jpg,Your Chatgaiya friend -   In Dhaka    When she visits Chittagong during the holidays,Hate,Personal Offence,Individual
meme_3399.jpg,"When she puts her ""শশা"" inside your ""ধানের শীষ"" ",Hate,Personal Offence,Individual
meme_3400.jpg,স্বামী বিদেশে চলে যাবার পর দেবর যখন কোনো কাজের না   স্ত্রীর প্রথম কাজ বাড়িতে বেগুন চাষ করা ,Hate,Personal Offence,Individual
meme_3401.jpg,Nobody - শহরের চাচাতো বোন  with her boyfriend,Hate,Personal Offence,Individual
meme_3402.jpg,পার্থক্য জানুন   Selena   Chele-na,Hate,Personal Offence,Individual
meme_3403.jpg,যখন কোনো মেয়ে তোমার DSlr ডিপিতে হাহা রিয়েক্ট দেয়  You : এইগুলা খানকি মাগী ভাই ,Hate,Personal Offence,Individual
meme_3404.jpg,দেওয়ানবাগী    দেওয়ানমাগি    দেওয়ানহাগি    দেওয়ানদাগি,Hate,Personal Offence,Individual
meme_3405.jpg,১৪ ফেব্রুয়ারি দিন     সকালে     বিকালে   সন্ধ্যা বেলায় ,Hate,Personal Offence,Individual
meme_3406.jpg,*ইনস্টা/ফেসবুক এ মেয়েদের পাছা দেখিয়ে ছবি দেওয়া বিদ্যমান *  Comment section :  ওরে মাগি ,Hate,Personal Offence,Individual
meme_3407.jpg,If Over Confidence had a face:  মৃত্যুদন্ড পাওয়ার পরও করোনা থেকে বাচার জন্য মাস্ক পড়তে হয় ,Hate,Personal Offence,Individual
meme_3408.jpg,রমজান মাসে     ঈদ এর দিন ,Hate,Personal Offence,Individual
meme_3409.jpg,"আর চুপ থাকা যায় না দেশে নারী নির্যাতন বন্ধ করতেই হবে    দেখুন, যৌতুকের টাকা দেওয়ার পর ও বার বার বলে বাপের বাড়ি থেকে টাকা আনতে     আর না দেওয়াতে প্রতিদিন ঠিক এইভাবে মারধর করে, চরম প্রতিবাদ যানাই , মানবতা আজ কোথায় ??",Hate,Personal Offence,Individual
meme_3410.jpg,"তোর নতুন গালফ্রেন্ড কে রে ?    তোর মা রে জিগা !   CIVIL WAR    May 6, 2016",Hate,Personal Offence,Individual
meme_3411.jpg,Charlie puth   Khankir Puth,Hate,Personal Offence,Individual
meme_3412.jpg,বাংলাদেশ টেলিভিশন - বিটিভি     ভোটে দাড়ানোর গ্যাড়া সামলাতে না পেরে নির্বাচনের আগেই খাটে শুয়ে শুয়ে ভ্যালট বাক্সে ভোট ঢুকাচ্ছেন ন্যারো আলম । ,Hate,Personal Offence,Individual
meme_3413.jpg,*তাহসিনঃ মানুষের দুধ টিপে  ভন্ডামি করাই দেওয়ানভাগীর কাজ    দেওয়ানভাগী*   * তার ভক্ত,Hate,Personal Offence,Individual
meme_3414.jpg,ঘুরাঘুরির  পর যখন তৃষ্ণার্থ কাক কলসিতে পানি দেখতে পায় ,Hate,Personal Offence,Individual
meme_3415.jpg,Gonna tell my kids that he is a  সাপোজিটার (ডোজ)  ,Hate,Personal Offence,Individual
meme_3416.jpg,Before being বউদি    After being বউদি ,Hate,Personal Offence,Individual
meme_3417.jpg,কোরবানির হাট থেকে জেব্রা কিনে আনলেন শ্রদ্ধেয় ইলিয়াস কাঞ্চন ।,Hate,Personal Offence,Individual
meme_3418.jpg,আপু থামেন ! এত MAKEUP দিসেন !! দেখতে পুরা সাহারা খাতুনের মত লাগতেসে,Hate,Personal Offence,Individual
meme_3419.jpg,বউ যৌতুক দিসে এসব কি করছিস !   -তোমার বউমা শেভ করে নাই ,Hate,Personal Offence,Individual
meme_3420.jpg,শিক্ষিকা  Faqboi  বাবা,Hate,Personal Offence,Individual
meme_3421.jpg,মামা ফুচকাতে এক্সট্রা ঝাল দিয়েন*  খাওয়ার পরের অবস্থাঃ,Hate,Personal Offence,Individual
meme_3422.jpg,*Nobel এর বিরুদ্ধে চিল্লাতে থাকা Public    *বাইঞ্চোদ কি করছে না জানা আমি ,Hate,Personal Offence,Individual
meme_3423.jpg,"মোটরবাইকে চেপে জয় শ্রী রামের শ্লোগান দেওয়া বাঙালি সংস্কৃতি নয়, - সায়নী ঘোষ      বাঙালির সংস্কৃতি",Hate,Personal Offence,Individual
meme_3424.jpg,বৌমা নাতি দেখতে তো আমার ছেলের মতো হলো না     শোনেন আমি কোনো ফটো মেশিন না যে হুবহু ডেলিভারি দিবো ,Hate,Personal Offence,Individual
meme_3425.jpg,Remember this girl ?    This is her now: ,Hate,Personal Offence,Individual
meme_3426.jpg,আজকে রাতে সবাই যাকে লাগাচ্ছেঃ     -কে,Hate,Personal Offence,Individual
meme_3427.jpg,যখন তুমি জানতে পারো তোমার ছেলে BTS ফ্যান    আমার পোলার মেশিন কই ?  ,Hate,Abusive,Organization
meme_3428.jpg, প্যান্ট এর ওপর কেউ জাইঙ্গা লাগাইলেই সুপারম্যান হয়না    হ ব্যাডা ঠিক'ই কইছত গণতান্ত্রিক ব্যবস্থার নামে সৈরাতান্ত্রিক    আমি বেঞ্জির ঘেউ ঘেউ হুক্কা হুয়া ... ,Hate,Abusive,Organization
meme_3429.jpg,-সারাদেশ  #REFORM_QUOTA     -BTV  দিনাজপুরে বাতাবি লেবুর ব্যাপক ফলন হয়েছে ।  বাতাবি লেবুর চাষিরা খুশিতেই মরে যাচ্ছে ! ,Hate,Abusive,Organization
meme_3430.jpg,"আব্রাহাম লিঙ্কন বেচে থাকলে গণতন্ত্রের বর্তমান সংজ্ঞা হতো- ডেমোক্রেসি ইজ এ গভর্নমেন্ট অফ দ্যা বালুর ট্রাক, বাই দ্যা বালুর ট্রাক, ফর দ্যা বালুর ট্রাক ! ",Hate,Political,Organization
meme_3431.jpg,যখন বিশ্ববিদ্যালয় ভর্তি কোচিং এ ভর্তি না হয়ে সবাই বড় ভাই ভাড়া করতে শুরু করে      ব্যবসায় লাল বাত্তি   ,Hate,Abusive,Organization
meme_3432.jpg,স্কুল এর পড়িক্ষায় যেমন নকল কইরা পাশ করলেও বোর্ড পরীক্ষায় ফেল হয় তেমনি আগের ম্যাচ চোরামি কইরা জিতেছে আর এখন হারছে!,Hate,Abusive,Organization
meme_3433.jpg,সুদিনা     এইডাও সুদিনা     আহ! বাপেদের অর্জন   এইডা আজীবন সুদি ,Hate,Abusive,Organization
meme_3434.jpg,আর্মিতে পরীক্ষা দিতে এসেছি      পাছা দেখাতে নয়  ,Hate,Abusive,Organization
meme_3435.jpg,ডাকাত    grameenphone  সীমিত আকারে ডাকাত ,Hate,Abusive,Organization
meme_3436.jpg,সরকার বিরোধী মিম বানানোর পর* Le ছাত্রলীগঃ   Gang পাঠাবো তোর বাড়িতে ,Hate,Political,Organization
meme_3437.jpg,"তুই কোন দলের সাপোরটার? ব্রাজেন্টিনা,সমস্যা??? ঢাকার পোলা,ভেরি ভেরি স্মার্ট ",Hate,Abusive,Organization
meme_3438.jpg,Famous ডাকাত's then    Famous ডাকাত's now,Hate,Abusive,Organization
meme_3439.jpg,"ছাত্রলীগ কে "" আমরা গরু ধানের শীষ পছন্দ করে"" বলার পরে বিকালে যখন এসে দেখি মাংস কাটাকুটি সব শেষ   mission passed ! Respect + 99",Hate,Political,Organization
meme_3440.jpg,ব্রিটিশ লেখকের আশঙ্কা   ২০ বছরের মধ্যে শিশুদের মূর্খ বানাবে ফেসবুক-টুইটার  He's out of line... but he's right.   ,Hate,Abusive,Organization
meme_3441.jpg,* 'BUP' calling itself a public/private University*   Other public/private Universities:     BUP-রে... শখের তো কমতি নাই ,Hate,Abusive,Organization
meme_3442.jpg,"গ্রামের বাড়িতে যাওয়ার পর  GP SIM এর নেটওয়ার্ক  Exist*    জানিনা কোথায় আছো , তুমি কত দূরে ",Hate,Abusive,Organization
meme_3443.jpg,This is how I sleep knowing that   ঘরের মাঠে আসন্ন পাকিস্তানের বিরুদ্ধে সিরিজ জিতলেই মানুষ আবার সবকিছু ভুলে যাবে   ,Hate,Abusive,Organization
meme_3444.jpg,৫০০ বাড়াই দিমু    আরো একটা সিরিজ খেলবি  ,Hate,Abusive,Organization
meme_3445.jpg,অর্ডার ছাড়াই যখন ফুডপান্ডার ডেলিভারি বয় নিচে নামতে বলে !     চু*সে রে !,Hate,Abusive,Organization
meme_3446.jpg,"Nurul Hasn once said ""ভাই তাড়াতাড়ি শেষ করেন অনেকদিন পর বাসায় যাবো ""   And Bangladeshi Cricket Team started to keep his wish since then ",Hate,Abusive,Organization
meme_3447.jpg,যখন সিম কোম্পানি থেকে ফ্রি ইন্টারনেট দেয় কিন্তু স্পীড  2G থাকায় ঠিক মত ব্যাবহার করতে পারেন না :   This data makes no sense. ,Hate,Abusive,Organization
meme_3448.jpg, অন্যান্য University এর টয়লেট  NSU এর টয়লেট ,Hate,Abusive,Organization
meme_3449.jpg,পৃথিবীর ভয়ংকর কিছু ডাকাতসমুহ     গ্রামীণফোন   ,Hate,Abusive,Organization
meme_3450.jpg,Australia:  আমাদের আরেকটা শর্ত      আপনে কথা কম বলেন বিদেশী মানুষ অত্যাধিক কথা ভালোনা    ,Hate,Abusive,Organization
meme_3451.jpg,"বাংলাদেশকে অস্ট্রেলিয়ার সাথে ৪-১ ব্যাবধানে টি-২০ সিরিজ জিততে দেখার পরঃ     এখন যাওয়া ঠিক হবে না ,   মারধোর করতে পারে ",Hate,Abusive,Organization
meme_3452.png,ইন্ডিয়া কি ক্রিকেট খেলে?  এদের খেলার যেভাবে এড দেখায় মনে হয় যে নতুন মুভি আইতাছে!,Hate,Abusive,Organization
meme_3453.jpg,THIS IS RAB : খানকিরপোলা দরজা খোল ,Hate,Abusive,Organization
meme_3454.jpg,বাংলাদেশের টিভি চ্যানেলগুলো      বছরের ১১ মাস     রমজান মাসে  ,Hate,Abusive,Organization
meme_3455.jpg,আমি টানা ৫টা 'Man of the match'   জিতেছি  *IPL teams   I don't even know who you are    ,Hate,Abusive,Organization
meme_3456.jpg,সরকারি রাজেন্দ্র কলেজ । ফরিদপুর সরকারি বালিকা উচ্চ বিদ্যালয়,Hate,Personal Offence,Individual
meme_3457.jpg,গভঃ গার্লস স্কুলে চান্স পাওয়ার আগে ।গভঃ গার্লস স্কুলে চান্স পাওয়ার পর,Hate,Personal Offence,Individual
meme_3458.jpg,now ফরিদপুরের ছেলেদের ক্রাশ,Hate,Personal Offence,Individual
meme_3459.jpg,কুমার ন। কুমার নদী,Hate,Personal Offence,Individual
meme_3460.jpg,তোর গফকে অন্য ছেলের সাথে শেখ রাসেল পার্কে যেতে দেখেছি । তোর বাপকে মাছবাজারের পিছনে যেতে দেখেছি,Hate,Personal Offence,Individual
meme_3461.jpg,যখন ফরিদপুর গভঃ গার্লস স্কুলের মেয়েরা বলে আমরা অন্যান্য স্কুল থেকে আলাদা,Hate,Personal Offence,Individual
meme_3462.jpg,গ্রামের স্কুল/কলেজে পড়ার সম। ঢাকায় এসে ইউনিভার্সিটিতে ভর্তি হওয়ার ২ মাস পর,Hate,Personal Offence,Individual
meme_3463.jpg,"আমার ব্যাচের সুন্দরী মাইয়া । ভালো, ভদ্র, লয়াল বিশ্বাসযোগ্য আমি । গাঞ্জাখোর, প্লে বয় পোলা ",Hate,Personal Offence,Individual
meme_3464.jpg,তোর মায়েরে চু****। কি কইলি মাদারটোস্ট? তোর মায়েরে চুনাঘাটায় দেখছিলাম আজকে,Hate,Personal Offence,Individual
meme_3465.jpg,পরীক্ষার হলে যখন সাবিনা ম্যাডাম বলতো যে পিছে তাকাইলেই খাতা নিয়ে যাবো...তখন আমি:-তোমাল ততা তেউ তোদেও না..,Hate,Personal Offence,Individual
meme_3466.jpg,"আরে এ তো মেয়ে, এ আমাদের সাথে কি করে খেলবে? দেখ ভাই, আমি চাইলে তোর জীবন নিয়ে খেলে দেখিয়ে দিতে পারি, এটা তো শুধু ফুটবল।",Hate,Personal Offence,Individual
meme_3467.jpg,ভার্সিটির দামড়া বড় ভাই। ক্লাস ৭ এর বিন্দুবাসিনীর নিব্বি,Hate,Personal Offence,Individual
meme_3468.jpg,"বাণিজ্য মেলায় হঠাৎ বারভাতারি এক্সের সাথে দেখা হওয়া বিদ্যমানঃ- তোমায় বোধ হয় আমি চিনি, আবার বোধ হয় চিনি না",Hate,Personal Offence,Individual
meme_3469.jpg,লালডা না কালাডা,Hate,Personal Offence,Individual
meme_3470.jpg,আমি কিন্তু মনে মনে লালডাই আছিলাম,Hate,Personal Offence,Individual
meme_3471.jpg,তার বিসিএস ক্যাডার জামাই। বিন্দুবাসীনির মেয়ে,Hate,Personal Offence,Individual
meme_3472.jpg,বাঙ্গীও একটি ফল ।নোবেলও একজন শিল্পী,Hate,Personal Offence,Individual
meme_3473.jpg,যখন আপনি ম্যাচ জিতান কিন্তু জনগন আপনার বউয়ের পর্দা করা নিয়ে কোনো প্রশ্ন তুলে না,Hate,Personal Offence,Individual
meme_3474.jpg,যখন আপনি মেহেদী লাগাতে চান কিন্তু মেহেদী আপনাকে উল্টো লাগিয়ে দেয়,Hate,Personal Offence,Individual
meme_3475.jpg,আয়মান সাদিক। ব্যয়মান সাদিক।পরমমান সাদিক।শতকরামান সাদিক,Hate,Personal Offence,Individual
meme_3476.jpg,JAMUNA. TV   আবারও জেনারেল সোলাইমানি হত্যার প্রতিশোধের হুমকি ইরানের প্রেসিডেন্টের      মনে হচ্ছে যেখান থেকে এসেছি সেখানেই আবার ফিরে এলাম  ,Hate,Abusive,Society
meme_3477.jpg,BEFORE THE MATCH      AFTER THE MATCH   DROWN !,Hate,Abusive,Society
meme_3478.jpg,India vs England match exists     sarfaraz be like  আমরা ভারতকে বাবা ভাবলেও ভারত আমাদের ছেলে ভাবে না ,Hate,Abusive,Society
meme_3479.jpg,তাহলে 2019 World Cup এর ফলাফল !    বাংলাদেশ     ভারত**    পাকিস্তান**   ,Hate,Abusive,Society
meme_3480.jpg,"বাবা, শহর কি ? আমরা জানি না বাবা, আমারা উত্তরা থাকি ! ",Hate,Abusive,Society
meme_3481.jpg,MOHAMMADPUR ,Hate,Abusive,Society
meme_3482.jpg,Nothing: জামালপুরের পোলাপান ২৪ ঘন্টাঃ     HORNY ,Hate,Abusive,Society
meme_3483.jpg,Extraction 2020 দেখার পরে শেখ হাসিনাঃ    এডা কি আমার সোনার বাংলাদেশ ছিল ? ,Hate,Abusive,Society
meme_3484.jpg,"ফুটপাথ থেকে কেনা সস্তা ইয়ারফোন একদিনে নষ্ট হলে দোকানে ফেরত দিতে গেলে  দোকানদারঃ 'DON'T ASK ME, ASK CHINA'",Hate,Abusive,Society
meme_3485.jpg,"Bangladeshis when it comes to talking about genocide of Bengalis during 1971 war    Bangladeshis when it comes to talking about genocide of Biharis     Yes, very sad     Anyway ",Hate,Abusive,Society
meme_3486.png,SHUN:AM TUMI NAKI A+ PAISO?     MISHTI KOI?,Hate,Abusive,Society
meme_3487.jpg,If পায়ে পাড়া দিয়ে ঝগড়া করা had a face   ফজিলাতুন্নেছা  কুমুদিয়ান ,Hate,Abusive,Society
meme_3488.jpg,Bengalis in Public Toilet !   ভালো ভাবে হেগে পানি ব্যবহার করা ফ্ল্যাশ করা ।    হাইগা ভরাইয়া ফেলা । ,Hate,Abusive,Society
meme_3489.jpg,Me sleeping at 31st night of 2020 ,Hate,Abusive,Society
meme_3490.jpg,O-oh jaane jaana     রাস্তায় করি পায়খানা  ,Hate,Abusive,Society
meme_3491.jpg,এনালগ যুগের মেয়েরা ব্রেকআপের পর গায় যেও না সাথী... ডিজিটাল যুগের মেয়েরা ব্রেকআপের পর গায় চলে গেছো তাতে কি নতুন একটা পেয়েছি তোমার চেয়েও আরও ধনী,Hate,Abusive,Society
meme_3492.jpg,"Being a legitimate state    Some dream, huh ? ",Hate,Abusive,Society
meme_3493.jpg,say those magical words    i am groot.. আরে এটা নয় !  অন্যটা বল   ওহ হো হো হো হো       Pakistan ka ma ka vorsda,Hate,Abusive,Society
meme_3494.jpg,"THE MOST COMMON THREAT OF BANGLADESHI PEOPLE  ""তুই জানস আমি কার ছেলে ?!!   তোর মা রে জিগা !",Hate,Abusive,Society
meme_3495.jpg,সুশান্ত সিং মারা গেছে   RIP   ভারতের ২০ সেনা নিহত       ঈদ মোবারক ,Hate,Abusive,Society
meme_3496.jpg,After the match indian fans to Bangladeshi fans  দিল ছোটা না কারো আপনা বাপছে হারে হো তুম ,Hate,Abusive,Society
meme_3497.jpg,নাসার দাবি চাঁদে সবচেয়ে বড় বড় গর্ত আছে      লেঃ বাংলাদেশের রাস্তা ঘাট,Hate,Abusive,Society
meme_3498.jpg,"মামা গরু কোন দেশি ? *Send BoB and Vegane pix   -নাহ, ইন্ডিয়ান গরু নিমুনা , দেশি দেখান । ",Hate,Abusive,Society
meme_3499.jpg,বাংঙালি একটা জিনিস পাইলে চুইদা ভোদাটার অবস্থা এমন করবো যেন মাথা ঢুকানো যায় ,Hate,Abusive,Society
meme_3500.jpg,মেয়ে ফরিদপুর ইঞ্জিনিয়ারিং কলেজে পড়ে **    বাসা ব্রাক্ষ্মনবাড়িয়া **  ,Hate,Abusive,Society
meme_3501.jpg,*indian guy giving me a house tour*    Him: ..... আর এটা হলো আমার টয়লেট    ,Hate,Abusive,Society
meme_3502.jpg,They Have Eiffel Tower  We have These Towers,Hate,Abusive,Society
meme_3503.jpg,INDIAN MOVIES    INDIAN TV SERIES     INDIA WINS A MATCH ,Hate,Abusive,Society
meme_3504.jpg,ALL OUT IN 84 RUNS : HAPPINESS IS  টিমের সবাই অনেকদিন পর ব্যাটিং পাইসে !   ,Hate,Abusive,Society
meme_3505.jpg,আজ ভারত কে হারিয়ে ছাড়ব   রেডি হয়ে মাঠে নাম ।  আজ রেন্ডি নাচ নাচাব ,Hate,Abusive,Society
meme_3506.jpg,HOW NORMAL PEOPLE PRONOUNCE COX'S BAZAR    COX'S BAZAR       HOW KHAS NOAKHALI PEOPLE PRONOUNCE COX'S BAZAR  COCK SHOW BAZAR !,Hate,Abusive,Society
meme_3507.jpg,চীন      ইন্ডিয়া    পাকিস্তান    বাংলাদেশ  ,Hate,Abusive,Society
meme_3508.jpg,"Chatroleague to Brahmanbaria right now :    ছোট, ছোট ফকিন্নি মাইরা ব্যাটা তুই হ্যাডম দেখাস       ",Hate,Abusive,Society
meme_3509.jpg,তার হাজবেন্ড   বিন্দুবাসিনীর মেয়ে ,Hate,Abusive,Society
meme_3510.jpg,বাংলাদেশে গিয়ে কী দেখলা ?    এখানে মা কে ব্লক লিস্টে রাখা পোলাপানও মা দিবস পোস্ট দেয়  ,Hate,Abusive,Society
meme_3511.jpg,ভারতের নায়ক মারা যাওয়ার পর    বাঙ্গালী      ভারতের সেনা মারা যাওয়ার পর    বাঙ্গালী ,Hate,Abusive,Society
meme_3512.jpg,ভারতের সাথে শত্রুতা তৈরী করার পর যখন নিজেদের লোকসান চোখে পড়ে     আসেন একসাথে বিষ খাই ,Hate,Abusive,Society
meme_3513.jpg,হাই    হ্যালো আমি ঘাটাইলের মেয়ে ,Hate,Abusive,Society
meme_3514.jpg,"me to my নগরকান্দায়ান  frnd :-   "" দোস্ত মারামারি আর কতোদিন ... এগুলো ছেড়ে দে ""     জবাই দিতে দিতে অভ্যাস হয়ে গেছে   ",Hate,Abusive,Society
meme_3515.jpg,১৯৭১     ২০২০ ,Hate,Abusive,Society
meme_3516.jpg,"""Location ""ব্রাক্ষণবাড়িয়া""  Covid19  মাফ কইরা দেন ভাই ",Hate,Abusive,Society
meme_3517.jpg,পাকিস্তান না জেতার পিছনে যুক্তি দাও ।    ভারত না পাকিস্থান জিতবে ?    পাকিস্থান সেদিন জিতবে  যেদিন পশ্চিম দিক থেকে সূর্য উঠবে    স্যালারি কত নেবে ভাই ।  join করেই মালিক হওয়ার ইচ্ছে ।   তোমাকে জামাই করব আমার  ,Hate,Abusive,Society
meme_3518.jpg,How A Guy From কুমিল্লা    Proposes A Girl ,Hate,Abusive,Society
meme_3519.jpg,হাসানিয়ানদের বউ   সৃষ্টিয়ানদের বউ ,Hate,Abusive,Society
meme_3520.jpg,আজকেও হেরে গেলি তোরা    পাকিস্থান হেরেছে আমরা হেরেছি   ভারত আমাদের বাবা ,Hate,Abusive,Society
meme_3521.jpg,ইন্ডিয়া বাংলাদেশে আসার আগে       বাংলাদেশে আসার পরে ,Hate,Abusive,Society
meme_3522.jpg,যখন পাকিস্তানিরা ভারতের মেয়েদের বৌ বানানোর স্বপ্ন দেখে     ভারতীয় লোক  :    re jake wo bakri ke sath batho ,Hate,Abusive,Society
meme_3523.jpg,এটা ভারত এখানে আগুন লাগলে দমকল আসে না      দেড় ঘন্টা আগুন লেগে যখন সব পুড়ে জায় তখন দমকলল আসে ,Hate,Abusive,Society
meme_3524.jpg,চিনছো আমারে ? চিনবা কেমনে!   আমি ভুল করে অন্ধের দেশে আয়না বিক্রি করতে এসেছিলাম ,Hate,Abusive,Society
meme_3525.jpg,নগরকান্দা     সালথা     ফরিদপুর সদর ,Hate,Abusive,Society
meme_3526.jpg,WHEN YOUR ABBU HEARS YOUR BOYFRIEND IS FROM NOAKHALI ,Hate,Abusive,Society
meme_3527.jpg,বরিশাইল্যা গো উৎপত্তির ইতিহাস      মেনশন হপে ,Hate,Abusive,Society
meme_3528.jpg,"Digital bangladesh 2021    Bangladesh ranked 133rd in Mobile data speed , right behind Uganda in September ",Hate,Abusive,Society
meme_3529.jpg,বাংলাদেশের মানুষ সবসময় দুইটা কাজ করতে পছন্দ করে   বিরিয়ানির সাথে এলাচি মিশাইতে আর খেলার সাথে রাজনীতি মিশাইতে   ,Hate,Abusive,Society
meme_3530.jpg,Childhood is when you sing সকল দেশের রাণী সে যে আমার জন্মভুমি    Adulthood is when you realize   This is the worst country and you should leave as soon as possible.,Hate,Abusive,Society
meme_3531.jpg,Mother's Difference    My Son is in a Relationship   Amr Polay jani kon magir pallay porse,Hate,Abusive,Society
meme_3532.jpg,"বাবা Toilet কি ?   আমরা জানি না বাবা, আমরা ইন্ডিয়ায় থাকি ",Hate,Abusive,Society
meme_3533.jpg,"THE PICTURE TELLS YOU EVERYTHING    মিলেগা, বারবার মিলেগা... ",Hate,Abusive,Society
meme_3534.jpg,কানাডা        আমেরিকা     বাংলাদেশ    ,Hate,Abusive,Society
meme_3535.jpg,FIRST DAY AFTER MARRIAGE  ঘূম থেকে উঠে দেখি পাছা ব্যাথা করছে ,Hate,Abusive,Society
meme_3536.jpg,What Brahmanbaria people are getting after attending janaza in lockdown :  আখেরাতের পাসপোর্ট    মাওলানা আবু আবরার     বেহেশতের ভিসা    মাওলানা আবু আবরার           ,Hate,Abusive,Society
meme_3537.jpg,"কোথায় যাচ্ছিস ??   মেট্রোতে করে কাজে যাবা !    জানিস না । এটা পশ্চিমবঙ্গ এখানে মন্ত্রি, মিনিষ্টার গুলো লোকের ক্ষতি করে নিজের সার্থের জন্য    যা, বোকাচোদা  এখনি গিয়ে মেট্রোর সামনে ধর্ণায় বস ",Hate,Abusive,Society
meme_3538.jpg,টাংগাইলের মির্জাপুর   ভারতের মির্জাপুর ,Hate,Abusive,Society
meme_3539.jpg,বাংলাদেশ এমন একটা দেশ ।    যে দেশে এক মগ খিচুড়ি দিতে সাত জন নেতা লাগে...।,Hate,Abusive,Society
meme_3540.jpg,"When your noakhailla wife says ""aajke goru fuck korsi"" but you can't find any gorur mangsho on the table ",Hate,Abusive,Society
meme_3541.jpg,আগে PLAYER মানে যা বুঝতাম    আর এখন ইদানিংকালে PLAYER মানে যা বুঝি !,Hate,Abusive,Society
meme_3542.jpg,Hat trick  করার আগে**    ওরাও কিন্তু পাকিস্তানি ! ম্যাচ হারা যাবে না ,Hate,Abusive,Society
meme_3543.jpg,ঢাকায় নাকি খুব বৃষ্টি হচ্ছে ? রাস্তাঘাটের কি অবস্থা ?  লন্ডন বানাতে যেয়ে বানিয়ে ফেলেছি ভেনিস  রাস্তায় হাটতে গেলেই ডুবে যাচ্ছে পেনিস ,Hate,Abusive,Society
meme_3544.jpg,INDIA !  YOU MISSED ME ?,Hate,Abusive,Society
meme_3545.jpg,babu hood ta uthay daw   babu : okay disi uthay   every bangali on the road:    Oije ora sex kortese,Hate,Abusive,Society
meme_3546.jpg,Extraction  দেখার পর সবাইঃ   বাঙালি একটা জিনিস পাইলে চুইদা ভোদাটার অবস্থা এমন করবো যেন মাথা ঢুকানো যায় ,Hate,Abusive,Society
meme_3547.jpg,দৈনিক পাকিস্তান   দৈনিক বাংলাদেশ ,Hate,Abusive,Society
meme_3548.jpg,জামাই দেখি ভুমিকম্প এক্সপার্ট  ! ,Hate,Abusive,Society
meme_3549.jpg,THE ONLY THING INDIA WON TODAY WAS      THE TOSS ! ,Hate,Abusive,Society
meme_3550.jpg,সেহেরি ৩ঃ৩০ !        কিন্তু ১২ টায় পুরা ইন্ডিয়া টিমরে খাইয়া শেষ করে দিসি !,Hate,Abusive,Society
meme_3551.jpg,"ডিয়ার বাংলাদেশ ,   কাপ জেতার আশা ছেড়ে দাও     এটা ভেবে খুশি হও যে, তোমরা ভারতের সাথে ফাইনাল খেলছো ",Hate,Abusive,Society
meme_3552.jpg,ঠিকভাবে ব্রাক্ষণবাড়িয়া বানান করার পর আমিঃ     শিল্পী  আমি  শিল্পী  ,Hate,Abusive,Society
meme_3553.jpg,টাংগাইলে আমার একটা প্রিয় জায়গা আছে  টাংগাইলের কই   কান্দাপাড়া চিনস ?    সালা তুই আমারে চিনস ? ,Hate,Abusive,Society
meme_3554.jpg,THE ONLY GOOD THING ABOUT    DHAKA'S EID  ,Hate,Abusive,Society
meme_3555.jpg,""" ধুমপান স্বাস্থ্যের জন্য ক্ষতিকর ""  বর্ণনা করা ব্যক্তি    দূষিত মিরপুরে বসবাস করায় Lung Cancer এ আক্রান্ত আমি  ",Hate,Abusive,Society
meme_3556.jpg," প্রশাসন , জনগন , ডাক্তার , সরকার       ব্রাক্ষ্মনবাড়িয়ার মানুষ   ",Hate,Abusive,Society
meme_3557.jpg,সিরিজ হারসি তো কি হইসে !! দুই ম্যাচে সবাই ব্যাটিং পাইসি !!,Hate,Abusive,Society
meme_3558.jpg,এমন এক জেলায় বসবাস করি     যেখানে কারেন্ট ছাড়া কোনো মেয়ে নাই ...,Hate,Abusive,Society
meme_3559.jpg,আমেরিকা যখন নিজ দেশের আইনশৃঙ্খলা বাহিনী মানবাধিকার লঙ্ঘন করে    আমেরিকা যখন অন্য দেশের আইনশৃঙ্খলা বাহিনী মানবাধিকার লঙ্ঘন করে   So you have chosen .... death ,Hate,Abusive,Society
meme_3560.jpg,ভেনিস     ভিনিস প্রো ম্যাক্স  লাইট ইত্যাদি ,Hate,Abusive,Society
meme_3561.jpg,* বাবু যখন উপনে এর থেকে ২ বিঘা জমি কিনে নিতে চায়*     উপেন:     It's all I've got ,Hate,Abusive,Society
meme_3562.jpg,west Indies    pakistan ,Hate,Abusive,Society
meme_3563.jpg,"When your noakhailla friend stays after eating : এটি যদি কোন আন্তর্জাতিক সম্প্রদায় জানতে পারে, তাহলে এইটা গিনেস বুক এ রেকর্ড হবে ",Hate,Abusive,Society
meme_3564.jpg,Loudest Things on Earth    A Barishailla Talking on his phone,Hate,Abusive,Society
meme_3565.jpg,HAPPY FATHER'S DAY  TO THE NEW DADDY OF INDIAN CRICKET TEAM,Hate,Abusive,Society
meme_3566.jpg,*Dhaka      Comilla*     Chittagong* ,Hate,Abusive,Society
meme_3567.jpg,USA: drone strikes Iran and kills military officer     IRAN :   announces revenge on USA      Pakistan : *surrenders*    Pakistan :     Sorry. Force of habit,Hate,Abusive,Society
meme_3568.jpg,ঢালিউড এর মুভিতে বাংলাদেশ    নেটফ্লিক্সের মুভিতে বাংলাদেশ ,Hate,Abusive,Society
meme_3569.jpg,গরম কালেও কাঁথা   গায়ে দেওয়া মানুষ*      শয়তান* ,Hate,Abusive,Society
meme_3570.jpg,No Caption ,Hate,Abusive,Society
meme_3571.jpg,BANGLADESH ! যেখানে পুলিশের আগে সাংবাদিকরা খবর পেয়ে চলে আসে !,Hate,Abusive,Society
meme_3572.jpg,বাবু খাইছো**  Bangladeshi   Avatar,Hate,Abusive,Society
meme_3573.jpg,On The Way to Chittagong    10 Minute পর কুমিল্লায় বাস থামবে     Finally বাস কুমিল্লায়  ,Hate,Abusive,Society
meme_3574.jpg,"ঐ দেখা যায় কলেজ গেট, ঐ আমাদের গাঁ ঐ খানেতে বাস করে নাগিনের ছা...",Hate,Abusive,Society
meme_3575.jpg,Padma Bridge Total Cost - 3.6 billion   Burj Khalifa Total Cost - 1.5 billion ,Hate,Abusive,Society
meme_3576.jpg,"আগে শুধু এক মাশরাফি ছিল !    আর এখন মাশরাফির সাথে মুস্তাফিজ, তাসকিন, রুবেল !",Hate,Abusive,Society
meme_3577.jpg,বিরাট 2019 world cup  এ তোরা আমাদের হারাতে পারবি না !  কেনো M.C ?   আমরা জঙ্গি সাপ্লাই করি তাই আমাদের world cup থেকে বাতিল করা হয়েছে ,Hate,Abusive,Society
meme_3578.jpg,"আমি তোমার ভালবাসার উচ্চতা এবং গভীরতা দেখতে চাই
সরাসরি বললেই তো হয় যে ব্রা প্যান্টি খুলো..।।",Hate,Abusive,Individual
meme_3579.jpg,"ও শাকি শাকি রে
CHANGE কর
ও টুম্পা সোনা
কি লাগাচ্ছিস এগুলো?
তোর কুন কুন জায়গায় ব্যাথা গো বান্ধবী ললিতা।
নাচ পাগলা নাচ।",Hate,Abusive,Individual
meme_3580.jpg,"বয়ফ্রেন্ডের বার্থডে আসছে.. কি গিফট দেয়া যায়?
লাগাতে দিয়ে দে...",Hate,Abusive,Individual
meme_3581.jpg,"পাত্রপক্ষ দেখতে আসবে বলে, স্যার এর কাছে আত্মীয় মারা যাওয়ার কথা বলে ছুটি নিয়ে ছিলাম!
পরে দেখি পাত্র আমার স্যার!",Hate,Abusive,Individual
meme_3582.jpg,"এমনভাবে তোমার সাথে হোলি
খেলতে চাই
",Hate,Abusive,Individual
meme_3583.jpg,"কাল তো প্রথম রাত ছিল, কতটা পানি বেরোল?
দিদি এতটা যে পুরো শহরের তৃষ্ণা মিটে যায়।
কখনও কখনও 2-3 বার এমনভাবেই বেরোবে।
হ্যাঁ দিদি, কাল রাতের কথা ভেবে ভেবে এখনও বেরোচ্ছে।",Hate,Abusive,Individual
meme_3584.jpg,"পাশের বাড়িতে ঝগড়া চলছিলো,
আমি গিয়ে বুজানোর পর এখন মারা'মারি চলতাছে।",Hate,Abusive,Individual
meme_3585.jpg,"কিছু কিছু মামনি বয়ফ্রেন্ডকে নিয়ে গর্ব করতে করতে
নিজেই গর্ভবতী হয়ে যায়!",Hate,Abusive,Individual
meme_3586.jpg,"টাকায় বাড়ে সুধ আর
ভালোবাসায় বাড়ে দৃ",Hate,Abusive,Individual
meme_3587.jpg,"দিদি এই পিম্পলের এর সমস্যা কিভাবে ঠিক করবো?
রাতে হাত মারাটা বন্ধ করে দে সব ঠিক হয়ে যাবে...",Hate,Abusive,Individual
meme_3588.jpg,"এতো সুন্দর মেয়ে এতো গালি দিতে পারে প্রথমবার দেখলাম...
কেনো গালি দিতে কি নু/নু লাগে",Hate,Abusive,Individual
meme_3589.jpg,"না পারিস বিশ্বকাপে, না পারিস কোপা আমেরিকায়, না পারিস ফ্রেন্ডলি ম্যাচে
পারিস তো খালি বাপ-দাদার রেখে যাওয়া সম্পত্তি নিয়ে ফুটানি মারতে....",Hate,Abusive,Individual
meme_3590.jpg,"তোকে যখনই জিজ্ঞেস করি তখনই বলিস তোর বয়ফ্রেন্ড নেই
তাহলে ঐগুলো এত বড় হচ্ছে কি করে?",Hate,Personal Offence,Individual
meme_3591.jpg,"কুত্তামরা গরম
কুত্তামরা শীত
কুত্তামরা বুটি
why always me",Hate,Abusive,Individual
meme_3592.jpg,"দাদু নিজের বাড়ি এবং ভাড়া বাড়ির মধ্যে পার্থক্য কি?
ভাড়া বাড়িতে পাদ দিতেও দশবার ভাবতে হয়
আর নিজের বাড়িতে লুঙ্গি উপরে করেও বি/চি চুলকানো যায়..",Hate,Abusive,Individual
meme_3593.jpg,"হ্যাঁ, জানি... ভিডিও তে দেখেছি...
আজকে আমাদের বাসররাত.... জানো তো কি কি করতে হবে?
কিন্তু ক্যামেরাম্যান কোথায়?...
তাহলে চলো.... শুরু করি..",Hate,Abusive,Individual
meme_3594.jpg,"নিচে দিয়ে কি যেন খোঁচা খোঁচা লাগছে
ওটা ছোট ভাই নিচে দিয়ে সুরসুরি দিচ্ছে",Hate,Abusive,Individual
meme_3595.jpg,"তুমি বললেই আমি তোমার কথায় উঠবস করব..
কিন্তু শুধুমাত্র ঘাটে...",Hate,Abusive,Individual
meme_3596.jpg,"নিজে জন্মদিনের কখনো কেঁদেছো?

Of course! নাহলে তো মরা বাচ্চা বলে ফেলে দিত",Hate,Abusive,Individual
meme_3597.jpg,"অনেক কষ্ট করে আমার ছেলেকে বড় করেছি, তুমি আমার ছেলেকে কষ্ট দেবে না..
আর আপনার ছেলে যে আমাকে প্রতি রাতে কষ্ট দেয় সেটা?",Hate,Abusive,Individual
meme_3598.jpg,"আমারে কুত্তা ডাকবা...
আর আমি Dogy Style এ করতে চাইলেই দোষ..!
",Hate,Abusive,Individual
meme_3599.jpg,"কিগো আরেকবার খেলো না...
এখনি তো এক সাথে ৩ রাউন্ড খেললাম...।।",Hate,Abusive,Individual
meme_3600.jpg,"কি গো আজকে হবে?
অসভ্য-ছোটলোক, এটা আমার বাপের বাড়ি, এখানে বিতিগ্রাফি ওসব হবে না! খিস্তিগ্রাফি
স্বামীঃ ওহ্! আর আমার বাড়িটা বুঝি সোনাগাছি?",Hate,Abusive,Individual
meme_3601.jpg,"আজকে আমার পাকা দেখা কালকে আমার বিয়ে..
পরশু আমি খাট কাঁপাবো সাত ইঞ্চি দিয়ে..",Hate,Abusive,Individual
meme_3602.jpg,"হ্যালো, কেমন আছো?
তুমি যেমন রেখে গেছো তেমন...
তার মানে এখনো... খালি গায়ে আছো?",Hate,Abusive,Individual
meme_3603.jpg,"সবাই পুরুষ জনন অঙ্গ একটা চিত্র অঙ্কন করো
স্যার, আপনার চেইন টা বন্ধ করুন... মেয়েরা টুকলি করছে....",Hate,Abusive,Individual
meme_3604.jpg,"আচ্ছা ঠাকুমা তোমাদের সময়ে একজনের এতগুলি বাচ্চা কি করে হত?
আমাদের সময়ে মুখে নেওয়ার অভ্যাস ছিল না তো তাই..!!",Hate,Personal Offence,Individual
meme_3605.jpg,"মা, তুমি ব্লাউজ এর মধ্যে টাকা কেনো রাখো ??
যাতে তোমার বাবা বুঝতে না পারে
মা তুমিও পারো কিন্তু, বাবা রোজ বাড়িতে কাজ করতে আসা মাসি-র ব্লাউজ সন্ধান করতে থাকে",Hate,Personal Offence,Individual
meme_3606.jpg,"৮"" সাইজের কনডম আছে?
আছে কোন কম্পানির দেবো?
দিতে হবে না, কেউ কিনতে এলে আমার ফোন নম্বরটা দিয়ে দেবেন তাকে!",Hate,Abusive,Individual
meme_3607.jpg,"ফুলশয্যার পরের দিন সকালে...
আমি ছাড়া তুমি কখনও কারুর সাথে শুয়েছো?
শুধু তোমার সাথেই শুয়েছি, বাকীরা তো তাড়াহুড়োয় দাঁড়িয়ে দাঁড়িয়েই..",Hate,Abusive,Individual
meme_3608.jpg,"এই কি করোস?
এইতো শুয়ে আছি, তুই।
আমিও।
আচ্ছা ক্লাসে আজকে নুনু দাড়াইয়া ছিল কেন রে?
ছিহ, কি বলিস এসব?তুই কিভাবে দেখলি!
নুরু*",Hate,Abusive,Individual
meme_3609.jpg,"মদ খেতে খেতে আপনার লিভার ফেল হয়ে গেছে
কত নম্বরের জন্য ফেইল করেছে?",Hate,Abusive,Individual
meme_3610.jpg,"জানোয়ার প্রেগন্যান্ট মহিলারা যা খায় তা তার বাচ্চার শরীরে লাগে..
তার মানে তোমার মাও আগে বিড়ি খেত?",Hate,Abusive,Individual
meme_3611.jpg,"বোঝার চেষ্টা করো..
আমার ফিজিক্যাল না হলে আমাদের সম্পর্কটা শক্ত হবে না.!!",Hate,Abusive,Individual
meme_3612.jpg,"কি হয়েছে?
কিছু নাহ!
আচ্ছা Sorry, আর কোনোদিন হবে না!
(জানিনা শালা কি ভুল করেছি)",Hate,Abusive,Individual
meme_3613.jpg,"তোমার কাছে গাড়ি আছে?
হ্যাঁ আছে
আজ রাতে দিবা?
হ্যাঁ কিন্তু গাড়ির কথা জিজ্ঞেস করছিলে কেন?",Hate,Abusive,Individual
meme_3614.jpg,"বেয়াদব ছেলে কোথাকার...
কি হল তুমিই তো বলেছিলে গাছ লাগাতে...
তাই বলে তুই গাঁজা গাছ লাগাবি...?",Hate,Abusive,Individual
meme_3615.jpg,"তোমাকে একটা কথা বলার ছিলো...!!
কি কথা... বলে ফেলো....
আমি না ছোটবেলায় খুব সাইকেল চালাতাম...",Hate,Abusive,Individual
meme_3616.jpg,"কিরে বান্ধবী... তোর স্বামী কি তোকে কোলে নেয়?
শুধু কি কোলে নেয়... কোলে নিয়ে তো প্রতিরাতে নাচায়...",Hate,Abusive,Individual
meme_3617.jpg,"আমি তোমাকে ভালোবাসি
কিন্তু আমি তো তোমার থেকে বয়সে বড়
তাহলে লাইট বন্ধ করে করবো...
লাইট বন্ধ করলে সব সমান...",Hate,Abusive,Individual
meme_3618.jpg,"খেতে চাই
কি খেতে চাও জান?
বিরিয়ানি
কুত্তার****
আবার কি হইলো?
তুই বলবি তোমাকে খাবো, আর আমি বলবো যাহ দুষ্টু",Hate,Abusive,Individual
meme_3619.jpg,"আচ্ছা মা, আমি কি পালিয়ে বিয়ে করবো? নাকি বিয়ে করে পালবো?
আমি কি ছেঁড়া জুতো দিয়ে মারবো? নাকি মারতে মারতে জুতো ছিঁড়বো?",Hate,Abusive,Individual
meme_3620.jpg,"এই নাও... দুধ খাও..
বিয়ের পরেও যদি গ্লাস থেকে দুধ খেতে হয় তাহলে বিয়ে করে লাভ কি?",Hate,Personal Offence,Individual
meme_3621.jpg,"মেয়েটার পোশাকের মাপ দেখেছো, কতটা পেট দেখা যাচ্ছে।
তুমি একদম ঠিক বলেছো, আজকালকার মেয়েগুলো নির্লজ্জ
",Hate,Abusive,Individual
meme_3622.jpg,"স্বামীর নাম মুখে নিতে লজ্জা লাগে,,
অথচ রাতের বেলায় স্বামীর পাখিটা মুখে নিতে লজ্জা লাগেনা..",Hate,Abusive,Individual
meme_3623.jpg,"বৌদি তোমার চা-টা খুব দারুণ হয়..!!
তোমার ও",Hate,Abusive,Individual
meme_3624.jpg,"তোকে যখনই জিজ্ঞেস করি তখনই বলিস তোর বয়ফ্রেন্ড নেই
তাহলে ঐগুলো এত বড় হচ্ছে কি করে?",Hate,Abusive,Individual
meme_3625.jpg,"অনেকে আবার চার আঙুল ঢুকিয়ে দেয়...
বোতল থেকে ঘি বের করার জন্য।",Hate,Abusive,Individual
meme_3626.jpg,"তোমার গার্লফ্রেন্ড ব্রা পড়েনা
সেটা তোমার হাতের ব্যর্থতা..।।",Hate,Abusive,Individual
meme_3627.jpg,"কি রে বান্ধবী তোর ফুলশয্যা কেমন কাটলো
আর বলিস না, প্রথমে কয়েকবার মিসকল দিল, তারপর যখন কল ঢুকলো তখন ব্যালেন্স শেষ..!",Hate,Abusive,Individual
meme_3628.jpg,"তোমার রেডি হতে এতো সময় লাগে কেন? আমি তো ২ মিনিটে রেডি হয়ে যাই!
ম্যাগী আর বিরিয়ানির মধ্যে পার্থক্য বোঝো?",Hate,Abusive,Individual
meme_3629.jpg,"ভাবতেই লজ্জা লাগে...
একদিন আমিও বরের সাথে খাটে খেলবো...",Hate,Abusive,Individual
meme_3630.jpg,"Sorry, স্বপ্নের মধ্যে তোমার অনুমতি না নিয়ে তোমাকে kiss করে ফেলেছি...
ধুর পাগল, শুধু kiss করলে হয় নাকি... ওইটাও করতে হয়..",Hate,Abusive,Individual
meme_3631.jpg,"এক্স এর কথা ভুলে গেছি..
কিন্তু একটার সাথে হওয়া সেক্স এর কথা বলতে পারিনি",Hate,Abusive,Individual
meme_3632.jpg,"আজ পেছন দিয়ে গাড়ি চালাবো,...
ছাড়ো..... আমার সকাল থেকে পেট খারাপ
তাহলে সামনে দিয়ে গাড়ি চলবো...",Hate,Abusive,Individual
meme_3633.jpg,"সারা বছর: গাজীর নৌকা পাহাড়তলী যায়
রমজান মাস: ছেড়ে দে নৌকা আমি যাব মদিনায়.",Hate,Religious,Individual
meme_3634.jpg,"শিক্ষক হিসাবে আমি
iআজ থেকে যে যার যার মালের সাথে বসবে...",Hate,Abusive,Individual
meme_3635.jpg,"আজকে আমাদের বাসর রাত, আমি ঘুমটা উঠাচ্ছি...
তুমি শুধু আমার জন্য তোমার ছোট ভাইকে উঠাও, এসব ফালতু কাম আমি নিজে করে নেব",Hate,Abusive,Individual
meme_3636.jpg,"কোন একটা ভালো পাসওয়ার্ড বলোতো?
আমার নু- নু""
লেখা আসছে, আপনার পাসওয়ার্ড অনেক ছোট আছে।।",Hate,Abusive,Individual
meme_3637.jpg,"ছেলেদের একটা বায়না ছোটো থেকে বড়ো অবধি একই থাকে,
""দুদু খাবো""",Hate,Abusive,Individual
meme_3638.jpg,"বৌদি, বাসর রাতে কি কি করতে হয়?
আরে পাগল তোর কিছু করতে হবে না যা করার ওই করবে তুমি শুধু পা দুটো উঠিয়ে রাখবি",Hate,Abusive,Individual
meme_3639.jpg,"গার্লফ্রেন্ডকে সাঁতার শিখানোর সময়..
গার্লফ্রেন্ড:
তুমি আমার নীচে আঙ্গুল ঢুকাচ্ছ কেন?
বয়ফ্রেন্ড :
তোমার দেখছি সামান্য জ্ঞান নেই, ফুঁটো দিয়ে জল ঢুকলে তুমি ডুবে যাবে তাই!",Hate,Abusive,Individual
meme_3640.jpg,"৮"" ""সাই সাইজের কনডম আছে?
আছে কোন কম্পানির দেবো?
দিতে হবে না, কেউ কিনতে এলে আমার ফোন নম্বরটা দিয়ে দেবেন তাকে!",Hate,Abusive,Individual
meme_3641.jpg,"বেবি তোমার একটা নেংটা ছবি দাও না দেখেই ডিলিট করে দেবো
না দেবো না, আমি জানি তুমি ফটোগুলি রেখে দাও আর রাতে এগুলি দেবে হ্যান্ডেল মার..",Hate,Abusive,Individual
meme_3642.jpg,"চুলকাই, খুবই চুলকাই...!!!
Freedom of expression
CHARLIE HEBDO
MUSLIMS RIGHTS
যখন মুসলমানদের উন্নতি চোখ",Hate,Religious,Individual
meme_3643.jpg,"তুমি তো জানো, আর যাই হোক আমার মনটা অনেক বড়ো
শুধু কি মনটা, আর ওইটা?",Hate,Abusive,Individual
meme_3644.jpg,"ঠাকুরমা তোমাদের সময় একজনের ৫/৬ টা করে বাচ্চা কিভাবে হত?
আমাদের সময় পেছন দিয়ে নেওয়ার নিয়ম ছিল না..!!",Hate,Abusive,Individual
meme_3645.jpg,"কি হলো বাচ্চা কান্না করছো কেন?... ওকে দুধ দাও
খাচ্ছে না তো...
খাচ্ছে না মানে? ও খাবে ওর বাবাও খাবে...",Hate,Abusive,Individual
meme_3646.jpg,"গার্লফ্রেন্ড:
উফ.... ছাড়ো ঝুলে যাবে..
বৌদি :
হাতে জোর নেই নাকি....আরো জোড়ে....!!",Hate,Abusive,Individual
meme_3647.jpg,"কিগো বললে যে বাপের বাড়ি চলে যাবে, গেলেনা?
গেছিলাম আধা রাস্তায় গিয়ে মনেপড়ল, তুইতো ঘর জামাই হারামজাদা",Hate,Abusive,Individual
meme_3648.jpg,"পেঁপে আঙ্গুল বের করে তোমার যন্ত্রটা ঢুকাও না...!!
ওইটা আঙ্গুল না বেবি ওইটাই আমার যন্ত্র..",Hate,Abusive,Individual
meme_3649.jpg,"কি বৌদি মন খারাপ? রাতে কি ঘুম হয়নি?
কি আর বলবো নান্টু, রাতে এদিকে ঘুরি তো ছেলে খায় দুধ, ওদিকে ঘুরি তোর দাদা মারে গু৮!",Hate,Abusive,Individual
meme_3650.jpg,"কালো মেয়ে বিয়ে করতে চায় না....
অথচ কালো বিড়াল ঠিকই চাটতে পারে...",Hate,Personal Offence,Individual
meme_3651.jpg,"ট্রেনে লেখা ছিল ম!হিলাদের কামরা,
শালা কামরানো তো দূরের কথা ঢুকতেই দিল না।",Hate,Abusive,Individual
meme_3652.jpg,"এভাবে কি দেখছো?
দেখছি তোমার মনটা কতো নরম...

আমার মন দেখে তোমার ধ/ণ নাড়া দিচ্ছে কেনো?",Hate,Abusive,Individual
meme_3653.jpg,"তোমার পেট টা খুব সুন্দর...!!
তো?
আমার বাচ্চাকে পেটে রাখবে?",Hate,Personal Offence,Individual
meme_3654.jpg,"I Love You মামনি
আমার জন্য মদ খাওয়া ছাড়তে পারবে
হ্যাঁ,, ছেড়ে দেবো
যে ছেলে মদ ছেড়ে দিতে পারে সে মেয়েও ছেড়ে দিতে পারে",Hate,Abusive,Individual
meme_3655.jpg,"বুঝলে বিবি, ?... টাকায় বার শুধ
আর ভালোবাসায় বারে দুধ",Hate,Personal Offence,Individual
meme_3656.jpg,"বুঝলে বিবি, ?... টাকায় বার শুধ
আর ভালোবাসায় বারে দুধ",Hate,Abusive,Individual
meme_3657.jpg,"রাতে তাড়াতাড়ি বাড়ি চলে এসো...
হ্যাঁ, তাড়াতাড়ি বাড়ি এসে যাতে সারারাত খেলতে পারি....",Hate,Abusive,Individual
meme_3658.jpg,"তুমি বিয়ে করে সংসার করার কথা ভাবছো,
আমি বিয়ে করে কোন স্টাইলে লাগাবো সেটা ভাবছি।",Hate,Abusive,Individual
meme_3659.jpg,"আচ্ছা,,, সকাল বেলায় মেয়েরা ঘুম থেকে উঠে চোেখ কোচলায় কেনো?
কারণ তাদের কোচলানের মতো বি*চি নেই..",Hate,Abusive,Individual
meme_3660.jpg,"তোমার হাতের মধ্যে কিছু তো একটা জাদু আছে...
কেনো বলতো?
এক মাসের মধ্যে ৩২ থেকে ৩৬ বানিয়ে দিয়েছো...",Hate,Abusive,Individual
meme_3661.jpg,"কেমন আছো জান?
কাল যেমন দেখে গেছো...
ওহ, এখনো ড্রেস খুলে শুয়ে আছো?",Hate,Abusive,Individual
meme_3662.jpg,"তোমার মনটা খুব নরম বৌদি...
আমার মন দেখে তোমার ধোন নিচে দিয়ে নাড়া দিচ্ছে কেন?",Hate,Abusive,Individual
meme_3663.jpg,"একটা প্রটেকশন দিন তো
কোন সময় সব সময় দাদা আসতো আজকে আপনি আসলেন?
অন্য সময় আমি বাড়িতে ছিলাম না আর আজকে তোমার দাদা বাড়িতে নেই
",Hate,Abusive,Individual
meme_3664.jpg,"তুমি নিচের চুল কি করে পরিষ্কার করো ??
খুর দিয়া আর তুমি?
দরকারই পরে না, আমার বউ এমন এমন কথা বলে যে নিচের চুল এমনিই জ্বলে যায়।।",Hate,Abusive,Individual
meme_3665.jpg,"আজ রাতে তোমাকে খাবো...
ছিঃ... তুমি কতো বাজে...
তা কখন খাবে?",Hate,Abusive,Individual
meme_3666.jpg,"তুই তোর বয়ফ্রেন্ড কে কিভাবে এত খুশি রাখিস?
এইভাবে....
আর এইভাবে....",Hate,Abusive,Individual
meme_3667.jpg,"কাল তো প্রথম রাত ছিল, কতটা পানি বেরোল?
দিদি এতটা যে পুরো শহরের তৃষ্ণা মিটে যায়।
কখনও কখনও 2-3 বার এমনভাবেই বেরোবে।
হ্যাঁ দিদি, কাল রাতের কথা ভেবে ভেবে এখনও",Hate,Abusive,Individual
meme_3668.jpg,"রান্না টা ও করতে পারিস না... বিয়ের পর বরকে কি খাওয়াবি
কেন আমার মধ্যে কি খাবারের অভাব আছে...
বর আমাকে খাবে ...",Hate,Abusive,Individual
meme_3669.jpg,"আর মাত্র দেড় মিনিট বাকি আছে,
ভাল্লাগেনা
খাইলে খাও না খাইলে নাই আজান দিয়া লামু!",Hate,Religious,Individual
meme_3670.jpg,"তুমি হাতটা শুধু ধরো..
আমি চুষে দেবো আরো...",Hate,Personal Offence,Individual
meme_3671.jpg,"আর একবার হবে নাকি?
এইবারে ওইটার জায়গায় আমার আত্মা বেরিয়ে আসবে..!!",Hate,Abusive,Individual
meme_3672.jpg,"সময় থাকতে খেয়ে নিও প্রিয়
কে জানে কোন দিন ব্রেকআপ হয়ে যায়..",Hate,Abusive,Individual
meme_3673.jpg,"আমি তোমাকে ভালোবাসি না...
তাহলে কি আমি এতদিন,, দুধ দিয়ে কালসাপ পুসেছিলাম?
দুধ যেমন খেয়েছি, কলাও তেমন দিয়েছি...",Hate,Abusive,Individual
meme_3674.jpg,"বাচ্চাকে ছয় মাস নিজের দুধ খাওয়াবে....
কথাটা আপনার ছেলেকে বলুন আপনার ছেলেই তো সব দুধ খেয়ে নেয়",Hate,Abusive,Individual
meme_3675.jpg,"আমারে কুত্তা ডাকবা...
আর আমি Dogy Style এ করতে চাইলেই দোষ..!",Hate,Abusive,Individual
meme_3676.jpg,"বাবা-মা মাসির বাড়ি ঘুরতে গেল বাড়ি পুরো ফাঁকা আছে তুমি আসবে নাকি?
বাড়িতেই যখন কেউ নেই! তখন শুধু শুধু ফাঁকা বাড়িতে এসে কি করব আমি!..
উকুন মারবি বা/ল",Hate,Abusive,Individual
meme_3677.jpg,"দুধ দিয়ে কাল সাপ পুষে ছিলাম!
সাপ কখনো ঋণ রাখে না"" দুধ যেমন খেয়েছি, কলা ও তেমন দিয়েছি!",Hate,Abusive,Individual
meme_3678.jpg,"আমার খুব ভয় করছে..
প্রথমবার বাসর রাতে এমন একটু ভয় করে..
প্রথমবার রাতে করছি তো তাই ভয় করছে...",Hate,Abusive,Individual
meme_3679.jpg,"বাবা তুমি কনডম কিনে আনলে কেন?
যাতে তোর সম্পত্তির আর কোন ভাগ না হয়..!!
",Hate,Abusive,Individual
meme_3680.jpg,"এমা! তোমার নু/নুতে পক্স হলো কিভাবে?
এটা dotted condom অশিক্ষিত, পক্স নয়!",Hate,Abusive,Individual
meme_3681.jpg,"প্রতিবেশী ভাই :
দাদা একটু আস্তে লাগান, আমি ঘুমাতে পারছি না।
দাদা :
কিন্তু আমি তো এখন অফিসে!",Hate,Personal Offence,Individual
meme_3682.jpg,"মোটামুটি সবখানেই বসতে পারি..
এখন শুধু মুখে বসাটা শিখতে হবে..",Hate,Abusive,Individual
meme_3683.jpg,"বিশ্বাস করো শাড়িতে তোমাকে অনেক ভালো লাগে...
কেন, খুলতে সুবিধা হয় বলে?",Hate,Personal Offence,Individual
meme_3684.jpg,"সব পুরুষ মানুষ এক রকম হয়...!!
কি বলছো তুমি?
ঠিকই বলছি... সব পুরুষ এক রকম হয়... সব কয়টা শয়তান
তাহলে তোমার কি দরকার ছিল... সব পুরুষকে টেস্ট করার..??",Hate,Abusive,Individual
meme_3685.jpg,"এখনো যে রান্না করতে পারিস না বিয়ের পর বরকে কি খাওয়াবি?
কেন বর আমাকে খাবে..",Hate,Abusive,Individual
meme_3686.jpg,"খাবোনা দুধ দুধ খেতে গেলে বিড়ি বিড়ি গন্ধ বেরোয় বমি পায়
দুধ খাবে চলো মা ডাকছে",Hate,Abusive,Individual
meme_3687.jpg,"আজ কালকের ভালোবাসা মানেই
পুকুর কে করবে খাল আর তিলকে করবে তাল",Hate,Abusive,Individual
meme_3688.jpg,"তোমার জন্য দুধ এনেছি ...
কোথায়, দেখছি না তো...
এই নাও...",Hate,Abusive,Individual
meme_3689.jpg,"১টা ডিম কত টাকা?
৭ টাকা...
পাশের দোকানে তো ২৫ টাকা।
ওর মুরগির চরিত্র ভালো না..",Hate,Abusive,Individual
meme_3690.jpg,"বাবু আর পারছি না..!!
আর কিছুদিন হাত দিয়ে কাজ চালাও..!!",Hate,Abusive,Individual
meme_3691.jpg,"আচ্ছা এখন রাখছি বৌদি চেচাচ্ছে..
তোমার দাদাকে বলো আস্তে দিতে
যাহ... দুষ্টু ...ভাত খেতে ডাকছে",Hate,Abusive,Individual
meme_3692.jpg,"তুমি কি চাও বলতো?
আমি তোমাকে Kiss করতে চাই..
স্বপ্নেও এই কথা ভেবো না...
স্বপ্নে তো তোমার সাথে আরো অনেক কিছু করে ফেলেছি...",Hate,Abusive,Individual
meme_3693.jpg,"একি, আজকে আমাদের বাসররাত, তুমি আগে থেকেই শাড়ি খুলে ফেলেছো?
একটু পরেই তো তুমি সব খুলে ফেলবে...তাই আগে থেকে তোমার কাজ সহজ করে রেখেছি...",Hate,Abusive,Individual
meme_3694.jpg,"৮"" সাইজের কনডম আছে?
আছে কোন কম্পানির দেবো?
দিতে হবে না, কেউ কিনতে এলে আমার ফোন নম্বরটা দিয়ে দেবেন তাকে!",Hate,Abusive,Individual
meme_3695.jpg,"ও বৌদি বলি মেঝেতে কি পড়ে আছে?
ওটা কনডম রে, তোর বর তোকে আদর করে না?
হ্যাঁ সে তো করে তবে এতো জোরে করে না যাতে নু/নুর ছাল উঠে যায়!",Hate,Abusive,Individual
meme_3696.jpg,"হোলিতে এক পেগ মদ খাওয়া পর দেয়র:
বৌদি কিধার হে....",Hate,Abusive,Individual
meme_3697.jpg,"ক্লাস ৬ এর মেয়ে স্ট্যাটাস দিছে প্রয়োজনে
আমাকে খাও তাও সিগারেট খেও না।",Hate,Abusive,Individual
meme_3698.jpg,"প্রতিবেশী ভাই :
দাদা একটু আস্তে লাগান, আমি ঘুমাতে পারছি না।
দাদা :
কিন্তু আমি তো এখন অফিসে!",Hate,Abusive,Individual
meme_3699.jpg,"দুর খেলে যদি বুদ্ধি বাড়তো, তাহলে বিবাহিত পুরুষরা সবচেয়ে বেশি বুদ্ধিমান হতো ।।",Hate,Abusive,Individual
meme_3700.jpg,"পুরো গালি টা না লিখে তার মধ্যে
*****"" দিলে কি পাপ কমে যায়?",Hate,Abusive,Individual
meme_3701.jpg,"আজ কালকের ভালোবাসা মানেই
পুকুর কে করবে খাল.....আর তিলকে করবে তাল",Hate,Abusive,Individual
meme_3702.jpg,"হাত ধরার দায়িত্ব তোমার...
আর পা কাঁধে তোলার দায়িত্ব আমার",Hate,Abusive,Individual
meme_3703.jpg,"এই নাও তোমার এনার্জি ড্রিংক...
বাসর রাতে দুধের বদলে তুমি এনার্জি ড্রিংক আনলে কেন?
দুধ তো আমি খাইয়েই দেবো... কিন্তু এনার্জির যেন কোনো কমতি না হয়..!!",Hate,Abusive,Individual
meme_3704.jpg,"তুমি আমার সাথে ব্রেকআপ করতে চাইছো কেন?
পলিথিন গেট না খুলতে পেরে ছিঁড়ে ফেলো তুমি তাহলে আমার ব্রা খুলবে কিভাবে?",Hate,Abusive,Individual
meme_3705.jpg,"তুমি আমাকে একটুও গুরুত্ব দাও না..
S*x ভিডিও থামিয়ে সবার আগে তোমার মেসেজের রিপ্লাই দেই আর বলছো তোমাকে গুরুত্ব দেই না...!",Hate,Abusive,Individual
meme_3706.jpg,"জানিস বান্ধবী, আমি প্রেগন্যান্ট
কিন্তু তোকে দেখে তো প্রেগন্যান্ট লাগছে না
লাগবে কি করে,, একঘন্টা আগেই তো খেলা হলো",Hate,Abusive,Individual
meme_3707.jpg,"উঠাও
কি উঠাবো?
ঘোমটা আবার কি!
না আমি ভাবলাম দুই পা",Hate,Personal Offence,Individual
meme_3708.jpg,"চলনা করি...
প্রটেকশন এনেছো?
একটা কাজ করো.. একদম
লেমিনেশন করিয়ে নাও... তোমার তো
বার বার ইচ্ছে করে..!!",Hate,Abusive,Individual
meme_3709.jpg,"তুমি ঘুমাতে ভালোবাসো ভালো কথা...
তাই বলে তুই সবার সাথে ঘুমাবি?",Hate,Abusive,Individual
meme_3710.jpg,"আরেকবার করো না...
আরেকবার করলে ঐটার জায়গায় আমার আত্মা বেরিয়ে আসবে...!!",Hate,Abusive,Individual
meme_3711.jpg,"কিরে বন্ধু তোর বাসর রাত কেমন কাটলো বললি না
আর বলিসনা বন্ধু, জীবনে প্রথম চোখের সামনে লেং টা মেয়ে দেখে পাঁচবার হ্যান্ডেল মেরেছে...!!",Hate,Abusive,Individual
meme_3712.jpg,"আরেকবার করো না...
আর পারবো না... পেট্রোল শেষ হয়ে গেছে..।।
তুমি শুধু শুরু করো পেট্রোল আমি ভরে দেবো",Hate,Abusive,Individual
meme_3713.jpg,"আয় আয় চাঁদ মামা
টিপ দিয়ে আহহহহ२२२२२२२२२...",Hate,Abusive,Individual
meme_3714.jpg,"আমাদের বাড়িতে চলো আজকে তোমাকে আমার মায়ের হাতে বানানো একটা জিনিস খাওয়াবো
কি বানিয়েছে তোমার মা?
আমাকে..",Hate,Personal Offence,Individual
meme_3715.jpg,"তোমার সাথে প্রেম করার চেয়ে গরুর সাথে প্রেম করলে ভাল ছিলো...!!!
অন্তত দুধ তো দিত",Hate,Personal Offence,Individual
meme_3716.jpg,"তোমার চেইন খোলা....
এটা দেখে তোমার মুখে জল আসছে কেন বৌদি?",Hate,Abusive,Individual
meme_3717.jpg,"দেখতো দুধটা উতলে পড়ছে কিনা?
উফফ... উতলে উতলে পড়ছে গো..।।
বোকাচোদা আমি রান্নাঘরে দেখতে বললাম",Hate,Abusive,Individual
meme_3718.jpg,"ডাক্তার বাবু, আমার বর অনেক দুর্বল আছে..!
তাহলে একে খাওয়াও রোজ...!
রোজই খাওয়াচ্ছি, কিন্তু ইনি দুধ খায় কম আর টিপে বেশি।।",Hate,Abusive,Individual
meme_3719.jpg,"বেবি, তোমার মনটা খুব নরম...
হাত সরা বা/ল ওইটা মন না..!!",Hate,Abusive,Individual
meme_3720.jpg,"আগে তুমি কিনে আনো চকলেট ফ্লেভার এর ছাতা
বৌদি তোমার বুকে ত রাখবো আমার মাথা।
বৌদি আমি ভীতু ছেলে ভয় আছে মোর জানে
হতচ্ছাড়া এসব বলেই আগেরবারে ফেলেছিলি ওইখানে।",Hate,Abusive,Individual
meme_3721.jpg,"""Love"" কি হয় ??
""L"" ধরে রেখে ""O"" কে টিপে ""V"" এ ঢুকিয়ে..... যখন ""E"" এর আওয়াজ আসবে তখন তাকে ""Love"" বলে।।",Hate,Abusive,Individual
meme_3722.jpg,"স্যার মুততে যাবো?
যা, তাড়াতাড়ি আসবি
স্যার আমিও মুততে যাবো..
মুততে যাবো আবার কি?
তোদের মুখ দিয়ে কি প্রসাব বের হয় না?
না স্যার, আপনার বের হয়?",Hate,Abusive,Individual
meme_3723.jpg,"করতে পারবা?
পারবো না কেনো...একটু পরেই দেখবা ভেড়ার মতো চিল্লাবা..",Hate,Abusive,Individual
meme_3724.jpg,"আমি এর আগে কখনো বিয়ে করিনি.... আমি জানিনা বাসর রাতে কি কি করতে হয়...
তোমার কিছু করতে হবে
না....তুমি শুধু পা গুলো আমার কাধে তুলে দিও",Hate,Abusive,Individual
meme_3725.jpg,"তোমার প্রেমে আমি ডুবে যেতে চাই..
ধুর পাগলী, এতোটা বের হয় নাকি?
",Hate,Abusive,Individual
meme_3726.jpg,"একটা জাপানী তেল দিন তো
এই বয়েসে একটাতে কাজ হবেনা দাদু আরো লাগবে
না বাবা আমার বেশি খাড়া করার দরকার নেই, খালি হিসু করার সময় যাতে জুতোতে না পরে তাই এই ব্যবস্থা!",Hate,Abusive,Individual
meme_3727.jpg,"তোমার চেইন খোলা....
এটা দেখে তোমার মুখে জল আসছে কেন বৌদি?",Hate,Personal Offence,Individual
meme_3728.jpg,"জানিস বান্ধবী, আমি প্রেগন্যান্ট
কিন্তু তোকে দেখে তো প্রেগন্যান্ট লাগছে না ...
লাগবে কি করে,, একঘন্টা আগেই তো খেলা হলো",Hate,Abusive,Individual
meme_3729.jpg,"বৌদি কেমন ফিটিংস করব ব্লাউজ টা?
এমন টাইট করো যাতে পাশের বাড়ির কাকু ও আমায় দেখে হ্যান্ডেল মারে।।",Hate,Abusive,Individual
meme_3730.jpg,"আগে সিগারেট খেতাম
মাসি বলল, প্রেম করে নে, প্রেমিকা সিগারেট ছাড়িয়ে দেবে
প্রেম করার দু মাস পর ব্রেকআপ হয়ে গেল, এখন আমি মদ, গাঁজা, বিড়ি সব খাই",Hate,Abusive,Society
meme_3731.jpg,"""Love"" কি হয় ??
""L"" ধরে রেখে ""O"" কে টিপে ""V"" এ ঢুকিয়ে....
যখন ""E"" এর আওয়াজ আসবে তখন তাকে ""Love"" বলে।।",Hate,Abusive,Society
meme_3732.jpg,"স্কুলে বলছে XXX হলো রোমান সংখ্যা
বাসায় এসে গুগলে সার্চ করে দেখি রোমানরা কাপড় পড়ে না",Hate,Abusive,Society
meme_3733.jpg,"Bf:
কাল থেকে আমরা আর ওখানে দেখা করবো না
Gf:
কেন?
Bf:
তোমার পাড়ার ছেলেগুলো খুব হারামি, পেছনে কুকুর লাগিয়ে দিয়ে বলে, প্যায়ার কিয়া তো ডরনা ক্যায়া ?",Hate,Abusive,Society
meme_3734.jpg,ছোটবেলায় ভাবতাম টুনটুনি শুধু হি/সু করার জন্য,Hate,Abusive,Society
meme_3735.jpg,"বৌদির বাসর রাতে কি কি করতে হয়?
তোমার কিছু করতে হবে না যা করার ওই করবে, তুমি শুধু পা গুলো তার কাঁধে তুলে দিও",Hate,Abusive,Society
meme_3736.jpg,"এই নাও তোমার জন্য দুধ এনেছি খেয়ে নাও...
আজকেও যদি গ্লাস দিয়ে দুধ খেতে হয় তাহলে বিয়ে করে লাভ কি....",Hate,Abusive,Society
meme_3737.jpg,"কি গো,, কোথায় আছো?
এইতো বাড়ির পাশেই....
আচ্ছা শুনো আসার
সময় ফার্মেসি হয়ে এসো...
রাতে খেলা হবে..
সত্যি?....
এখনি আসছি...",Hate,Abusive,Society
meme_3738.jpg,"আমি তোমার ভালবাসার উচ্চতা এবং গভীরতা দেখতে চাই...
সরাসরি বললেই তো হয় যে ব্রা প্যান্টি খুলো..।।",Hate,Abusive,Society
meme_3739.jpg,"শুধু জড়িয়ে ধরলে হয় না..!!
ঠিক সময়ে জোরে জোরে ঠাপাতেও হয়...!!",Hate,Abusive,Society
meme_3740.jpg,"বন্ধু তুমি একা হলে আমায় দিও ডাক...
তুমি আমি করবো খেলা আজকে সারারাত",Hate,Abusive,Society
meme_3741.jpg,"বাবু ভিডিও কল করি?
দাঁড়াও আমি সেভ করে আসছি...
সেভ করবে কেন?
ভিডিও কলে তুমি কি শুধু মুখ দেখবা?",Hate,Abusive,Society
meme_3742.jpg,"কিরে বন্ধু তোর বাসর রাত কেমন কাটলো বললি না..
আর বলিসনা বন্ধু, জীবনে প্রথম চোখের সামনে লেং* টা মেয়ে দেখে পাঁচবার হ্যান্ডেল মেরেছে...!!",Hate,Abusive,Society
meme_3743.jpg,"চলনা সেক্স করি...
কিন্তু আমি তো দাঁড়াতে পারিনা...
তোমার দাড়াতে হবে না তোমারটা দাঁড়ালেই হবে..",Hate,Abusive,Society
meme_3744.jpg,"বেশি বড়লোক হওয়ার প্রয়োজন নেই..
ভালো করে ওইটা করতে পারলেই হবে...",Hate,Abusive,Society
meme_3745.jpg,"কি হলো এত চুপচাপ কথা বলছো না যে?
দুর্যোগে গ্লাস দিয়েই খাও তাহলে বিয়ে করেছিলে কেন?",Hate,Abusive,Society
meme_3746.jpg,"বর্তমান যুগে মু/তার জায়গা গু/তা দেওয়ার নামই
প্রকৃত ভালোবাসা",Hate,Abusive,Society
meme_3747.jpg,"একবার লাগাতে দাও না...
দেবো.. কিন্তু একটা শর্ত আছে...
কি শর্ত?
ব্যথা যতই হোক... গতি যেনো না কমে..",Hate,Abusive,Society
meme_3748.jpg,"ঠাকুমা,, তোমাদের সময়ে একজনের এতজন সন্তান কিভাবে হতো?
কারণ আমাদের সময়ে মুখে নেওয়ার অভ্যাস ছিলনা...",Hate,Abusive,Society
meme_3749.jpg,"মাথাটা খুব ব্যথা করছে... একটু টিপে দিবে?
তোমার বুক ব্যথা করে না?",Hate,Abusive,Society
meme_3750.jpg,"রাত 12 টা বাজলে ঘড়ির একটা কাটা আরেকটার উপর উঠে যায়..
আর আমরা তো মানুষ...",Hate,Abusive,Society
meme_3751.jpg,"তোমার দাদা বাড়িতে নেই চলে আসো...
কিন্তু দাদা তো বাইরে দিয়ে তালা মেরে যায়...
ইচ্ছা থাকলে জানালা দিয়েও কাজ সারা যায়",Hate,Abusive,Society
meme_3752.jpg,"কি ব্যাপার বউমা তুমি কি তরকারি রান্না করতে পরো না? সবসময় দেখি পুড়ে যায়.!
এটা আমাকে না বলে আপনার ছেলেকে বলুন, আমি তো ওকে বারবার বলি ছাড়ো তরকারি টা পুড়ে যাবে কিন্তু সে না ছাড়লে আমি কি করবো.?",Hate,Abusive,Society
meme_3753.jpg,"একি, গ্যাস সিলিন্ডার তুলতে অসুবিধা হয়, এদিকে আমাকে তুলে নিয়েছো কিভাবে?
গ্যাস সিলিন্ডারের তো আর দুটো পাকা ফল নেই..",Hate,Abusive,Society
meme_3754.jpg,"আজ পিছন দিয়ে গাড়ি চালাবো...!!
ছাড়ো... সকাল দেখে আমার পেট খারাপ..",Hate,Abusive,Society
meme_3755.jpg,"বলতো এমন কোন জায়গা আছে যেখানে মেয়ে এবং ছেলে উভয়েরই চুল কোঁকড়া থাকে....?
ছিঃ..ছিঃ.. কত বাজে চিন্তাভাবনা তোমার..
বাজে চিন্তাভাবনা তোর আছে,,, আমি তো আফ্রিকার কথা বলছিলাম...",Hate,Personal Offence,Society
meme_3756.jpg,"আয় আয় চাঁদ মামা....
টিপ দিয়ে আহহহহ२२..",Hate,Abusive,Society
meme_3757.jpg,"কেউ লাগিয়ে মজা পায়...
আর কেউ দেখিয়ে!",Hate,Abusive,Society
meme_3758.jpg,"আমার উপর থেকে উঠো.... আমার ঘুম পাচ্ছে..
তুমি ঘুমিয়ে যাও... শুধু তোমার টা জাগিয়ে রাখো...",Hate,Abusive,Society
meme_3759.jpg,"সারাদিন অপেক্ষা করে রাতে একটু কথা হবে...
কিন্তু রাতে হয় ""খেলা""...",Hate,Abusive,Society
meme_3760.jpg,"Control কাকে বলে
সেটা পানুর ক্যামেরা-ম্যান এর কাছ থেকে শেখা উচিত!",Hate,Abusive,Society
meme_3761.jpg,"যদি তোকে কোনো ছেলে নূপুর দেয় তাহলে ভেবে নিবা...
ওই তোর পা নিজের কাঁধে উঠিয়ে ওটার আওয়াজ শুনতে ইচ্ছুক।।",Hate,Abusive,Society
meme_3762.jpg,"রাত 12 টা বাজলে ঘড়ির একটা কাটা আরেকটার উপর উঠে যায়..
আর আমরা তো মানুষ...",Hate,Abusive,Society
meme_3763.jpg,"বুঝলি বন্ধু, স্বপ্নদোষ এমন এক জিনিষ..!
পাশের বাড়ির বৌদিকেও পর্যন্ত ছাড়ে না..",Hate,Abusive,Society
meme_3764.jpg,"তুমি কাল রাতে ঘুমের মধ্যে আমাকে গালি দিচ্ছিলে?
এটা তোমার ভুল ধারণা..
কোনটা ভুল ধারণা?
এই যে আমি ঘুমিয়েছিলাম...",Hate,Abusive,Society
meme_3765.jpg,"তোমার সাথে প্রেম করার চেয়ে গরুর সাথে প্রেম করলে ভাল ছিলো...!!!
অন্তত দুধ তো দিত",Hate,Abusive,Society
meme_3766.jpg,"পাঁচ রাউন্ড খেলার পর
বাবাগো আত্মা টা বেড়িয়ে আসবে মনে হচ্ছে...
আরো দুই রাউন্ড হলে ভালো লাগতো",Hate,Abusive,Society
meme_3767.jpg,"বৃষ্টি হলে মাঠের খেলা বন্ধ হয়ে যায়...
আর খাটের খেলা শুরু হয়ে যায়..!!",Hate,Abusive,Society
meme_3768.jpg,"বন্ধু তুমি একা হলে আমায় দিও ডাক
তোমার সাথে করবো খেলা.. আমি সারারাত..",Hate,Abusive,Society
meme_3769.jpg,"তোমার রেডি হতে এতো সময় লাগে কেন? আমি তো ২ মিনিটে রেডি হয়ে যাই!
ম্যাগী আর বিরিয়ানির মধ্যে পার্থক্য বোঝো??",Hate,Abusive,Society
meme_3770.jpg,"কি হলো এভাবে কি দেখছো?
তোমাকে দেখলেই আমার সাত-ইঞ্চিটা কেঁপে উঠে",Hate,Abusive,Society
meme_3771.jpg,"স্বামীর নাম মুখে নিলে দোষ
অথচ স্বামীরটা মুখে নিলে কোন দোষ নেই...",Hate,Abusive,Society
meme_3772.jpg,"আমি তোমাকে ভালোবাসি...
কিন্তু আমি তোমার থেকে বয়সে বড়
আচ্ছা আমি তাহলে লাইট বন্ধ করে রাখবো...
তখন সব সমান",Hate,Abusive,Society
meme_3773.jpg,"সিনেমা টা কি দারুন তাইনা?
নিচের থিয়েটারে আগুন লেগে আছে আর এই বোকা*দা সিনেমা দেখতে ব্যস্ত।",Hate,Abusive,Society
meme_3774.jpg,"আপনার বরকে প্রতিদিন দুধ খাওয়াবেন...
হারামজাদি খায় কম টিপে বেশি...",Hate,Abusive,Society
meme_3775.jpg,"বাবা আমি ঠাকুমাকে বিয়ে করবো..!!
চুপ কর হারামজাদা... ওইটা আমার মা হয়...
আর তুমি যে আমার মাকে বিয়ে করেছ তখন?",Hate,Abusive,Society
meme_3776.jpg,"সিগারেট একটি ক্ষতিকারক নেশা,
তাই এতে আগুন ধরিয়ে টেনে শেষ করে দিয়েছি..",Hate,Abusive,Society
meme_3777.jpg,"বাবাজীবন, অনেকদিন পর বাড়িতে এলে... চা খাবে না কোল্ড ড্রিঙ্কস খাবে?
যতক্ষণ চা না বানানো হচ্ছে, তখক্ষণ কোল্ড ড্রিঙ্কসই নিয়ে আসুন, ওটাই খায়..
তুমি বড্ড হারামী আছো, বাবাজীবন",Hate,Abusive,Society
meme_3778.jpg,"বাবু, আজকে রাস্তায় আমার পার্স চুরি হয়ে গেছে
কিন্তু তুমি তো নিজের পার্স নিজের ব্লাউজ এর মধ্যে রাখো।।
কিন্তু আমি তো জানতাম না ওইটা চোর ছিল..!!",Hate,Abusive,Society
meme_3779.jpg,"তোমরা যাদের ছেলে বেস্ট ফ্রেন্ড বলো,
আমাদের ঠাকুমারা তাদের নাং বলতো!",Hate,Abusive,Society
meme_3780.jpg,"একটা মাথার বালিশ জানে মেয়েদের দুঃখের কথা
আর একটা পাশবালিশ জানে একটা ছেলের উত্তেজনার কাহিনী!",Hate,Abusive,Society
meme_3781.jpg,"বিশ্বাস কর ভাই,
বিশ্বের সবচেয়ে অপ্রয়োজনীয় জিনিস ছেলেদের দুদু!",Hate,Abusive,Society
meme_3782.jpg,"বলতো কোথায় য় সবচেয়ে সবচেয়ে বেশি বেশি S*x S*x হয় হয়?
বেডরুমে.!! আর কোথায় ....
ছেলেদের মাথায়...
আমার তো দুইটা বাচ্চাও আছে..",Hate,Abusive,Society
meme_3783.jpg,"আমার মন অনেক বড়...!!
আমি জানি এর জন্যই তো তোমার জন্য 38 সাইজের ব্রা কিনে এনেছি",Hate,Abusive,Society
meme_3784.jpg,"মেয়েদের গালে 'ব্রন' বেরোলে স্ক্রিনের সমস্যা
আর ছেলেদের গালে 'ব্রন' বেরোলে সালা পাক্কা রোজ হ্যান্ডেল মারে...!!",Hate,Abusive,Society
meme_3785.jpg,"বিয়ের জন্য একটা পারফেক্ট ছেলে কোথায় পাবো..??
বিয়ে করার জন্য পারফেক্ট হওয়া জরুরি না, ওরটা খাড়া হওয়া জরুরি..",Hate,Abusive,Society
meme_3786.jpg,"বৌদি এত রাতে তুমি এখানে কি করছো?
তোমার দাদার পেট্রোল শেষ হয়ে গেছে তাই তোমার কাছে পেট্রোল ভরতে এসেছে",Hate,Personal Offence,Society
meme_3787.jpg,"আজ সারারাত গাড়ি চালাবো
পারবা না...
কেনো?
তেল শেষ হয়ে যায়... রাস্তা না..",Hate,Abusive,Society
meme_3788.jpg,"Johnny Sins কে চেনো?
না আমি ওইসব পানু টানু দেখি না",Hate,Abusive,Society
meme_3789.jpg,"কি হলো মুখে নাও
কিন্তু আজতো আমার নিরামিষ, মাংস মুখে নিতে পারবোনা
ধুর পাগলি কলা তো নিরামিষ হয়",Hate,Abusive,Society
meme_3790.jpg,"আচ্ছা ঠাকুমা তোমাদের সময়ে একজনের এতগুলি বাচ্চা কি করে হত?
আমাদের সময়ে মুখে নেওয়ার অভ্যাস ছিল না তো তাই...!!",Hate,Abusive,Society
meme_3791.jpg,"Ex এর কথা ভুলে গেছি
কিন্তু এক্স এর সাথে S*x এর কথা বলতে পারিনি",Hate,Abusive,Society
meme_3792.jpg,"আমি অন্য মেয়েদের মতো না...
কেনো তুমি মুতলে কি বিয়ার বের হয়?",Hate,Abusive,Society
meme_3793.jpg,"আমাকে নিয়ে কি স্বপ্ন দেখো তুমি?
তোমাকে নিয়ে কোন স্বপ্ন দেখি না.. তোমাকে নিয়ে স্বপ্ন দেখলেই আমার স্বপ্নদোষ হয়..!!",Hate,Abusive,Society
meme_3794.jpg,"S€x কে S€x বলতে শেখো,
লাগালাগি, ঠাপাঠাপি, পকপক এইসব কোন ধরণের ভাষা!",Hate,Abusive,Society
meme_3795.jpg,"আহহ একটু ঠেলো আহহ একটু পিছিয়ে বাঁ দিকে ঠেলো আহহ একটু উপরে তুলে ঠেলো আহহ একটু নিচে নামও আহহ উহহহ আহহ এবারে ঠিক আছে..
খাম/কি মাড়ি আমায় দিয়ে গু/চ মারাচ্ছিস নাকি গাড়ি পার্কিং করাচ্ছিস?",Hate,Abusive,Society
meme_3796.jpg,"রাতের বেলা থেকেই বিয়ের আংটি খুঁজে পাচ্ছি না !!
ভালো করে দেখো তোমার ভিতরেই হবে।।
",Hate,Abusive,Society
meme_3797.jpg,"একটা Condom দিন তো...
তুমি পাল বাবুর মেয়ে না?

আংকেল আমি তো Condon চাইছিলাম..!!",Hate,Abusive,Society
meme_3798.jpg,"একি? এইটা দিয়ে এত কম মাল বেরোয় কেনো?
হারাম*দি এইট বা/ড়া... ঝর্না নয়..!!",Hate,Abusive,Society
meme_3799.jpg,"মা, আমি গর্ভবতী।
কি, কিন্তু কিভাবে এসব ঘটল?
দুর্ঘটনা! কালমুহি,
এটি একটি দুর্ঘটনা ছিল?? রাস্তায় হাঁটার সময় কি",Hate,Abusive,Society
meme_3800.jpg,"বাবু, কিছু হবেনা তো...???
না সোনা, কিছু হবে না...!!!
30 মিনিট পর :
বাবু প্লিজ এটাকে আরো ভিতরে ঢুকাও না...!!",Hate,Abusive,Society
meme_3801.jpg,"তোমার কথায় উঠ-বস করব...
কিন্তু শুধুমাত্র খাটে...",Hate,Abusive,Society
meme_3802.jpg,"বাবু, কিছু হবেনা তো...???
না সোনা, কিছু হবে না...!!!
30 মিনিট পর :
বাবু প্লিজ এটাকে আরো ভিতরে ঢুকাও না...!!",Hate,Abusive,Society
meme_3803.jpg,"ফ্রেন্ডশিপ যত গভীর হয়
চ্যাটিং তত অশ্লীল হয়!",Hate,Abusive,Society
meme_3804.jpg,"হানিমুনের জন্য গ্রীস কেমন হবে।
কেন সরিষার তেলে কি সমস্যা।",Hate,Abusive,Society
meme_3805.jpg,"তোমার জীবনের অ্যাচিভমেন্ট কি?
বিড়ি খাওয়া বন্ধুদের সাথে থেকেও বিড়ি খাওয়া শিখি নি",Hate,Abusive,Society
meme_3806.jpg,"বাবু গাড়ি থামাও, করবো
আরে গাড়িতে কিভাবে করবো
আমি হিসু করার কথা বলেছি",Hate,Abusive,Society
meme_3807.jpg,"কি হলো কাঁদছো কেনো?
বোকা*দা ঝাল মাংস খেয়ে হাত টাও ভালো করে ধূস নি, অমনি আঙ্গুল ঢুকিয়ে দিলি",Hate,Abusive,Society
meme_3808.jpg,"মা, আমি গর্ভবতী।
কি, কিন্তু কিভাবে এসব ঘটল?
এইটা একটা দুর্ঘটনা!
ককালমুহি, এটি একটি দুর্ঘটনা ছিল?? রাস্তায় হাঁটার সময় কি তাঁর লিঙ্গে পড়ে গেছিলিস???",Hate,Abusive,Society
meme_3809.jpg,"বৌদি, তোমার মনটা সত্যিই খুব নরম..
হারামজাদা..... ওইটা মন না..!!",Hate,Abusive,Society
meme_3810.jpg,"আমি এর আগে কখনো বিয়ে করিনি..... আমি জানিনা বাসর রাতে কি কি করতে হয়...
তোমার কিছু করতে হবে না....তুমি শুধু পা গুলো আমার কাধে তুলে দিও",Hate,Personal Offence,Society
meme_3811.jpg,"বৌদি কেমন ফিটিংস করব ব্লাউজ টা?
এমন টাইট করো যাতে পাশের বাড়ির কাকু ও আমায় দেখে হ্যান্ডেল মারে।।",Hate,Abusive,Society
meme_3812.jpg,"আচ্ছা এখন রাখছি বৌদি চেচাচ্ছে..
তোমার দাদাকে বলো আস্তে দিতে
BAKIR HOSSAIN
যাহ... দুষ্টু ...ভাত খেতে ডাকছে",Hate,Personal Offence,Society
meme_3813.jpg," এক্স এর কথা ভুলে গেছি..
কিন্তু একটার সাথে হওয়া সেক্স এর কথা বলতে পারিনি
",Hate,Abusive,Society
meme_3814.jpg,"রান্না টা ও করতে পারিস না... বিয়ের পর বরকে কি খাওয়াবি
কেন আমার মধ্যে কি খাবারের অভাব আছে...
বর আমাকে খাবে ",Hate,Personal Offence,Society
meme_3815.jpg,"সফলতার চাবি
আর পাশের বাড়ির ভাবি
শুধুমাত্র ভাগ্যবান ব্যক্তি গুলোই পায়.....!!",Hate,Personal Offence,Society
meme_3816.jpg,"ঘাউড়ামির লেভেল এমন পর্যায়ে গেছে, ঘুম ধরলেও ঘুমাই নাই, ঘুমের সাথেও ঘাউড়ামি করি",Hate,Abusive,Society
meme_3817.jpg,"বৌদি, বাসর রাতে কি কি করতে হয়?
আরে পাগল তোর কিছু করতে হবে না যা করার ওই করবে তুমি শুধু পা দুটো উঠিয়ে রাখবি",Hate,Personal Offence,Society
meme_3818.jpg,"বাবু, আজকে রাস্তায় আমার পার্স চুরি হয়ে গেছে
কিন্তু তুমি তো নিজের পার্স নিজের ব্লাউজ এর মধ্যে রাখো।।
কিন্তু আমি তো জানতাম না ওইটা চোর ছিল..!!",Hate,Personal Offence,Society
meme_3819.jpg,"তুমি তো আগে বলতে আমাকে দেখলেই তোমার ছোটভাই দাঁড়িয়ে যায়
কিন্তু এখন তো দেখছি ২ ঘণ্টা ধরে চু/ষার পরেও দাঁড়াচ্ছে না",Hate,Personal Offence,Society
